"id","name","bat_side","side","avg_batter_y_position","avg_batter_x_position","avg_foot_sep","avg_stance_angle","avg_intercept_y_vs_batter","avg_intercept_y_vs_plate"
665862,"Chisholm Jr., Jazz","L","L",20.422890015401432,23.15401024078101,30.501636970144393,1.8676450432060607,23.546592177355443,3.1237021619540104
641857,"McMahon, Ryan","L","L",21.552750220094786,31.97492144583411,45.04597500138824,3.000633749091134,26.14746321344535,4.594712993350563
676475,"Burleson, Alec","L","L",34.04358757100654,21.91417250982961,23.810900001498936,-20.079836231431372,27.626134786280247,-6.417452784726293
571448,"Arenado, Nolan","R","R",27.34993440523556,30.596942154978876,32.47024766566842,0.5304043480897839,35.13941878397828,7.789484378742718
668804,"Reynolds, Bryan","L","L",27.33757915991412,27.315750334736354,44.475052189194486,-1.8431356945829858,27.355237008858737,0.01765784894461314
687263,"Neto, Zach","R","R",24.83296698670786,22.4898607567373,34.07568155923788,-4.2640066787372275,32.05296015079142,7.21999316408356
666176,"Adell, Jo","R","R",28.00180222102662,31.155735926692376,31.407831938593997,3.221706482914253,20.8758061535222,-7.125996067504419
677951,"Witt Jr., Bobby","R","R",28.02506274297664,23.744125596541906,30.848120817943833,-12.937896987830339,29.66844886542456,1.6433861224479207
643565,"Tauchman, Mike","L","L",30.32849392243097,33.948601373895734,24.031272014000308,-1.198071933311259,24.061545801296877,-6.266948121134091
592696,"Rosario, Eddie","L","L",25.390344216565648,29.887034762560944,28.154878380365638,8.352754360347609,24.644659214574805,-0.7456850019908422
650559,"De La Cruz, Bryan","R","R",25.52303728080624,26.63199842350712,38.967108007611955,-9.375479900755689,26.39572959655386,0.8726923157476174
693304,"Gonzales, Nick","R","R",28.7501395590491,28.802543356595333,24.058351236691063,-20.511130351478762,37.02863758354136,8.278498024492261
681624,"Pages, Andy","R","R",29.591483358855566,28.352868794664914,20.546292949584043,-8.045779877214802,34.55370234823229,4.96221898937673
592192,"Canha, Mark","R","R",20.881146916357178,26.03113512076443,27.820327290693807,-9.30431963127757,21.403333754749266,0.5221868383920873
624503,"Gordon, Nick","L","L",27.660865126828877,25.37181090889108,30.093734907550793,1.6499922551442263,24.698954404294298,-2.9619107225345798
641432,"Calhoun, Willie","L","L",31.827230871887647,28.145789011749002,25.09411100238543,-22.839037145025276,30.55242539427823,-1.2748054776094158
608336,"Gallo, Joey","L","L",25.452062798810086,27.574173500150618,41.02358838761579,-18.967335061649646,37.3379099443094,11.885847145499321
681351,"O'Hoppe, Logan","R","R",26.383824214293785,26.745321874841284,34.636636088982215,5.307775876649403,39.61297292902288,13.2291487147291
656941,"Schwarber, Kyle","L","L",20.837138001246778,27.695028145946882,32.8726114395229,-1.4725570273866877,37.69065335161751,16.853515350370735
683737,"Busch, Michael","L","L",29.878039985566872,28.50476288222793,29.808322218032053,-3.031733393288078,26.88703382959689,-2.9910061559699783
623993,"Santander, Anthony","L","L",22.245953920130646,25.396307354370393,29.478012128745874,-3.8433318618452263,33.34456673626047,11.098612816129824
663611,"Madrigal, Nick","R","R",22.842432820017347,23.358968965942918,23.421849994999665,-1.0244257101481338,24.482456651023607,1.6400238310062647
664901,"Mendick, Danny","R","R",29.129221217727263,32.22353446996221,31.58621961881952,13.755034841670723,23.658194416119255,-5.471026801608005
665161,"Peña, Jeremy","R","R",27.187196764736957,28.97187866521198,25.876809095103336,-5.034643032080817,33.83061489981034,6.643418135073391
595909,"Cave, Jake","L","L",22.338560733209224,30.966547693335038,35.26465976644657,-8.756645163427766,26.591885492231754,4.253324759022528
686823,"Brennan, Will","L","L",28.23754425283506,28.07976546311529,28.02441843261077,-1.1841495797109929,24.255008476034455,-3.982535776800603
645801,"Ford, Mike","L","L",24.33883093047708,26.957520850975996,25.29928358749661,-68.47375817068448,25.474489329336524,1.1356583988594426
656305,"Chapman, Matt","R","R",27.464216950987417,30.108095170219933,24.78586895137402,-11.007891755935123,22.610928864596175,-4.853288086391239
676356,"DeLuca, Jonny","R","R",29.44626126421516,24.127650041293407,29.78521763534818,-8.169121805409334,33.26102711345032,3.814765849235157
666139,"Lowe, Josh","L","L",20.433496382506174,31.17155684157285,29.623254312037297,-3.9989772944275077,34.400378536266814,13.966882153760647
666182,"Bichette, Bo","R","R",27.57055270228673,23.143714171240795,31.625177064610856,3.4370210395703937,33.29748322414759,5.726930521860855
665804,"Amaya, Miguel","R","R",28.699727380143273,28.853769906264667,30.88449792272148,-14.030713939065262,33.134968623728774,4.435241243585501
669065,"Stowers, Kyle","L","L",28.432137404775837,28.906055056838337,33.396596904048366,-7.04999470220504,32.1248523592034,3.6927149544275615
650333,"Arraez, Luis","L","L",35.878973041486766,24.94624365648881,26.28178889163792,-23.687210523096855,31.02515668803002,-4.853816353456741
666624,"Morel, Christopher","R","R",28.428925550485996,30.35090039786255,19.59624211651231,-25.706798658864926,34.22926213686019,5.800336586374192
666969,"García, Adolis","R","R",29.61677513189661,27.22935937418415,30.119356024073152,-18.29073670578114,30.80181740556998,1.185042273673376
519203,"Rizzo, Anthony","L","L",33.309503700765326,21.457747961796983,22.98037562360324,-16.529015250069357,34.08084864601085,0.7713449452455288
680700,"Palacios, Richie","L","L",30.80491157973811,22.3654820471588,25.012240511810642,0.01311323351108895,38.91584791140527,8.11093633166716
457705,"McCutchen, Andrew","R","R",28.88131709071193,29.96953937247356,38.79024200241453,-6.2440608040834515,32.25675560733238,3.375438516620453
608070,"Ramírez, José","L","L",29.54119366864505,21.982790096412796,28.19078066278449,-9.306810488132028,33.6626552534662,4.121461584821142
668670,"Rogers, Jake","R","R",23.012665054788116,26.484886399195737,15.249094391484157,-0.7769169686912208,33.74262616324329,10.729961108455171
682928,"Abrams, CJ","L","L",27.070095911278987,30.86563505249156,27.356542142039828,5.34051989235392,33.653885642103866,6.583789730824882
542303,"Ozuna, Marcell","R","R",35.750212050349504,27.159435316349587,30.90967420560648,-26.190521481275464,29.351572998123522,-6.398639052225986
686469,"Pasquantino, Vinnie","L","L",23.063533687645585,31.99729719693191,36.24024550623453,-23.635602327573814,29.9976778026148,6.934144114969213
656582,"Joe, Connor","R","R",34.78423621054799,28.833555338674024,28.5292759865594,-33.70362994292574,33.11066204106089,-1.6735741694870965
686668,"Doyle, Brenton","R","R",23.485559315864126,28.2235592019955,42.505779024310556,3.99668220771481,21.044810991503947,-2.4407483243601744
669127,"Langeliers, Shea","R","R",25.93654752015296,27.753487610160008,34.11620668454636,-16.27963120322827,35.479846281451564,9.543298761298605
571771,"Hernández, Enrique","R","R",28.913764231592076,26.925213517764547,24.50488382382776,-12.108425183724865,33.41955337360205,4.505789142009971
453568,"Blackmon, Charlie","L","L",26.213062535351405,29.13326251583878,28.525429484360185,-1.9819537010596069,32.26867193851601,6.0556094031646
687093,"Grissom, Vaughn","R","R",29.02114377411304,28.42199871036495,33.56315896726066,-24.67657918011253,27.17311218841926,-1.8480315856937772
663624,"Mountcastle, Ryan","R","R",26.605314723978807,31.106161664964734,37.94993597605037,1.0095107282066038,30.480709133884123,3.8753944099053137
682641,"Matos, Luis","R","R",28.752962844405694,22.420949702061925,40.03896993572488,-6.851643320855018,32.59693183181472,3.8439689874090295
516782,"Marte, Starling","R","R",15.858210082790142,29.680366788557734,37.67551065900078,-1.3055815163033209,25.330198887230168,9.471988804440029
521692,"Perez, Salvador","R","R",29.531938330916976,27.034654004203784,33.71578962514344,-26.113746845730866,25.519820135645418,-4.012118195271564
670097,"Short, Zack","R","R",34.3251435307414,25.70004049292058,24.12542939009817,-19.900354737033073,33.68843642923467,-0.6367071015067113
669257,"Smith, Will","R","R",32.70459281198746,26.8429548916382,20.601858415597764,-30.2163141509433,30.67936282415271,-2.025229987834747
665487,"Tatis Jr., Fernando","R","R",25.04996819254475,29.867136365427505,31.005721308231607,-5.0462825078827676,21.656068229603093,-3.3938999629416573
665489,"Guerrero Jr., Vladimir","R","R",26.970407756631317,29.924887818186228,27.950816580045508,-2.845687991699443,35.03879027738575,8.068382520754433
622761,"Mateo, Jorge","R","R",34.47950838976723,28.453739907420168,38.580025649665366,-12.476004734661402,24.458050662078097,-10.021457727689127
647351,"Toro, Abraham","R","R",27.27395307043033,26.320524380600126,25.813847299432133,-15.8507710943273,26.760575071587702,-0.513377998842628
691026,"Winn, Masyn","R","R",30.706626731385814,23.95110509446309,12.073801436952534,-52.35739236417835,30.372820814859626,-0.3338059165261873
665833,"Cruz, Oneil","L","L",29.482171229339183,29.782304896431075,34.313359281457615,-6.348356591164359,51.150591814212184,21.668420584873008
669394,"Burger, Jake","R","R",21.747358189596085,33.74540618655635,24.311721073114672,0.916459296181094,35.91018591124877,14.162827721652684
608841,"Meneses, Joey","R","R",32.74120186971511,26.339827428995505,31.40169680078825,-10.533874179591423,30.715225107833792,-2.0259767618813185
592663,"Realmuto, J.T.","R","R",30.30775897863027,27.630302170350564,26.710353058456914,-18.669156059291048,27.92574214418559,-2.3820168344446815
665750,"Taveras, Leody","R","R",29.585023565243592,29.23738595916236,33.04429932457972,2.2698063218169886,32.5572033714501,2.9721798062065075
687597,"Beck, Jordan","R","R",20.79558178242595,32.690761647027465,27.931843789862803,-11.482025491692635,20.571171319109048,-0.22441046331690062
660271,"Ohtani, Shohei","L","L",29.598427687095004,28.5989052151645,32.70986069404105,-10.226032312196983,28.36158121689795,-1.236846470197059
621043,"Correa, Carlos","R","R",23.478056471769467,30.12845430433108,35.470566403336576,0.4676302908350186,27.42347188820566,3.945415416436195
502671,"Goldschmidt, Paul","R","R",23.042739947018394,35.21314234499419,33.854504992772505,-1.2358928396895688,14.927911623945755,-8.114828323072635
671739,"Harris II, Michael","L","L",31.887368779183305,29.832969017962522,16.751060542691597,-12.840948969226538,34.210924645542526,2.323555866359221
592885,"Yelich, Christian","L","L",30.820669104607784,29.13559031038815,33.241139574542004,0.5195413877565236,38.53193410216722,7.711264997559429
667670,"Rooker, Brent","R","R",29.430784961215103,26.432657557605594,26.529954822290954,-8.05220439135846,37.68452052513122,8.253735563916113
547180,"Harper, Bryce","L","L",23.10502410565301,29.163553841746538,34.38431449174347,-11.024543013159398,27.246226794872744,4.141202689219735
668942,"Rojas, Josh","L","L",29.223783156255724,29.47125866703274,25.537325785036305,3.932449455169627,24.39041179902185,-4.833371357233875
621566,"Olson, Matt","L","L",30.96255993278105,29.529330249630153,28.762074139731016,-10.333861009457156,34.42173237827387,3.4591724454928228
690993,"Keith, Colt","L","L",26.949431319573243,28.718721698392248,30.854410128143087,-1.831867241310802,29.515078084079338,2.5656467645060927
621028,"Newman, Kevin","R","R",27.191988683759153,28.51321075299711,43.360417318009326,-13.538640974014628,32.3820736550088,5.190084971249654
681807,"Fry, David","R","R",28.32257691780254,33.02019751733425,26.49160428983191,2.265845530016799,23.82831153692862,-4.494265380873919
664023,"Happ, Ian","L","L",29.971000021235888,28.993602999349136,29.163095678805476,-2.6201539911837837,31.38531090379481,1.4143108825589192
642731,"Estrada, Thairo","R","R",25.55557102534054,25.40997913287406,20.918519253633235,-0.11971648577335484,34.24475389528109,8.689182869940552
502054,"Pham, Tommy","R","R",29.494902722476148,27.79843785316795,36.16501787874391,-1.4827167924156877,34.70705328769961,5.212150565223455
518735,"Grandal, Yasmani","L","L",29.03318566765247,29.276485686422106,26.535524464187674,-3.5009410521341198,38.762810594374116,9.72962492672164
514888,"Altuve, Jose","R","R",9.508811152767265,30.39843532284681,28.099663282534184,-16.299622039154794,20.97592685965142,11.467115706884156
668715,"Steer, Spencer","R","R",27.527389047690992,25.195141745617967,38.74654639694109,-1.6442915777436906,26.62422362251727,-0.9031654251737187
677594,"Rodríguez, Julio","R","R",22.54028010981631,30.27383798543128,27.347162118296634,3.5429614830400133,47.75156590780237,25.211285797986058
679529,"Torkelson, Spencer","R","R",26.1094252187912,25.285554241595747,36.2454245189643,-2.9563871633637295,26.4485891022838,0.3391638834926014
671218,"Ramos, Heliot","R","R",24.636101104924634,28.75270447374454,30.83514405989736,-3.0219172684265785,27.945015427953372,3.308914323028737
642708,"Rosario, Amed","R","R",22.144485173977774,28.76323112908002,43.893841109240554,-9.529330103391782,26.327432094987593,4.182946921009813
687401,"Ortiz, Joey","R","R",29.026668425406193,31.56546751652202,30.42680000703108,-27.81664104159867,22.18857213177956,-6.838096293626639
681297,"Cowser, Colton","L","L",27.284844057981605,28.70772667281648,32.813826728642226,-1.7387366382667362,36.33559695642339,9.050752898441786
666158,"Lux, Gavin","L","L",34.290565700794,25.8186696206805,21.412285863225005,-9.202848407506686,31.366156264842907,-2.9244094359510875
592669,"Renfroe, Hunter","R","R",30.213187769248453,28.800012269161126,28.256884739223818,-25.42549910437621,39.98963058971226,9.776442820463812
670156,"Mastrobuoni, Miles","L","L",28.065913906510033,30.04645048265919,30.453801134192737,-14.227569364914045,28.579395385369136,0.5134814788591022
605141,"Betts, Mookie","R","R",28.224171330798892,26.47231481959932,22.503188568029454,-16.86061379662144,38.73849546675593,10.51432413595704
663457,"Nootbaar, Lars","L","L",31.03362016991213,26.429138860073422,21.866612733838792,-21.613633577764116,26.519903067960055,-4.513717101952074
647304,"Naylor, Josh","L","L",24.76941150915153,26.870718543424825,44.85865035926838,-2.741307451811374,23.561339367446465,-1.2080721417050668
606466,"Marte, Ketel","R","R",29.524928864066627,26.80362710911268,19.509658881563315,8.134529322295283,34.173229715074484,4.648300851007854
606115,"Arcia, Orlando","R","R",28.618449572476656,26.482170613605412,34.14312317243238,-20.691342273032532,36.0050665041168,7.386616931640138
605204,"Davis, J.D.","R","R",29.74791270558168,31.41849603632582,29.63015888282638,-8.368459970532315,19.960531901749732,-9.787380803831944
666152,"Hamilton, David","L","L",25.286161538755294,26.567551784208547,22.47861762234687,1.273765318687716,30.10511371731061,4.818952178555316
657557,"DeJong, Paul","R","R",27.69810684671826,26.187599271737355,28.263363019765386,-20.71009110610196,34.19428049805116,6.496173651332902
543807,"Springer, George","R","R",27.131039864963004,28.38656015226027,25.441217285354924,-4.986146626580174,25.85097626630236,-1.2800635986606423
672515,"Moreno, Gabriel","R","R",28.08693626020597,26.614867807466013,37.230696591154654,-11.87736545586866,27.19495214041611,-0.8919841197898606
660707,"Montero, Elehuris","R","R",32.064693268231316,21.490394168137218,37.08261670305133,-13.516791155522679,34.054308308348595,1.9896150401172745
663898,"Rodgers, Brendan","R","R",28.468240843286786,30.038171009966394,28.586797669000116,-21.869957202883313,33.01746547778052,4.549224634493733
643217,"Benintendi, Andrew","L","L",31.71507552754956,20.80001070357217,24.34561124729782,-9.290780971343455,28.296607819740814,-3.4184677078087455
678662,"Tovar, Ezequiel","R","R",24.928424767676198,24.847567187470737,39.19046180342374,1.0066899011889592,31.142466610462872,6.214041842786678
519317,"Stanton, Giancarlo","R","R",23.7658668424855,33.04621991223357,42.92903219597102,11.797218112729391,28.84045926074342,5.0745924182579145
630105,"Cronenworth, Jake","L","L",35.69545806085376,25.650852801543024,23.209851203987625,1.3786882719048408,26.712642990190247,-8.98281507066351
682617,"Luciano, Marco","R","R",30.315137394773043,28.77606495341275,30.550257558241555,-10.618115573694338,24.38002014551844,-5.935117249254599
543760,"Semien, Marcus","R","R",26.783237018053097,23.102111908616948,32.49650421602903,-0.3425082552271251,26.844379963440343,0.061142945387245407
596146,"Kepler, Max","L","L",35.0296264114865,28.463747317469995,31.32822275687099,-16.891109528568627,34.6719279199153,-0.3576984915711976
676914,"Schneider, Davis","R","R",30.478195370703602,22.343948146552265,25.201314834527214,-1.6317751670349196,35.437014788684046,4.958819417980449
668930,"Turang, Brice","L","L",26.75233590947576,26.97525179066996,40.30537556912336,1.6932716722266727,25.827484107194618,-0.9248518022811474
571745,"Haniger, Mitch","R","R",28.225451423600312,33.57999519465558,29.387672898232655,-15.422822564562678,36.40141279992269,8.175961376322375
661388,"Contreras, William","R","R",28.757651218342716,29.00791172221781,33.19366008941596,-0.3114685101603435,34.7347466710311,5.9770954526883795
455117,"Maldonado, Martín","R","R",25.210788212534393,30.697759100926113,34.9979839763087,-4.109684050270581,27.922100075133354,2.711311862598961
621512,"Nido, Tomás","R","R",27.625145423298896,32.01373535780207,39.30416193155622,-9.66797091147212,32.954944929893536,5.329799506594644
666165,"Sabol, Blake","L","L",25.26748428522214,28.39081473783017,29.335532286152063,-19.09043034032047,36.770283882701584,11.502799597479441
672279,"Siani, Michael","L","L",27.517305017109063,26.192237646569666,31.76872033583249,-13.094292654038941,33.33714763651447,5.819842619405408
573262,"Yastrzemski, Mike","L","L",27.23094681833727,23.999382985866834,23.26060046592082,-12.088441840599605,29.04745884084884,1.8165120225115665
502110,"Martinez, J.D.","R","R",30.15410117574616,32.658455761575084,26.030768709179682,-0.05932492061305222,21.904503904036105,-8.249597271710055
642715,"Adames, Willy","R","R",32.71188382891347,32.157841924858346,31.984292153369395,9.813830112813697,27.059204408970775,-5.652679419942696
694384,"Schanuel, Nolan","L","L",31.663442573272977,24.66895900756248,35.11692295369823,2.6509151933227844,29.044603346350563,-2.6188392269224083
668227,"Arozarena, Randy","R","R",17.11871175488377,25.283705004493235,18.367863028870648,-0.13431162259452456,27.025097287323714,9.906385532439943
668709,"Bleday, JJ","L","L",24.968286105009327,31.332573278060625,35.45705744270393,-28.24686109556398,31.493522835492485,6.525236730483163
606192,"Hernández, Teoscar","R","R",32.38383818262077,30.439349011317447,26.844724580742234,-1.4865920912662374,33.822967079981545,1.4391288973607699
683011,"Volpe, Anthony","R","R",29.18709801961617,29.028793622185244,25.005131189335494,3.533180889145814,27.801326230265236,-1.385771789350934
673237,"Diaz, Yainer","R","R",30.693724406870494,28.459355442536943,29.26501300158968,-4.311275360724577,34.1771117817568,3.483387374886293
642133,"Tellez, Rowdy","L","L",31.202096350420387,30.152359110867813,28.29834502821419,-2.8124575840684467,37.08566509180677,5.88356874138638
663656,"Tucker, Kyle","L","L",30.650385202180537,29.48212926811788,36.962773431291346,-0.9711210021035043,30.19435317997214,-0.4560320222084018
701538,"Merrill, Jackson","L","L",27.834991070336333,27.93565936838474,26.58282495132254,-0.9628228304563649,20.60873842870778,-7.22625264162855
664238,"Moore, Dylan","R","R",25.42017157979679,27.233430223480568,35.46125386892565,3.215495345413092,30.60238366553164,5.182212085734849
592206,"Castellanos, Nick","R","R",28.156116620635483,28.607102586825444,29.32330288954268,-12.248125506468543,26.5642570291008,-1.5918595915346807
677347,"Paris, Kyren","R","R",31.867350779996702,26.497944056944224,22.287124099231885,-4.0793965149932685,21.60281213345176,-10.264538646544946
695391,"Harris, Brett","R","R",23.81186673426978,23.67078406218139,35.537782218333035,-5.155244345836403,30.079010946235112,6.267144211965331
657077,"Verdugo, Alex","L","L",31.55768460834833,22.69759961025216,21.919628353838295,-36.65614896292198,37.16483013897993,5.607145530631593
669004,"Melendez, MJ","L","L",27.6393323591161,27.4490496946055,27.791628556006643,-31.507206741590128,29.491816438554455,1.8524840794383572
668901,"Vientos, Mark","R","R",26.609870435194633,28.21451233627361,22.738608121773407,-23.852304894250963,37.99373569561956,11.383865260424928
672761,"Pérez, Wenceel","L","L",19.442259939821078,23.20415020990383,36.000301428303736,2.274663614549386,22.073801786858642,2.631541847037568
608369,"Seager, Corey","L","L",28.68764332036421,28.00278367162119,27.577286210927138,-5.5227752488923585,41.03024767825267,12.342604357888462
666181,"Benson, Will","L","L",25.605272794356672,30.98985578243494,32.071271331910395,8.987769667265383,19.545382996068746,-6.05988979828793
607680,"Pillar, Kevin","R","R",28.7590033530341,27.906042591342143,24.631544823216256,-6.024912240661901,41.75490193676477,12.995898583730659
607732,"Stallings, Jacob","R","R",25.603001782765418,28.54656218215036,27.186149511876344,-15.704265331763544,28.086366117596828,2.483364334831415
671289,"Freeman, Tyler","R","R",30.56027718214197,28.141926792680557,27.024609555098596,-18.091693212497194,30.755907160588404,0.1956299784464367
467793,"Santana, Carlos","L","L",28.074495423986193,25.26318267730105,23.11504883432679,-22.63002571194067,34.882602357376605,6.808106933390414
680977,"Donovan, Brendan","L","L",28.455728188573662,28.85873367870197,38.499226348035286,-14.694636399754751,25.813297143695905,-2.642431044877755
681481,"Carpenter, Kerry","L","L",33.586931738180965,29.56904594466741,22.131198054043097,-9.323777049202418,19.905965515186715,-13.680966222994256
672580,"Garcia, Maikel","R","R",30.790922611277665,25.657691531663495,31.29364479434624,5.509119073640307,32.86545499635795,2.0745323850802824
686681,"Massey, Michael","L","L",25.269030707403672,28.25234853872512,34.10029418929981,-5.330742371591771,36.7830282894323,11.513997582028635
664774,"Wade Jr., LaMonte","L","L",28.193120947409703,23.650798572642174,16.78019879488936,-0.4706113291249583,37.250442367289686,9.057321419879981
664034,"France, Ty","R","R",31.06693164533096,26.268324016423925,29.209349898996113,-31.64831642301628,24.846431647880195,-6.220499997450769
669707,"Triolo, Jared","R","R",25.78730753696781,31.480200380356802,32.43403799384183,2.027668454521444,34.483332025428794,8.696024488460989
518692,"Freeman, Freddie","L","L",29.458347806210373,29.924020409524328,33.77293949149327,-1.2688356530559672,34.89352991881446,5.435182112604082
683734,"Vaughn, Andrew","R","R",30.15535997897683,29.890158133622247,27.888217838136764,-2.676630419820918,32.57352041862153,2.4181604396446965
624413,"Alonso, Pete","R","R",24.03008626164468,28.763035533196494,34.883114927354974,-1.3176511707161214,41.4814037585938,17.45131749694912
663837,"Vierling, Matt","R","R",35.00181752305228,28.196594205821864,28.29475522899838,-11.574258174167667,27.375217192918907,-7.626600330133377
592518,"Machado, Manny","R","R",23.72840379579635,30.87775313677681,29.445348833990188,-38.398266833874224,28.8072331143319,5.078829318535547
680869,"Gelof, Zack","R","R",22.178766788091952,29.6196327052024,43.23684700229978,-3.760745262509498,17.798262579127357,-4.380504208964597
676369,"Velázquez, Nelson","R","R",30.776889524354175,27.56896609352445,31.045924660975146,-12.770811677997537,31.568380526645132,0.7914910022909589
650402,"Torres, Gleyber","R","R",32.99297880024615,27.398936324724836,26.721426188639747,-36.40429623023729,30.891801483006333,-2.101177317239819
621545,"Remillard, Zach","R","R",28.546683411804416,26.113682246285087,36.57092373145436,-4.007448403298631,20.388940509677266,-8.157742902127147
643376,"Jansen, Danny","R","R",24.102056073619178,28.895005183768113,38.70896600908038,-7.319567695564061,37.665915664064904,13.563859590445723
641355,"Bellinger, Cody","L","L",31.338835272837493,27.92430945524717,19.71455430019154,-30.474266442522406,28.025794256956743,-3.313041015880752
605137,"Bell, Josh","L","L",27.969792278675243,29.62121634424184,31.653886417833114,-10.72982748159663,15.842947811263883,-12.126844467411363
665926,"Giménez, Andrés","L","L",24.875205997087136,28.019080324181765,37.86165518900227,-3.8426702534686528,27.19495649443289,2.3197504973457557
595879,"Báez, Javier","R","R",30.966961908727782,28.744167750538992,30.06849631592754,-35.97923334120046,22.289763336813447,-8.677198571914337
650490,"Díaz, Yandy","R","R",27.848226722594458,27.540660636139314,29.725233829418016,-27.524283847840117,25.8581666065747,-1.9900601160197564
691718,"Crow-Armstrong, Pete","L","L",24.161989557628132,29.643156431061513,29.084845137922066,-4.452046060134394,30.858500078725545,6.696510521097414
664761,"Bohm, Alec","R","R",25.18990020212022,30.073131700703534,39.06569413429688,-7.560691684349378,28.908461514477317,3.7185613123570938
553993,"Suárez, Eugenio","R","R",27.607220203685458,24.403874642083007,30.136719004441687,-11.91251216923228,30.456252825049248,2.8490326213637864
645302,"Robles, Victor","R","R",23.28331656100012,32.429742763485265,38.458867096151025,2.5971050753099534,22.76827597080859,-0.5150405901915307
665742,"Soto, Juan","L","L",26.78659842185306,28.742980085790542,40.41334990155431,-15.252015859173959,25.699094236624514,-1.0875041852285454
663743,"Fortes, Nick","R","R",31.0610937266101,28.978658249089516,26.87906304377432,-18.730866567949974,25.617298843231772,-5.443794883378323
595777,"Profar, Jurickson","R","R",26.751566004866635,27.088658796494492,20.244204212198706,-40.11641421652882,38.30632953769611,11.554763532829472
518595,"d'Arnaud, Travis","R","R",30.45088875567796,29.764811207167277,26.65218506725768,-14.434354426868097,29.56327074088157,-0.8876180147963906
641343,"Bauers, Jake","L","L",32.33944709127009,26.29527136416355,30.028851488740447,-4.987669867305691,28.82399466619474,-3.5154524250753476
671056,"Herrera, Iván","R","R",32.88148535579983,31.50656113036385,33.38945864780306,-34.93250799612369,25.288575367015536,-7.592909988784296
667452,"Julks, Corey","R","R",31.673746819173115,30.690569231660785,27.2201340772582,-20.24925055952326,34.700479224919505,3.0267324057463916
666971,"Gurriel Jr., Lourdes","R","R",28.85992295402532,26.05519960865651,25.535660205548886,-11.799871170150862,22.439252911693202,-6.420670042332113
682998,"Carroll, Corbin","L","L",28.657874316270984,29.73562481560844,29.372963193033286,-4.927396370503051,32.08441892971216,3.426544613441181
660821,"Sánchez, Jesús","L","L",28.096209184273924,29.5448706234799,31.193072553435584,-13.453343291860117,27.38474265552491,-0.7114665287490105
669357,"Gorman, Nolan","L","L",32.64227758457995,25.73685480872883,25.245568022860436,-25.934637071841202,26.936550594270447,-5.705726990309506
596019,"Lindor, Francisco","R","R",27.70273758819354,24.45146844314909,27.256884405326467,-6.29698686683399,32.98122884989091,5.27849126169737
572138,"Singleton, Jon","L","L",30.903560694627895,31.190484286568363,40.99979982124634,-0.5690180023463408,37.70735511147387,6.803794416845985
676694,"Meyers, Jake","R","R",27.807517406708342,32.24181885110083,31.444885498936127,-3.978081322450713,37.7826331341333,9.975115727424956
669016,"Marsh, Brandon","L","L",27.31490250291887,28.97481097336003,40.017612055887334,-8.384442071732945,31.09854806363742,3.783645560718552
608701,"Refsnyder, Rob","R","R",33.666578868935225,29.686942348539453,27.11319542325623,-2.767971375361282,27.269037925306336,-6.397540943628893
666163,"Rortvedt, Ben","L","L",27.449867044224927,29.307461443716235,27.256952268037075,-15.62318514033484,24.41845051613621,-3.031416528088715
683002,"Henderson, Gunnar","L","L",26.684771808716516,26.162673844435098,33.37091269207153,-1.5936625396005257,30.711457233779125,4.026685425062611
650391,"Jiménez, Eloy","R","R",16.15828688739523,32.387784581282325,36.39562643589048,-35.11365519136492,24.270933027097048,8.112646139701818
657136,"Wong, Connor","R","R",27.45644507420306,28.524680698479408,29.572912641729744,-12.65586512572218,27.573343816086574,0.11689874188351901
672640,"Lopez, Otto","R","R",26.818494095537243,28.23733051452717,32.403825272245264,-9.809569198654515,20.87392934249462,-5.944564753042622
663993,"Lowe, Nathaniel","L","L",26.785406795199023,28.61487763654847,29.897597166012776,-24.363938694567366,39.90702010219717,13.121613306998151
664056,"Bader, Harrison","R","R",26.381174687158637,28.49914530408664,31.43606364196198,-17.53814394812339,33.35566713791886,6.974492450760221
641598,"Garver, Mitch","R","R",27.646529755820463,27.299530741760627,31.640470466227885,-10.5296234508465,38.165376756617775,10.518847000797315
666310,"Naylor, Bo","L","L",29.359079814444637,26.98121843678967,29.393777349869154,-46.173515031931885,26.24284809492247,-3.1162317195221667
663697,"India, Jonathan","R","R",27.783013242147103,26.194500544751786,30.22443322314137,-3.6952338923935915,29.177017209144818,1.3940039669977131
669261,"Suwinski, Jack","L","L",32.252380675829365,26.523337060605417,29.317314155912975,-10.70965594991132,28.33127036923438,-3.921110306594985
663886,"Stephenson, Tyler","R","R",26.069480073199585,30.740023718341096,34.437170320246736,4.623378005590577,32.80813373039038,6.738653657190799
643265,"Cooper, Garrett","R","R",34.243655423202966,33.23683224890144,29.363530864518562,-21.098908734579066,31.082869350383543,-3.1607860728194286
680474,"Schuemann, Max","R","R",29.260488043212185,29.440608000076935,29.29455466291739,3.083351517439446,23.847456947379257,-5.413031095832933
660644,"Bruján, Vidal","L","L",26.742492378490336,28.428950597493355,27.061788130965667,-27.061764641365002,22.705872663288552,-4.036619715201785
641933,"O'Neill, Tyler","R","R",23.118688515264594,24.26610650965715,32.43155638931416,-3.204163505369711,25.457647998839995,2.3389594835754024
545121,"Vargas, Ildemaro","L","L",12.235713618575538,25.41065571544805,36.76997432986617,-5.458945071413623,23.09888020608487,10.863166587509332
686527,"Canzone, Dominic","L","L",35.955909465792324,29.299241798774222,22.762476567693408,-38.30757531443382,34.13073715560182,-1.8251723101905053
518792,"Heyward, Jason","L","L",29.45286896559612,35.30402461425145,33.06152674589646,-11.354746601354249,27.27208250592529,-2.1807864596708324
641584,"Fraley, Jake","L","L",27.74012770967425,26.002457392773472,29.199944815461844,-11.915044945444198,39.7111058460615,11.970978136387245
672356,"Arias, Gabriel","R","R",31.152361672263744,31.77567215649766,30.95738132915649,-4.430513140217382,23.693968228133894,-7.45839344412985
680777,"Jeffers, Ryan","R","R",26.78762125814238,26.72308173665079,36.50373997858652,-6.362950219405912,29.136783009707145,2.349161751564762
621493,"Ward, Taylor","R","R",30.534986347908614,29.941902475758667,17.63719099531355,-41.482220868016945,38.92887502682929,8.393888678920671
545341,"Grichuk, Randal","R","R",25.126902364071178,28.573726487566315,36.36936399842196,-19.72437689144781,33.99654392406229,8.869641559991107
593428,"Bogaerts, Xander","R","R",14.870163967717769,31.094529020453724,29.978047072481864,-6.740135451400739,31.193767146882276,16.323603179164508
670042,"Raley, Luke","L","L",30.27298938771891,26.730170253652542,24.548396229139627,-14.30989168208045,36.98512393066156,6.71213454294265
608385,"Winker, Jesse","L","L",25.028006098387966,24.85790319189006,27.68172151904222,-9.388635314197812,32.55927664038916,7.531270542001191
673490,"Kim, Ha-Seong","R","R",32.20403910932166,25.950020436764913,15.72512351695911,-25.73652525412861,34.48837908525246,2.2843399759307936
608324,"Bregman, Alex","R","R",28.862665869443745,24.951970397543292,31.10846369741203,1.4132994157237604,39.012304389505346,10.149638520061599
656811,"O'Hearn, Ryan","L","L",27.562618965273575,29.788908569839,28.278120902516093,-1.3909269302089011,26.21187883089119,-1.3507401343823862
621438,"Taylor, Tyrone","R","R",27.497403485282675,28.201131644519403,31.430359347498023,-17.316715256123764,29.05778518096854,1.560381695685865
645277,"Albies, Ozzie","L","L",36.18256794879736,23.246461792358364,38.90560624197301,-31.67836554574167,34.23178399934062,-1.950783949456735
672284,"Kelenic, Jarred","L","L",30.498289507298974,27.730296045251198,34.619689195965094,-6.347364404746943,31.791831335746707,1.293541828447733
666018,"Aranda, Jonathan","L","L",27.564802411519018,32.090137536808825,28.633935025403993,-24.886541338261882,26.448870115747198,-1.1159322957718216
682985,"Greene, Riley","L","L",24.881929742224507,25.349528911057867,24.355265424217105,-11.25028366572514,34.66509894631536,9.783169204090855
657656,"Laureano, Ramón","R","R",21.716504780317823,30.937463902330087,29.716428897310447,-0.2190005240056025,26.98127648288187,5.264771702564049
669304,"Miranda, Jose F","R","R",29.452125125646845,30.94736385719123,31.545371396363002,6.264758622736178,46.43406430497126,16.981939179324414
677649,"Duran, Ezequiel","R","R",30.128647041342752,25.27665699252166,26.6524149963548,-17.668701960856673,35.56307352797479,5.434426486632031
669224,"Wells, Austin","L","L",32.08674417709762,26.04755197399715,29.029382428279536,-10.198940657038632,29.38854666587353,-2.6981975112240923
650489,"Castro, Willi","L","L",30.55295854121796,21.49234501586323,29.78113837852714,-3.7573956984870542,41.76027828815967,11.207319746941707
592450,"Judge, Aaron","R","R",30.09584997152849,34.269651923393006,30.540582685604516,-6.662032384156726,31.859922377581007,1.7640724060525166
624641,"Sosa, Edmundo","R","R",28.436149299985697,24.400261070005975,33.77904607854019,-5.300106284061447,24.13338600355833,-4.3027632964273685
543309,"Higashioka, Kyle","R","R",31.530686106250233,24.20325188858248,28.07719873537141,-3.3158201036964083,22.765374488856246,-8.765311617393984
646240,"Devers, Rafael","L","L",19.861421492471425,28.226996154456053,31.652183791542246,-65.87616357154945,25.585337224767063,5.723915732295632
572233,"Walker, Christian","R","R",27.777804785074828,29.661653405989366,26.09412776439001,-14.369787470194634,32.40035369131684,4.622548906242008
666135,"Kirilloff, Alex","L","L",28.903989562374097,25.775267013591783,36.461268262260695,-12.508328544286043,35.31271682098625,6.408727258612155
624585,"Soler, Jorge","R","R",27.03222147262705,30.192677429328693,37.70543855077811,-17.581154434591483,29.163442106119852,2.131220633492803
662139,"Varsho, Daulton","L","L",29.987424809938567,25.76667142687347,31.181982019610555,-20.78702417808489,35.128164385369736,5.14073957543117
682829,"De La Cruz, Elly","R","R",29.349674991135444,26.821433455007885,27.84935238308085,-9.091227219576734,26.359849775717695,-2.9898252154177474
686217,"Frelick, Sal","L","L",28.255047449836734,28.952359515275152,31.679146718153017,-5.189981174827618,25.68569622655193,-2.569351223284805
649966,"Urías, Luis","R","R",29.066459126541204,25.98062560175695,32.185704359485854,-13.34378909036047,42.10004923748795,13.033590110946754
664728,"Isbel, Kyle","L","L",26.975881088152242,26.59519948525764,23.860253966404684,-3.9137203954942614,37.94140205359112,10.965520965438868
660644,"Bruján, Vidal","R","R",23.27996215025808,25.726063087543686,31.194448649089423,-5.562036321118622,28.137110144404915,4.857147994146841
660670,"Acuña Jr., Ronald","R","R",31.105891825655984,28.972802910803544,34.22403612759803,-16.444402070711448,32.27281941967713,1.1669275940211428
668939,"Rutschman, Adley","L","L",30.085129700009354,26.578949672112923,37.440930759728246,-24.410326016466033,23.23077720143543,-6.854352498573926
666397,"Julien, Edouard","L","L",28.305997526057162,26.663841913146133,33.969290288226205,-4.864695687560797,28.314563502679697,0.008565976622535665
676059,"Westburg, Jordan","R","R",24.41786588211809,29.671441303506715,29.811425221063732,-10.758521206778894,35.702925185558485,11.285059303440395
596142,"Sánchez, Gary","R","R",31.921859907628257,27.087145093102638,15.21093793858593,-33.04089659244398,33.11960988034744,1.1977499727191874
650859,"Rengifo, Luis","R","R",14.164972120734548,27.793619629002322,37.48883202162177,-17.16335264718349,43.65608826616476,29.49111614543021
656413,"Fairchild, Stuart","R","R",29.10840202560186,24.84855265787775,22.55743465077972,-1.9826608010276239,23.524372879229425,-5.584029146372433
605170,"Caratini, Victor","R","R",31.359071866836704,25.47780079270443,27.213757599896407,-22.4843737549724,33.75487129995615,2.3957994331194463
457759,"Turner, Justin","R","R",29.80202769785121,21.080403489616824,17.393214494446344,-28.194805847146647,42.7136233673111,12.911595669459892
660688,"Ruiz, Keibert","L","L",32.068212210351014,23.880712465719668,30.208478604097294,-36.443778361418545,36.849132639550504,4.780920429199488
665828,"Cabrera, Oswaldo","R","R",26.296760613207503,24.305967777113352,38.20386253819887,-4.747880860675965,24.198916189267635,-2.097844423939868
594807,"Duvall, Adam","R","R",27.318949563297217,29.27601638592116,30.569876058576625,-5.881649028189241,33.94384938127159,6.624899817974368
663728,"Raleigh, Cal","L","L",28.484892730703354,24.76727270472998,21.708509398622354,-4.6056172415583365,46.76984577081727,18.284953040113916
669701,"Smith, Josh","L","L",33.72050498908355,29.908179905761557,17.322497583983065,-34.05475303565001,40.3573257565091,6.636820767425542
642086,"Smith, Dominic","L","L",30.453432468410224,26.983906423189314,34.51822672616275,-8.154914685100373,33.64881089864277,3.1953784302325445
650859,"Rengifo, Luis","L","L",18.06329934841264,27.0763774699135,30.759414074384367,-14.748837570757509,29.952161991492943,11.888862643080301
680776,"Duran, Jarren","L","L",28.10255500075923,31.926854540068895,15.7810025027621,1.6520332800599264,24.90503238147221,-3.1975226192870227
596129,"Vogelbach, Daniel","L","L",27.368698037362748,29.51104633995483,25.61151472951287,-28.178454313449052,32.799861380563826,5.431163343201076
663728,"Raleigh, Cal","R","R",26.74085700586904,26.15214455871651,29.796464203033995,-2.070525309077807,40.316708753636085,13.575851747767048
605170,"Caratini, Victor","L","L",34.718538390637725,24.70722545471122,23.49198446179151,-26.265718312555023,26.860907005942522,-7.8576313846952015
676391,"Clement, Ernie","R","R",22.234319383504975,24.625534355141337,32.635133089830575,0.9092211770241371,30.26974655325559,8.035427169750612
641680,"Heim, Jonah","R","R",29.502737073649964,31.306052806451834,21.141249808744874,-12.322872356786835,28.77309419561123,-0.7296428780387365
694388,"Loperfido, Joey","L","L",25.822239759369157,29.746476257733672,34.559466833685875,-0.44005505984782395,23.769018199219587,-2.053221560149571
600869,"Candelario, Jeimer","L","L",27.862648865606683,26.02691566883141,34.70906582736443,-8.6071766064427,29.277387861313834,1.4147389957071481
644433,"Tromp, Chadwick","R","R",32.00432133743043,27.155882466604524,31.757410018779773,-17.760191575823512,39.43061644857529,7.426295111144864
663616,"Larnach, Trevor","L","L",29.937465718677903,24.92732248922753,33.95768437387017,1.1981897514512614,35.33428380177991,5.3968180831020085
656716,"McKinstry, Zach","L","L",28.590894587139704,22.22264260075293,30.174370395545242,-5.629785045220144,36.887715864286136,8.296821277146439
681082,"Stott, Bryson","L","L",27.207807640295474,26.89445539980636,43.53418596685318,-7.685627547045662,32.54042874902635,5.332621108730873
669222,"Senzel, Nick","R","R",28.423548624468022,29.537031822248327,24.190363884027168,4.655389226705143,19.714780411385536,-8.708768213082486
677800,"Abreu, Wilyer","L","L",30.900503936268958,27.131351627232366,27.840498785633443,-24.251292628421368,28.997469382861606,-1.9030345534073527
643446,"McNeil, Jeff","L","L",28.799561019505685,28.63290166336384,37.72569615439492,-0.2884047496038986,26.163702771059544,-2.6358582484461435
679032,"Rojas, Johan","R","R",26.87431301278202,25.45842450525067,35.507927161269436,-0.7834736629604881,13.720388484140827,-13.153924528641191
595777,"Profar, Jurickson","L","L",33.95617257876021,25.191819440130786,24.30087683664538,-27.8571120349746,35.91989081548059,1.9637182367203856
605137,"Bell, Josh","R","R",29.812587819268874,26.55628614147436,32.42813720432101,-16.429797543204163,15.600125774356513,-14.212462044912359
628451,"Ibáñez, Andy","R","R",27.85358829336018,24.325394719577478,35.904442803725,3.8065378233454115,31.85775719372416,4.0041689003639815
669289,"Espinal, Santiago","R","R",33.189412014968376,25.60021200695964,25.012735980280215,3.108489954684966,26.214070846423247,-6.975341168545125
621466,"Stewart, DJ","L","L",27.129985732003004,29.95302638916989,35.716784811048356,-8.509240493795353,30.120637476371108,2.9906517443680993
663527,"Nevin, Tyler","R","R",23.336664139936744,28.455431365570718,33.36534167256923,-7.88764099862108,34.9386176593903,11.601953519453563
668939,"Rutschman, Adley","R","R",28.48347810163074,26.29802158222336,39.88989674777501,-13.835192545718193,6.733848608748824,-21.749629492881915
663368,"Perkins, Blake","L","L",26.920061935079893,29.765071266153075,42.28279135837229,1.9997751096709466,24.38629695167437,-2.5337649834055176
683146,"Baty, Brett","L","L",25.860727295251827,27.815487344066117,36.258229263089916,-4.493180347185478,17.62970343999011,-8.231023855261718
622534,"Margot, Manuel","R","R",22.551156377446198,28.817027449930155,25.359324295513694,-15.049660328593768,34.841507302681734,12.290350925235531
543257,"Grossman, Robbie","R","R",24.63926761893866,28.068673110420775,34.18138506124059,0.8300177317052535,38.31821265053814,13.678945031599483
694192,"Chourio, Jackson","R","R",22.028924088136307,26.492072547837502,37.655628621495616,-4.357113719040214,25.734415011717616,3.7054909235813014
663368,"Perkins, Blake","R","R",27.034142867646246,32.97469068138277,36.75407236888406,2.402791025093634,41.27412227533601,14.239979407689763
665828,"Cabrera, Oswaldo","L","L",28.42415047941642,23.3967051215781,33.6280585629672,-15.5149909888449,30.367894203747824,1.9437437243314069
600869,"Candelario, Jeimer","R","R",24.97495134821721,26.03721907377035,33.71365263032391,-8.718166477305292,29.802222821959333,4.827271473742121
682829,"De La Cruz, Elly","L","L",28.413290963825066,27.029496992589287,30.525776569974433,-11.595287020686696,35.92533747059751,7.512046506772446
641680,"Heim, Jonah","L","L",30.664873306929394,30.468568697896725,18.835168321842175,-18.434983132119967,31.338945752691224,0.6740724457618317
669720,"Hays, Austin","R","R",13.495815383442348,29.548942523116317,26.710253779250866,3.1185702635140897,16.407412548148095,2.9115971647057446
670623,"Paredes, Isaac","R","R",31.967131803520857,24.10724916447861,26.524350289926524,-40.182580324301114,47.83005439243448,15.862922588913616
680911,"Miller, Owen","R","R",29.102031098148565,32.150646157376045,27.89718866574055,-0.1548637710534475,38.16184935646023,9.059818258311669
571657,"Farmer, Kyle","R","R",25.367279908860304,26.636054738585408,23.901876893923472,-24.354688068539055,39.23682222173089,13.869542312870593
664983,"McCarthy, Jake","L","L",31.56539604370705,31.90459873611274,23.626896597746608,-19.981093280416147,30.303318636230507,-1.2620774074765437
643289,"Dubón, Mauricio","R","R",27.699381918139466,31.069891862771325,31.77196617662234,-33.73235520383357,26.475720154634338,-1.2236617635051266
643396,"Kiner-Falefa, Isiah","R","R",28.936102378159283,26.073878421084988,23.944999638469604,-9.780964792711067,31.64709855249582,2.710996174336537
672761,"Pérez, Wenceel","R","R",26.259114158185092,23.509440812266078,33.71256478670634,-5.949949993438438,31.41445022847912,5.1553360702940285
570482,"Urshela, Gio","R","R",30.42817197416028,25.695355109995184,30.06221246947736,-27.570531893065883,23.28277246960473,-7.145399504555549
624431,"Trevino, Jose","R","R",17.927744008588068,32.37996152623366,21.43020691267352,-1.5465974649846603,25.0178163632822,7.090072354694136
596019,"Lindor, Francisco","L","L",24.225466612703286,27.49401263505151,27.3468057659391,0.5380435491098483,32.05992012415933,7.834453511456047
647351,"Toro, Abraham","L","L",24.905016656272846,26.472647565062353,24.172350651105493,-15.39332362263091,30.68464705544879,5.779630399175943
518735,"Grandal, Yasmani","R","R",24.991531114883678,31.775773348900174,33.161647944575975,-4.185622202756718,40.9971408625215,16.00560974763782
608671,"Jankowski, Travis","L","L",29.578729640105923,28.12230310617941,27.65760260326264,0.024859326587037447,27.283170325638014,-2.2955593144679067
624415,"Biggio, Cavan","L","L",26.141634371191792,24.582458059577434,30.40400964346643,-6.884355799731441,24.59876080863134,-1.5428735625604535
657757,"Sheets, Gavin","L","L",33.23843868330671,27.373192875470167,30.395900536750016,-37.301035204822604,22.555675472235563,-10.682763211071153