bsy,default,per_pitcher,adjust_value
457705R2025,0.15745947,0.18433133,0.02687186
502054R2025,0.19733247,0.19673567,-0.0005968064
502671R2025,0.23457871,0.21537825,-0.01920046
514888R2025,0.12023813,0.15082161,0.030583479
521692R2025,0.1793593,0.181149,0.001789704
527038R2025,0.1788099,0.20108452,0.022274628
543760R2025,0.20811956,0.19152702,-0.016592532
543807R2025,0.17727812,0.1969733,0.019695178
545361R2025,0.25015002,0.23805949,-0.012090534
547180L2025,0.15896918,0.13713172,-0.021837458
553993R2025,0.2259345,0.21454923,-0.011385277
571448R2025,0.14823368,0.18062519,0.032391503
571970L2025,0.1736371,0.15587525,-0.017761856
575929R2025,0.22361489,0.21668302,-0.006931871
592206R2025,0.16950142,0.1787656,0.009264171
592518R2025,0.17792581,0.17008258,-0.007843226
592663R2025,0.17712767,0.19237544,0.015247762
593428R2025,0.15880114,0.18630886,0.027507722
593871L2025,0.20274593,0.1784574,-0.024288535
595879R2025,0.15058377,0.17005637,0.019472599
596115R2025,0.1515571,0.16131765,0.009760544
596146L2025,0.17766169,0.16862166,-0.009040028
605137L2025,0.17418619,0.17222401,-0.00196217
605141R2025,0.14805758,0.1649325,0.016874924
608324R2025,0.14165556,0.16620082,0.024545252
608348R2025,0.20355633,0.20064273,-0.0029135942
621493R2025,0.23324248,0.23567377,0.0024312884
621566L2025,0.18774584,0.17770405,-0.010041788
624424L2025,0.15537114,0.14751443,-0.007856712
624428L2025,0.15995902,0.16833629,0.008377269
641487L2025,0.24123603,0.21921234,-0.022023693
643446L2025,0.16552147,0.16307198,-0.0024494976
643565L2025,0.21300194,0.19114509,-0.021856844
645277L2025,0.172086,0.16376765,-0.00831835
647304L2025,0.14660402,0.14059685,-0.0060071647
650402R2025,0.14963412,0.19838168,0.048747554
656305R2025,0.20318772,0.21372482,0.010537103
656775L2025,0.18056086,0.16698174,-0.013579115
656811L2025,0.16268152,0.14643896,-0.016242564
656941L2025,0.1516637,0.14968036,-0.0019833446
660821L2025,0.19243953,0.16681845,-0.025621071
663647R2025,0.18233657,0.18621233,0.0038757622
663656L2025,0.1830734,0.15633966,-0.026733741
663697R2025,0.17017896,0.19278425,0.022605285
663993L2025,0.21155289,0.18857329,-0.022979602
664034R2025,0.15309499,0.18579927,0.03270428
664040L2025,0.16316433,0.14450046,-0.018663868
665019L2025,0.16812943,0.15364344,-0.014485985
665489R2025,0.14730789,0.12946993,-0.017837957
665742L2025,0.1942833,0.17196909,-0.02231422
665833L2025,0.16909212,0.16751757,-0.0015745461
666134L2025,0.17012878,0.19226635,0.022137567
666158L2025,0.16796361,0.15899026,-0.008973345
666971R2025,0.2144659,0.19699281,-0.017473087
668227R2025,0.19572435,0.21493676,0.01921241
668715R2025,0.17992339,0.19033867,0.010415286
668901R2025,0.17534235,0.17533353,-8.821487e-06
668904R2025,0.16870284,0.16068102,-0.008021817
668930L2025,0.17405099,0.17848569,0.004434705
669016L2025,0.15081564,0.14393364,-0.006881997
669065L2025,0.23189706,0.21253751,-0.019359544
669257R2025,0.14563929,0.18859254,0.042953253
669357L2025,0.21269861,0.19392517,-0.018773437
669397R2025,0.22849452,0.21710089,-0.011393636
669720R2025,0.13327318,0.1627168,0.029443622
670242L2025,0.23500398,0.21548714,-0.01951684
671056R2025,0.17846926,0.20252514,0.024055883
671218R2025,0.1631475,0.16172951,-0.0014179796
671277L2025,0.16408837,0.14746243,-0.01662594
671732L2025,0.18854836,0.16549931,-0.023049042
671739L2025,0.13083918,0.14205733,0.0112181455
672386R2025,0.20024234,0.1842963,-0.015946046
672580R2025,0.21310094,0.21743146,0.004330516
672640R2025,0.16732131,0.17542104,0.008099735
673357R2025,0.19140576,0.20318863,0.01178287
673548R2025,0.20938373,0.19278388,-0.016599849
673962R2025,0.1669764,0.16162157,-0.0053548366
676391R2025,0.16398169,0.16843492,0.004453227
676475L2025,0.16322693,0.16165867,-0.0015682578
676572R2025,0.1307857,0.1369772,0.006191492
677800L2025,0.14253242,0.14263043,9.800494e-05
677950L2025,0.13799788,0.13932036,0.001322478
678246R2025,0.19253312,0.21433794,0.021804824
680574R2025,0.13572398,0.17046389,0.03473991
680718L2025,0.22452661,0.20197314,-0.022553474
680757L2025,0.16947877,0.16627553,-0.003203243
680776L2025,0.12749425,0.13001376,0.0025195181
680777R2025,0.1776128,0.18064575,0.0030329525
681082L2025,0.17372555,0.17304437,-0.0006811768
681481L2025,0.2028424,0.1699316,-0.032910794
682663R2025,0.18359415,0.18425302,0.00065886974
682829L2025,0.16682479,0.1613296,-0.0054951906
682928L2025,0.21438031,0.18945174,-0.02492857
682985L2025,0.17178717,0.16311984,-0.008667335
683011R2025,0.21906567,0.20175551,-0.017310157
683734R2025,0.19384705,0.18320712,-0.010639921
683737L2025,0.15986192,0.15414268,-0.0057192445
686217L2025,0.19713095,0.18049939,-0.016631559
686469L2025,0.18462816,0.16104443,-0.023583725
686668R2025,0.16488299,0.15927319,-0.0056097955
686948L2025,0.14916256,0.1507057,0.0015431345
687363L2025,0.22419843,0.19430208,-0.029896349
687401R2025,0.16027017,0.17954475,0.019274577
687462L2025,0.17761369,0.1839908,0.006377116
687597R2025,0.22606951,0.21430582,-0.011763692
689414L2025,0.14625901,0.15372995,0.0074709356
690993L2025,0.16030031,0.1469696,-0.013330713
691016L2025,0.14325054,0.1457533,0.0025027543
691023R2025,0.2529882,0.23629504,-0.016693145
691406R2025,0.19501455,0.17952588,-0.015488669
691718L2025,0.18031304,0.15872064,-0.021592394
694192R2025,0.14650014,0.14844283,0.0019426942
695578L2025,0.2069839,0.18965873,-0.017325163
696100R2025,0.17264022,0.17625973,0.003619507
700932L2025,0.22200571,0.1878252,-0.034180507
701358R2025,0.18908137,0.18525185,-0.003829524
701538L2025,0.1621222,0.15294847,-0.009173736
701762L2025,0.16581948,0.16557881,-0.00024066865
805367R2025,0.15113053,0.1760491,0.024918571
808982L2025,0.23483539,0.21386085,-0.020974532
