batter,height_in,weight_lb,birth
444482,73,210,1987-08-14
453568,75,221,1986-07-01
455117,72,230,1986-08-16
456781,68,210,1987-12-17
457705,70,190,1986-10-10
457759,71,208,1984-11-23
467793,70,210,1986-04-08
493329,72,215,1984-06-09
500743,70,188,1989-02-24
501303,73,198,1989-08-21
502054,73,225,1988-03-08
502110,75,230,1987-08-21
502671,74,225,1987-09-10
506702,69,235,1989-03-13
514888,66,167,1990-05-06
516782,72,195,1988-10-09
518595,72,210,1989-02-10
518692,76,220,1989-09-12
518735,74,225,1988-11-08
518792,77,240,1989-08-09
518934,75,220,1988-07-13
519203,75,240,1989-08-08
519317,77,245,1989-11-08
521692,74,255,1990-05-10
527038,75,225,1991-08-06
541645,76,250,1991-06-12
542194,73,205,1991-09-02
542303,73,251,1990-11-12
542364,72,200,1991-05-15
542932,70,190,1990-01-22
542963,73,190,1989-07-14
543063,73,223,1987-01-21
543228,74,212,1987-07-19
543257,72,209,1989-09-16
543305,73,205,1989-10-02
543309,73,202,1990-04-20
543510,74,235,1990-06-13
543518,71,190,1989-10-31
543592,72,197,1989-12-28
543685,73,200,1990-06-06
543760,72,195,1990-09-17
543807,73,220,1989-09-19
543877,68,205,1990-08-21
545121,71,202,1991-07-16
545341,72,210,1991-08-13
545361,73,235,1991-08-07
547180,73,210,1992-10-16
547989,75,250,1987-01-29
553869,73,223,1990-11-17
553882,71,240,1992-02-10
553993,71,213,1991-07-18
570482,72,215,1991-10-11
571448,74,215,1991-04-16
571466,68,192,1991-01-07
571657,71,205,1990-08-17
571745,73,214,1990-12-23
571771,70,195,1991-08-24
571912,75,225,1991-02-06
571970,70,215,1990-08-25
572138,74,256,1991-09-18
572191,76,215,1991-03-26
572233,71,208,1991-03-28
572761,76,224,1985-11-26
573262,70,180,1990-08-23
575929,72,240,1992-05-13
578428,71,195,1990-01-05
592178,77,240,1992-01-04
592192,73,200,1989-02-15
592200,74,220,1988-11-09
592206,75,203,1992-03-04
592273,73,225,1992-08-21
592325,70,180,1992-05-17
592348,75,220,1992-02-28
592450,79,282,1992-04-26
592518,74,218,1992-07-06
592626,73,220,1992-04-21
592663,72,212,1991-03-18
592669,73,230,1992-01-28
592696,72,180,1991-09-28
592885,76,220,1991-12-05
593160,73,195,1989-01-24
593428,74,218,1992-10-01
593871,72,208,1993-07-05
593934,76,272,1993-05-11
594807,73,233,1988-09-04
595281,73,210,1990-04-22
595284,72,189,1991-11-09
595751,73,243,1993-06-11
595777,71,184,1993-02-20
595879,71,190,1992-12-01
595909,72,200,1992-12-04
595978,72,220,1992-08-18
596019,70,190,1993-11-14
596103,73,205,1992-12-13
596115,73,209,1992-11-15
596117,69,170,1993-05-26
596129,72,270,1992-12-17
596142,74,251,1992-12-02
596146,76,225,1993-02-10
600869,73,222,1993-11-24
602104,69,185,1994-06-03
605113,73,201,1990-03-15
605119,74,215,1993-05-19
605131,69,187,1989-12-28
605137,75,261,1992-08-14
605141,69,180,1992-10-07
605170,72,225,1993-08-17
605204,73,218,1993-04-27
605244,73,228,1993-01-12
605346,69,160,1992-12-16
605353,70,196,1993-09-25
605361,71,205,1990-06-27
606115,71,187,1994-08-04
606192,72,215,1992-10-15
606466,72,210,1993-10-12
606992,70,201,1992-12-18
607043,73,206,1993-03-27
607054,72,215,1990-05-09
607067,77,220,1990-07-01
607208,73,185,1993-06-30
607680,72,210,1989-01-04
607732,77,225,1989-12-22
608070,68,190,1992-09-17
608324,70,190,1994-03-30
608336,76,250,1993-11-19
608348,73,212,1994-07-14
608369,76,215,1994-04-27
608385,74,206,1993-08-17
608596,72,218,1991-04-03
608671,75,195,1991-06-15
608701,71,215,1991-03-26
608841,76,235,1992-05-06
609280,72,211,1995-03-02
613564,72,220,1993-09-06
620443,71,217,1996-05-02
621020,72,190,1994-02-11
621028,72,195,1993-08-04
621035,72,196,1990-08-29
621043,75,220,1994-09-22
621311,73,197,1994-04-01
621438,72,218,1994-01-22
621439,73,190,1993-12-18
621458,75,220,1994-04-21
621466,71,230,1993-11-30
621493,72,205,1993-12-14
621512,72,211,1994-04-12
621545,73,190,1994-02-21
621550,74,220,1991-08-27
621563,73,195,1990-04-26
621566,76,225,1994-03-29
622110,74,190,1991-01-15
622268,69,190,1994-05-25
622534,70,229,1994-09-28
622569,68,175,1993-09-05
622761,72,200,1995-06-23
623168,70,190,1991-06-19
623205,68,170,1994-07-14
623520,71,205,1993-04-07
623912,71,232,1994-09-06
623993,73,230,1994-10-19
624413,75,245,1994-12-07
624415,72,200,1995-04-11
624424,71,215,1993-03-01
624428,70,190,1991-12-14
624431,69,215,1992-11-28
624503,72,160,1995-10-24
624512,72,230,1995-03-02
624513,72,212,1995-01-17
624585,75,235,1992-02-25
624641,71,210,1996-03-06
628451,70,205,1993-04-03
630105,71,187,1994-01-21
640459,73,233,1994-12-29
640492,71,181,1996-05-11
640902,73,202,1996-04-18
641302,73,214,1994-07-14
641313,72,185,1993-06-23
641343,72,216,1995-10-06
641355,75,204,1995-07-13
641432,68,205,1994-11-04
641487,72,202,1995-01-11
641511,71,200,1995-03-07
641555,74,220,1995-04-24
641584,71,206,1995-05-25
641598,73,220,1991-01-15
641645,70,190,1994-09-27
641658,70,196,1994-10-10
641680,76,220,1995-06-27
641779,75,195,1996-06-03
641820,75,230,1992-03-18
641856,72,205,1994-08-23
641857,74,211,1994-12-14
641933,69,200,1995-06-22
641943,72,210,1995-07-30
642020,72,215,1994-12-14
642086,71,224,1995-06-15
642133,75,273,1995-03-16
642136,71,215,1995-05-06
642180,72,188,1994-11-23
642197,67,193,1995-06-18
642201,74,195,1994-06-26
642215,75,215,1994-09-11
642350,74,210,1995-07-22
642708,73,227,1995-11-20
642715,72,216,1995-09-02
642727,70,177,1996-07-10
642731,70,185,1996-02-22
642851,73,190,1990-12-10
643217,69,185,1994-07-06
643265,76,235,1990-12-25
643289,71,173,1994-07-19
643376,74,240,1995-04-15
643393,66,160,1991-10-31
643396,70,195,1995-03-23
643446,72,195,1992-04-08
643565,73,215,1990-12-03
644433,68,221,1995-03-21
645277,67,165,1997-01-07
645302,72,193,1997-05-19
645305,72,200,1997-01-20
645444,69,217,1997-02-24
645801,72,225,1992-07-04
646240,72,235,1996-10-24
647304,70,235,1997-06-22
647351,72,223,1996-12-20
649557,73,195,1990-08-01
649966,69,202,1997-06-03
650333,70,186,1997-04-09
650391,76,250,1996-11-27
650402,70,205,1996-12-13
650489,72,209,1997-04-24
650490,72,235,1991-08-08
650559,72,175,1996-12-16
650859,69,204,1997-02-26
650907,70,195,1996-11-02
650968,71,201,1997-06-14
655316,71,195,1997-05-30
656180,76,263,1996-06-26
656185,70,187,1993-03-15
656248,74,215,1996-05-16
656305,73,220,1993-04-28
656413,71,205,1996-03-17
656448,73,228,1995-11-22
656484,73,215,1996-03-22
656537,72,206,1995-12-30
656541,77,236,1994-02-21
656555,75,241,1993-03-17
656577,73,238,1995-12-25
656582,71,205,1992-08-16
656716,71,180,1995-04-29
656775,67,175,1994-10-01
656811,74,220,1993-07-26
656883,70,205,1996-01-03
656896,72,225,1996-06-29
656941,71,229,1993-03-05
656976,74,208,1996-02-06
657041,71,195,1995-08-23
657061,75,200,1996-07-03
657077,72,209,1996-05-15
657088,72,195,1995-11-20
657136,70,190,1996-05-19
657193,68,178,1990-01-30
657557,72,205,1993-08-02
657656,69,203,1994-07-15
657675,65,155,1996-01-31
657757,75,235,1996-04-23
658668,73,190,1996-03-06
660162,72,220,1995-05-27
660271,76,210,1994-07-05
660636,71,185,1997-10-28
660644,69,180,1998-02-09
660670,72,205,1997-12-18
660688,71,238,1998-07-20
660707,75,235,1998-08-17
660710,68,181,1998-02-19
660757,77,240,1998-01-10
660758,71,180,1998-03-06
660766,72,235,1998-02-19
660821,75,222,1997-10-07
660844,67,150,1997-10-10
661388,70,217,1997-12-24
661531,72,207,1995-05-05
662139,68,207,1996-07-02
663330,70,210,1997-08-04
663368,72,185,1996-09-10
663457,73,205,1997-09-08
663494,67,165,1997-07-02
663527,76,225,1997-05-29
663536,74,208,1997-05-14
663538,71,200,1997-05-13
663550,74,204,1997-05-03
663584,73,210,1997-04-03
663586,73,225,1997-04-02
663604,72,197,1997-03-14
663609,76,285,1997-03-10
663611,67,175,1997-03-05
663616,75,223,1997-02-26
663624,75,230,1997-02-18
663630,70,195,1997-02-14
663647,71,215,1997-01-28
663656,75,212,1997-01-17
663662,72,185,1997-01-15
663697,70,200,1996-12-15
663698,74,242,1996-12-15
663728,74,235,1996-11-26
663731,75,195,1996-11-20
663743,71,198,1996-11-11
663757,70,221,1996-11-01
663796,72,215,1996-10-07
663837,73,205,1996-09-16
663853,72,215,1996-09-06
663886,75,225,1996-08-16
663897,73,186,1996-08-09
663898,72,204,1996-08-09
663905,73,237,1996-08-03
663967,68,198,1996-03-15
663968,71,191,1996-03-08
663993,76,220,1995-07-07
664023,70,205,1994-08-12
664034,70,215,1994-07-13
664040,69,181,1994-07-06
664056,71,219,1994-06-03
664058,69,185,1994-05-31
664059,71,175,1994-05-26
664068,69,180,1994-04-29
664238,73,205,1992-08-02
664314,73,195,1997-11-25
664702,69,178,1994-10-17
664728,70,190,1997-03-03
664731,70,195,1993-05-10
664761,76,218,1996-08-03
664770,71,180,1994-07-12
664774,71,215,1994-01-01
664874,71,205,1993-08-28
664901,70,195,1993-09-28
664913,73,223,1992-07-13
664954,71,190,1994-02-22
664983,72,213,1997-07-30
665019,72,200,1996-05-15
665052,73,210,1997-07-11
665120,72,210,1993-07-30
665155,73,190,1997-02-18
665161,72,202,1997-09-22
665487,75,217,1999-01-02
665489,72,245,1999-03-16
665506,74,215,1998-11-19
665561,69,170,1999-02-25
665742,73,224,1998-10-25
665750,74,210,1998-09-08
665782,74,160,1998-06-09
665804,73,230,1999-03-09
665828,72,200,1999-03-01
665833,79,248,1998-10-04
665839,68,202,1998-12-28
665856,70,230,1999-07-01
665861,73,210,1998-11-16
665862,71,184,1998-02-01
665877,70,198,1999-03-29
665923,71,169,1999-02-15
665926,71,161,1998-09-04
665953,72,200,1999-05-04
665966,71,190,1998-11-26
666018,72,215,1998-05-23
666023,70,200,1995-05-16
666126,67,197,1997-06-30
666134,76,195,1998-05-07
666135,74,195,1997-11-09
666139,75,220,1998-02-02
666149,74,214,1997-09-15
666150,68,183,1997-09-02
666152,70,192,1997-09-29
666158,71,190,1997-11-23
666160,73,209,1998-05-13
666163,70,210,1997-09-25
666165,76,225,1998-01-07
666176,74,215,1999-04-08
666181,76,230,1998-06-16
666182,71,190,1998-03-05
666185,73,200,1998-10-23
666197,73,204,1997-08-25
666198,73,221,1997-09-03
666211,73,220,1997-09-13
666310,69,205,2000-02-21
666397,73,195,1999-04-30
666464,76,265,1997-10-22
666624,72,200,1999-06-24
666703,68,150,1999-08-25
666915,75,225,1995-06-29
666931,74,202,1995-11-27
666969,72,205,1993-03-02
666971,75,215,1993-10-10
667428,70,195,1997-02-05
667452,71,220,1996-02-27
667472,72,205,1996-03-08
667670,75,225,1994-11-01
667690,74,207,1996-11-12
668227,70,185,1995-02-28
668670,71,201,1995-04-18
668709,74,205,1997-11-10
668715,69,185,1997-12-07
668723,73,226,1999-02-18
668731,71,216,1998-08-16
668752,74,180,1998-01-16
668800,72,225,1995-02-03
668804,74,210,1995-01-27
668832,74,243,1997-12-02
668843,72,185,1997-05-19
668845,73,205,1997-07-24
668853,72,205,1998-01-22
668885,70,185,1999-03-23
668901,75,185,1999-12-11
668904,72,200,1999-06-05
668930,72,190,1999-11-21
668939,73,230,1998-02-06
668942,73,200,1994-06-30
668952,75,208,1997-11-12
668974,69,210,1998-03-10
669003,74,229,1998-09-04
669004,72,190,1998-11-29
669016,74,215,1997-12-18
669065,74,215,1998-01-02
669087,76,242,1998-01-14
669127,71,205,1997-11-18
669134,70,232,1998-09-29
669137,72,189,1994-07-14
669194,75,210,1998-02-01
669200,71,185,1995-03-31
669208,67,165,1999-12-13
669221,75,228,1994-10-04
669222,72,217,1995-06-29
669224,73,220,1999-07-12
669234,72,212,2000-02-19
669236,71,200,2000-03-26
669242,70,193,1995-05-09
669256,69,185,1995-01-11
669257,70,195,1995-03-28
669261,73,217,1998-07-29
669288,70,200,1995-07-11
669289,69,185,1994-11-13
669304,73,210,1998-06-29
669326,74,220,1999-06-18
669352,74,197,1998-06-09
669357,72,225,2000-05-10
669360,72,204,1998-07-05
669364,69,175,1999-08-09
669369,71,190,1995-10-27
669374,70,208,1996-08-02
669384,72,210,2000-04-04
669392,68,160,1998-07-11
669394,72,230,1996-04-10
669397,67,166,1998-10-08
669398,76,202,1999-10-24
669432,77,230,1997-11-13
669450,69,198,1994-11-28
669477,72,215,1999-03-01
669699,75,200,1997-11-19
669701,69,172,1997-08-07
669707,75,212,1998-02-08
669717,69,184,1998-07-21
669720,70,200,1995-07-05
669722,75,185,1997-12-26
669743,71,189,1994-09-27
669899,70,200,1998-02-23
669911,77,226,1998-08-16
670032,70,186,1995-03-13
670042,75,235,1994-09-19
670092,71,195,1995-07-03
670097,70,180,1995-05-29
670156,69,185,1995-10-31
670223,74,225,1998-04-16
670224,75,220,1998-01-09
670231,70,194,1997-12-30
670242,76,220,1997-12-12
670276,69,175,1996-09-12
670541,76,237,1997-06-27
670623,71,213,1999-02-18
670764,69,185,1996-07-10
670770,68,180,1995-08-14
670869,70,160,2000-06-22
671056,71,220,2000-06-01
671083,70,213,1998-10-05
671117,70,167,1999-02-11
671155,72,190,1998-10-11
671213,76,244,2000-01-15
671218,71,235,1999-09-07
671221,73,185,1998-12-30
671277,73,216,2000-05-16
671284,75,250,1998-12-27
671286,74,224,1999-11-04
671289,71,200,1999-05-21
671655,70,195,2000-11-13
671732,75,210,2000-07-10
671739,71,195,2001-03-07
671976,72,180,2000-02-29
672012,72,208,2000-07-26
672016,75,220,2000-05-01
672275,72,223,1999-05-29
672279,71,195,1999-07-16
672284,71,206,1999-07-16
672356,73,217,2000-02-27
672359,75,200,2000-03-11
672386,68,245,1998-11-06
672515,69,200,2000-02-14
672569,66,183,1997-09-20
672580,73,180,2000-03-03
672613,70,155,1999-09-23
672640,70,185,1998-10-01
672642,69,193,1999-06-05
672695,74,210,1999-10-22
672701,72,174,1999-12-07
672724,71,200,2000-06-15
672744,72,215,2000-05-07
672761,71,203,1999-10-30
672820,71,210,2000-01-25
672960,73,220,1996-06-30
673237,71,195,1998-09-21
673357,74,225,1997-08-03
673490,70,200,1995-10-17
673548,71,182,1994-08-18
673962,73,214,1998-02-12
673995,71,210,1997-05-23
674441,71,180,1997-12-11
675448,76,215,1998-11-10
675659,72,189,1998-03-07
675915,69,205,1996-10-01
675961,73,183,1999-03-12
676044,75,250,1998-10-07
676059,73,215,1999-02-18
676070,70,180,1998-09-03
676113,73,215,1998-08-18
676116,73,217,1996-03-30
676356,70,195,1998-07-10
676369,71,190,1998-12-26
676391,72,170,1996-03-22
676439,73,215,1997-06-05
676466,73,185,1998-11-04
676475,72,225,1998-11-25
676480,76,211,1998-04-05
676551,74,215,1996-02-09
676566,72,215,1999-09-30
676572,76,210,1997-08-14
676609,69,190,1996-08-30
676632,73,208,1996-02-29
676679,72,165,1999-10-10
676694,72,200,1996-06-18
676701,72,205,1996-05-30
676724,74,200,1995-07-09
676801,71,208,1995-04-19
676812,80,250,1998-05-22
676896,71,186,1996-10-08
676914,68,190,1999-01-26
676946,70,180,1995-06-22
677008,74,215,1999-02-12
677060,75,218,1999-02-03
677347,70,180,2001-11-11
677587,69,170,2001-01-13
677588,70,195,2001-03-20
677592,71,203,2001-04-10
677594,76,228,2000-12-29
677595,75,166,2001-04-04
677649,70,185,1999-05-22
677800,70,215,1999-06-24
677870,70,215,2001-05-17
677941,73,181,1999-10-18
677942,71,200,1999-06-11
677943,72,215,1999-11-18
677950,69,175,2000-04-28
677951,73,200,2000-06-14
677956,75,215,2000-09-05
678009,77,205,1999-11-02
678011,69,192,1999-06-20
678218,72,225,2000-10-02
678225,71,185,1999-07-26
678246,74,225,1999-11-17
678391,69,171,2001-03-09
678489,66,175,2001-02-17
678545,71,197,2000-09-13
678554,73,225,2000-10-26
678577,72,165,2001-07-04
678662,72,192,2001-08-01
678760,70,201,2000-11-10
678877,76,250,2001-07-15
678882,70,165,2000-09-18
678894,72,200,2000-12-31
679032,71,165,2000-08-14
679529,73,220,1999-08-26
679631,71,185,1997-05-12
679822,71,205,1999-03-02
679845,71,180,1998-09-25
679881,68,174,1996-03-21
680118,72,200,1993-04-26
680474,72,198,1997-06-11
680574,68,180,1999-08-06
680577,72,195,1997-05-13
680664,73,180,2000-01-25
680700,68,185,1997-05-16
680716,73,196,2000-05-26
680718,71,210,1999-11-12
680728,69,205,1999-09-27
680737,72,195,1996-05-23
680757,68,170,1997-09-05
680769,75,215,1996-07-17
680776,72,205,1996-09-05
680777,74,235,1997-06-03
680779,71,225,1999-09-21
680837,70,186,1994-06-17
680862,74,205,1996-10-28
680869,74,205,1999-10-19
680911,71,197,1996-11-15
680977,71,210,1997-01-16
681047,69,195,1999-11-30
681082,72,200,1997-10-06
681146,71,200,1995-12-27
681190,72,165,1998-11-03
681198,77,238,2000-05-17
681230,71,205,2000-01-05
681297,75,220,2000-03-20
681351,74,225,2000-02-09
681393,70,180,2000-06-08
681460,73,195,2000-08-15
681481,73,220,1997-09-02
681508,69,205,1995-10-11
681546,74,215,1997-05-14
681584,71,216,1997-01-27
681624,73,212,2000-12-08
681715,71,195,1999-12-16
681807,73,215,1995-11-20
681909,68,185,1996-12-06
681962,68,188,1996-07-07
681987,71,200,1996-12-22
682073,78,219,1996-03-28
682119,68,170,1995-09-24
682177,72,185,1997-01-23
682183,69,182,1996-06-13
682515,71,212,1995-07-12
682617,73,215,2001-09-10
682619,71,200,2001-11-19
682622,74,216,2001-10-16
682626,70,233,2001-11-19
682634,78,188,2002-07-12
682641,71,205,2002-01-28
682653,73,180,2002-06-06
682657,71,200,2002-01-27
682663,73,210,2001-09-10
682668,67,181,2002-03-12
682674,73,210,2001-12-03
682729,70,150,2002-05-23
682818,70,170,2002-05-07
682829,78,200,2002-01-11
682848,72,207,2000-05-26
682868,74,225,2002-03-12
682877,72,202,2001-09-24
682927,68,196,2000-04-17
682928,72,191,2000-10-03
682985,74,200,2000-09-28
682987,79,240,2001-05-14
682988,74,235,2000-11-24
682989,74,222,2001-06-08
682997,71,205,2000-06-22
682998,70,180,2000-08-21
683002,75,230,2001-06-29
683004,73,205,2000-04-21
683011,70,197,2001-04-28
683021,69,180,1996-02-24
683079,71,192,2001-07-05
683083,68,165,2000-08-18
683090,72,190,2001-05-09
683146,75,210,1999-11-13
683227,69,180,2001-01-05
683357,76,190,2002-07-08
683679,70,201,2002-04-23
683734,70,215,1998-04-03
683737,71,210,1997-11-09
683748,71,195,2001-09-08
683766,73,185,1998-01-27
683770,72,215,1997-12-26
683953,71,199,2002-08-28
685133,69,190,2000-04-21
685301,74,220,1997-12-22
685744,70,189,2000-03-21
686217,69,191,2000-04-19
686452,72,204,1998-01-15
686469,75,245,1997-10-10
686475,70,185,1998-01-27
686482,71,225,1997-11-03
686527,72,190,1997-08-16
686554,70,207,1997-09-02
686555,68,188,1997-07-22
686611,71,203,2002-02-26
686668,75,223,1998-05-14
686676,72,225,1998-07-25
686681,72,195,1998-03-22
686765,73,189,1997-09-09
686780,71,245,1998-09-17
686797,72,205,2001-02-14
686823,71,205,1998-02-02
686894,76,226,1999-02-11
686948,72,225,2001-03-28
687066,70,185,1998-03-26
687093,74,210,2001-01-05
687221,72,220,2001-02-21
687231,71,190,2001-08-03
687263,71,185,2001-01-31
687282,75,225,2001-03-03
687363,70,190,2001-02-12
687394,72,201,2001-03-11
687401,70,192,1998-07-14
687462,70,204,1997-11-14
687478,73,195,1997-04-13
687515,70,190,2001-01-26
687529,73,195,2000-12-07
687551,69,195,2000-09-27
687597,74,227,2001-04-19
687605,76,215,2000-12-07
687637,77,220,2001-08-11
687749,72,215,2000-09-02
687799,71,210,1997-06-24
687859,71,206,1997-06-22
687952,73,224,1999-12-01
687957,74,185,1999-07-08
688363,73,200,2000-09-24
688760,70,223,1997-06-17
689041,70,170,2000-04-15
689172,69,185,1999-05-08
689200,74,208,2000-09-07
689414,69,185,1999-06-02
690022,73,209,2000-11-10
690291,71,205,2000-10-04
690924,70,205,1998-12-09
690976,71,200,2001-08-24
690984,71,200,2002-05-26
690987,73,186,2001-08-15
690993,74,211,2001-08-14
691002,75,225,2001-10-09
691011,72,205,2001-08-29
691016,74,200,2001-11-24
691019,71,210,2002-02-15
691023,78,250,2002-05-22
691026,69,185,2002-03-21
691176,69,218,2003-02-07
691181,71,210,2003-02-28
691182,71,209,2003-04-11
691185,71,187,2002-10-29
691277,73,185,2003-06-21
691373,72,224,2002-12-11
691406,73,220,2003-07-05
691458,73,220,2002-12-19
691594,67,150,2002-09-03
691620,72,203,2002-10-08
691718,72,184,2002-03-25
691720,77,225,2002-07-26
691723,77,225,2001-12-10
691728,75,243,2001-12-12
691740,77,210,2001-05-14
691777,72,180,2002-08-25
691781,76,208,2003-06-04
691783,72,195,2002-07-17
691785,75,188,2002-12-12
691788,72,210,2002-12-27
691858,67,174,2002-06-01
691907,68,180,2001-07-26
692216,71,192,2001-10-28
692225,75,191,2002-06-28
692585,74,198,2003-01-01
693049,72,230,1998-09-17
693304,68,193,1999-05-27
693306,72,230,1999-06-04
693307,73,210,1998-09-17
693409,69,195,1999-05-10
693459,72,215,1999-09-21
694025,75,195,2001-03-26
694175,68,170,1998-05-28
694192,73,199,2004-03-11
694197,71,150,2004-05-19
694203,73,190,2004-02-08
694208,68,195,2003-11-08
694212,76,250,2004-08-13
694224,70,165,2004-01-04
694249,74,204,2002-05-08
694355,73,210,1999-02-01
694359,71,235,1998-10-27
694362,69,210,1998-09-05
694371,69,197,2002-01-17
694374,71,205,1999-04-07
694376,72,202,1998-09-28
694377,71,220,2002-04-02
694378,74,205,2002-05-30
694384,74,220,2002-02-14
694388,75,220,1999-05-11
694410,74,215,2002-04-16
694497,74,190,2002-08-29
694514,75,209,2001-06-26
694671,72,225,2001-11-15
694673,70,230,2002-02-22
694728,70,190,2002-03-16
694876,68,190,2002-02-23
695020,73,190,1999-09-03
695238,72,210,1998-07-29
695257,72,204,1999-01-07
695336,70,185,2002-04-10
695391,74,208,1998-06-24
695490,71,173,2003-08-25
695491,75,220,2003-06-28
695506,76,250,2003-02-09
695508,69,170,2003-02-06
695578,78,234,2002-09-17
695600,72,210,2003-07-03
695657,75,230,2002-02-27
695670,70,200,2003-02-21
695681,72,210,2002-10-21
695720,72,220,2003-03-02
695731,74,220,2003-04-16
695734,71,195,2002-11-30
696030,69,185,2002-10-10
696100,71,220,1999-10-08
696135,69,178,2003-04-16
696285,71,192,1999-07-27
699013,74,234,2004-01-27
699024,72,245,2004-02-13
699115,69,160,2003-09-22
699302,70,200,2004-03-11
699393,69,165,2004-04-01
699625,72,230,2001-07-19
699912,75,215,2003-09-22
700242,74,212,2000-04-24
700246,73,180,2003-06-25
700250,74,228,1999-02-22
700337,70,205,2003-04-06
700652,70,190,1998-07-12
700932,71,205,2000-07-18
701162,73,215,2000-01-12
701305,77,220,2000-05-11
701350,75,200,2004-05-13
701358,75,224,2003-02-22
701398,73,224,2003-12-07
701538,74,195,2003-04-19
701649,71,195,2003-01-29
701675,70,180,2000-07-12
701678,69,190,2003-02-03
701762,77,240,2003-03-12
701785,70,185,2002-12-29
701807,73,184,2003-01-20
701852,72,219,2002-01-27
702176,71,215,1999-12-22
702222,74,188,2004-01-13
702284,70,180,2003-07-29
702332,66,183,2000-02-22
702358,74,202,2000-06-14
702616,71,200,2003-12-04
703155,77,250,2004-10-22
703197,70,160,2004-11-03
703492,70,185,2003-05-07
703520,70,170,2002-03-19
703601,71,205,2004-12-21
703607,75,195,2003-08-04
800050,75,235,2001-10-08
800325,67,169,2004-11-17
800543,75,185,2005-05-24
801126,67,170,2000-05-25
801501,68,173,2001-07-23
802139,69,190,2002-09-10
802415,71,170,2000-11-18
803011,71,193,2003-02-06
804606,75,222,2006-04-24
804668,75,232,2000-11-07
805249,71,185,1999-09-09
805300,72,180,2001-06-28
805346,72,180,2001-06-06
805347,69,190,2000-11-06
805367,69,190,2001-07-23
805373,70,190,2003-04-11
805672,76,225,1999-11-15
805779,74,190,2002-03-30
805805,75,210,2005-02-19
805808,69,187,2004-08-18
805811,79,251,2004-10-20
805904,74,190,2000-08-04
805999,70,160,2004-08-10
806068,72,195,2005-07-20
806146,74,190,2005-06-02
806198,76,210,2004-08-18
806367,70,198,1999-04-04
806956,73,185,2006-06-01
807712,72,190,2002-08-15
807713,70,185,2001-11-06
807726,72,185,2002-07-18
807727,72,210,2002-03-06
807747,66,150,2001-05-06
807799,68,192,1993-07-15
808959,74,213,2000-02-02
808975,70,175,1999-01-27
808982,72,196,1998-08-20
810938,72,210,2000-11-05
811965,70,205,2003-01-31
813841,74,204,2001-08-04
814154,75,190,2001-08-02
814430,72,195,2001-11-02
814439,72,205,2002-10-07
815589,73,225,2002-07-05
815873,73,232,2003-05-26
823550,72,194,1996-08-29
828599,72,195,2003-01-27
