name,team,side,depth,depth_pctile,chase_2025,chase_2026,chase_same,chase_opp,brk_chase_same,same_share,move_in,gain_runs,gain_lo,gain_hi,same_gap
"Altuve, Jose",HOU,R,12.285493834721018,0.1356852103120759,38.4,36.7,37.5,34.1,40.4,75.3,6.0,5.929200000000001,0.6385292307692308,11.21987076923077,3.3999999999999986
"Burger, Jake",TEX,R,22.23428041139971,7.327001356852103,39.3,35.3,37.8,28.6,37.1,71.7,6.0,5.68971,0.6127380000000001,10.766682,9.199999999999996
"Story, Trevor",BOS,R,25.386444791620555,16.824966078697422,35.3,43.5,44.7,40.6,48.5,72.5,5.0095062959126935,4.967301205369629,0.5349401298090369,9.399662280930222,4.100000000000001
"Muncy, Max",ATH,R,24.408723797221764,12.754409769335142,31.4,33.0,35.7,28.9,41.2,61.7,5.987227290311484,4.388838394957443,0.472644134841571,8.305032655073317,6.800000000000004
"Walker, Jordan",STL,R,26.318895349624437,23.202170963364992,34.5,35.8,37.0,32.7,38.0,72.0,4.077055737908811,3.919009871362817,0.4220472169159956,7.415972525809638,4.299999999999997
"Turner, Trea",PHI,R,26.809666422842454,29.17232021709634,31.0,34.5,36.9,30.1,34.2,64.8,3.5862846646907904,3.4347464421240623,0.3698957706902835,6.499597113557841,6.799999999999997
"Fermin, Freddy",SD,R,27.13885009656284,32.29308005427408,30.9,33.5,35.0,29.3,33.3,71.3,3.2571009909704074,2.586952462078246,0.2785948805315035,4.895310043624989,5.699999999999999
"Caglianone, Jac",KC,L,22.516077006429256,7.598371777476255,39.2,39.2,45.8,36.5,49.1,30.0,6.0,2.1779676258992806,0.2345503597122302,4.121384892086331,9.299999999999997
"Vientos, Mark",NYM,R,27.243570165215942,33.10719131614654,32.9,35.1,37.5,31.3,37.6,59.4,3.1523809223173025,2.002212225803247,0.2156228550865035,3.78880159651999,6.199999999999999
"Duran, Ezequiel",TEX,R,28.394312131116333,47.76119402985074,36.8,35.4,37.6,30.0,42.2,70.0,2.0016389564169152,1.9008029665234465,0.2047018579332943,3.596904075113599,7.600000000000001
"Langeliers, Shea",ATH,R,28.56312926169802,49.93215739484396,32.2,33.3,34.8,29.7,38.8,70.2,1.832821825835229,1.8821900612528992,0.2026973912118507,3.561682731293948,5.099999999999998
"Jackson, Jeremiah",BAL,R,27.671210580700595,38.398914518317504,34.6,37.1,39.1,33.9,43.1,61.5,2.724740506832653,1.6437848588876365,0.1770229848032839,3.1105467329719887,5.200000000000003
"Lowe, Brandon",PIT,L,27.321026567227083,34.32835820895522,32.4,33.7,40.8,30.7,47.2,30.6,3.0749245203061655,1.4452250551073238,0.1556396213192502,2.734810488895397,10.099999999999998
"Siri, Jose",LAA,R,27.61500849892496,37.8561736770692,34.1,41.1,43.8,38.6,59.6,48.3,2.780942588608287,1.2425778906047942,0.1338160805266701,2.351339700682918,5.199999999999996
"Tovar, Ezequiel",COL,R,28.866683122122655,53.595658073270016,40.6,43.7,45.2,40.7,53.8,64.5,1.5292679654105932,1.1342759100088669,0.1221527903086471,2.146399029709086,4.5
"Abrams, CJ",WSH,L,28.76152466105494,52.51017639077341,32.3,36.7,42.7,34.2,47.0,30.7,1.63442642647831,0.7364857998772871,0.0793138553714001,1.393657744383174,8.5
"Lukes, Nathan",TOR,L,27.442066362987067,35.68521031207598,32.3,34.1,38.8,33.1,47.1,17.0,2.9538847245461817,0.6304353506284082,0.0678930377599824,1.192977663496834,5.699999999999996
"Sosa, Edmundo",PHI,R,28.8593155906158,53.324287652645864,45.7,52.4,58.7,48.1,63.5,40.8,1.536635496917448,0.6034079477239146,0.0649823943702677,1.1418335010775615,10.600000000000001
"Sánchez, Jesús",TOR,L,26.892294985082096,29.850746268656714,30.4,37.6,53.7,36.1,58.1,8.0,3.5036561024511528,0.2833324251085131,0.0305127227039937,0.5361521275130324,17.6
"García Jr., Luis",WSH,L,29.668874972210585,64.45047489823608,37.9,38.7,42.6,38.0,32.9,15.4,0.7270761153226637,0.1320019223163387,0.0142155916340672,0.2497882529986103,4.600000000000001
