outcome,wider_without,wider_with,deeper_without,deeper_with,off_with,closed_with,crouch,crouch_z,knee,knee_z
whiff,-0.4077282480792816,-0.3738251009635047,-0.2709763253176085,-0.3381613894130085,0.39473325832067563,-0.12426696498088573,-0.005702171256539819,-0.027326256356487062,-0.24477662454409344,-0.7765989429162959
K,-0.2977400938058999,-0.21578503708818533,-0.3010393703649292,-0.42684105195934474,0.30501431954590635,-0.11702658153099679,-0.10842604669783222,-0.4064695509054222,-0.3308641100826149,-0.8598823850493246
chase,-0.21532516175688146,-0.24581935433621305,-0.4300123870468146,-0.351591169161659,-0.5103953927892385,0.3209269118593514,-0.03694045906164653,-0.14646856120363017,0.3410866559411164,0.9665782150621215
xhr600,-0.5234022752714503,-0.5053242808145157,0.5452034002199532,0.4937676177665485,0.23938166772672806,-0.27311544758916967,0.03518837137138494,0.0650438391871166,-0.23789498927173514,-0.28512469968686893
brl600,-0.9210107795403618,-1.0009502897644327,0.774422855916471,0.698657060704323,0.8850934715820735,-0.3831048991599708,0.6002353314057952,0.6745037814282931,-1.0572893357693944,-0.786319933633067
hard,-0.5380835464061133,-0.47022521076450297,0.31518686716751054,0.1491697767596513,0.7476296934456457,0.20999667994002438,0.06012715361910592,0.1636816840168341,-0.6987849411151262,-1.2639688912457645
ev,-0.09672674425943226,-0.0534662557251315,-0.032891407085276776,-0.08311103594844242,0.18727713470340537,-0.06746744614778076,-0.09843791017079032,-0.8324401168326901,-0.06013347603745494,-0.35425317957101454
sweet,0.24630136710825806,0.16428996540698904,0.4332811589109716,0.5600667102942909,0.43629923116878916,0.12744538653106086,0.10913201782513002,0.3121672753042714,0.33268836752430153,0.6607785374785219
xwoba,-0.5857098843414323,-0.8666149098705037,3.252324195287087,3.084912260923001,2.7930037167914192,-1.4481070322562237,1.8639605058326771,0.8167778355910034,-3.0283110001712013,-0.8777079483416997
