name,dir,d_setup,d_land,d_stride
"Stanton, Giancarlo",NARROWER,-3.820070018799882,-2.8205826648475707,-0.18911094365002157
"Vázquez, Christian",WIDER,5.571113216934396,1.1243207684337975,-5.460160121246396
"Díaz, Elias",NARROWER,-9.018671735424284,-1.2206681992527137,2.756842644081626
"Farmer, Kyle",WIDER,6.890075813651308,0.918011334612082,-10.660437108418721
"Contreras, Willson",WIDER,7.30506317678331,1.513434292112123,-3.176706348807734
"Machado, Manny",WIDER,2.711407507012318,1.0106745414948008,-1.6286699465288983
"Duvall, Adam",WIDER,2.3393000927683794,0.7334911533598785,-1.707539035054488
"Ahmed, Nick",WIDER,2.422677904104198,0.8141601307410937,-1.8027212404050879
"Bell, Josh",NARROWER,-5.561573841210922,-0.8132490822927494,5.871648893121648
"Bell, Josh",NARROWER,-7.27364717373429,-1.6507047764247673,1.7990276790719228
"Bell, Josh",WIDER,6.101516139509364,1.8277089510734825,1.0236951694037337
"Gallo, Joey",WIDER,4.881742771988762,2.319171440212898,-0.8890996309756751
"Correa, Carlos",NARROWER,-0.3662373125195444,0.08370379044343679,-0.4222225045832477
"Ward, Taylor",NARROWER,-4.888580339298414,1.0451139297100696,8.1305209601094
"Ibáñez, Andy",NARROWER,-3.774088002058569,-0.6606301487805126,2.7488001249350873
"Cronenworth, Jake",WIDER,8.359064184967785,2.3673292126302456,-5.658810413148409
"Bauers, Jake",WIDER,5.913814927208453,1.3383730603446224,-3.9358006188040697
"Bellinger, Cody",WIDER,5.95969578019815,1.174905345779166,-4.6860606341292605
"Heim, Jonah",WIDER,2.1750167778767917,0.10084452292760204,-1.6007775580544283
"Heim, Jonah",WIDER,6.616149683989619,2.238610121243795,-2.9006789128688872
"Heim, Jonah",WIDER,11.107781052940474,0.8312663029749245,-6.385512737809137
"Heim, Jonah",WIDER,4.581110428926081,0.808314058218329,-3.2529383345499454
"Heim, Jonah",NARROWER,-5.314175183347224,-1.7555316869509099,5.488757460626406
"Rosario, Amed",NARROWER,-5.819133855484132,-1.996093507776692,5.370999033589664
"Dubón, Mauricio",NARROWER,-0.7630880601205945,-0.8841517149022806,-4.131383734450255
"Dubón, Mauricio",WIDER,5.6519019323158375,-0.03776221391122192,5.800394585681371
"Jansen, Danny",WIDER,4.637332183256312,1.4812889025076643,-2.34339492903095
"McNeil, Jeff",WIDER,1.6507564271752457,0.6676828587332935,-1.4361873486536396
"De La Cruz, Bryan",NARROWER,-3.1058501803243175,-1.1355560178026494,0.9016212563914268
"Hill, Derek",WIDER,13.842764675970894,0.42063270630007565,-12.433506999940033
"Wong, Connor",WIDER,4.5316021852200485,0.6137707934797163,-0.6200487905357122
"Laureano, Ramón",NARROWER,-11.976163370072904,-2.48145917810195,8.262104534474958
"Bruján, Vidal",NARROWER,-8.03736620199707,-0.661196580091449,5.078491558820982
"Ruiz, Keibert",WIDER,9.984518649827038,1.5042749821374741,-14.629283928559337
"Ruiz, Keibert",WIDER,2.8380672187654987,0.7688901841705515,1.3338917884816759
"Contreras, William",WIDER,3.735088480040872,0.34071476552362867,-3.0482532375528173
"Contreras, William",WIDER,5.988897082037312,1.4993661286115838,-4.874554559220321
"Contreras, William",WIDER,-0.5334066859874333,0.11374968852928191,0.8781578453745738
"Varsho, Daulton",NARROWER,-11.175062271104316,-1.693348641372154,6.086656342879431
"Perkins, Blake",NARROWER,-5.539284278907473,-2.291988885097453,-1.2868988474237497
"Nootbaar, Lars",WIDER,5.053383609536237,0.9253401035402291,-4.1649295445042185
"Nootbaar, Lars",WIDER,7.216320407417868,1.0919897083023784,-5.576449554034326
"Hayes, Ke'Bryan",NARROWER,-4.277728279230654,0.5969937727900145,4.43650366414116
"Raleigh, Cal",NARROWER,0.2517654045905111,-1.5434532586691532,-0.8794780602585881
"Fortes, Nick",NARROWER,-4.132856305430515,-0.6320861789352534,3.099903789818895
"Gonzalez, Romy",WIDER,5.565762801884006,1.5297689410673527,-1.637339228307006
"Gonzalez, Romy",NARROWER,-3.192045261513865,-0.7182283140111707,-0.05813077328486749
"Mangum, Jake",WIDER,4.505913051526104,1.716535088732691,-2.434155681177696
"Happ, Ian",NARROWER,-0.8875737478129864,-1.2564090777802335,-0.9928900425722773
"Lukes, Nathan",WIDER,3.65868469264111,1.526780831516895,-1.4443269469553925
"Lukes, Nathan",WIDER,5.749750578811518,2.563121444238206,-2.239367305085789
"Wade Jr., LaMonte",NARROWER,-7.9842751775513605,-0.4130295137721163,7.477805953740553
"Tatis Jr., Fernando",WIDER,4.634206401811383,0.07862328828839082,-3.610476591016017
"Tatis Jr., Fernando",NARROWER,-5.99834019023854,0.1249972564475641,13.75240853144441
"Taveras, Leody",WIDER,1.8003816917316797,0.41884067743511366,-0.943303413394279
"Amaya, Miguel",WIDER,11.226009928102922,-2.7136304803511138,-23.27967708717425
"Cruz, Oneil",WIDER,4.568177930643188,-0.7394183151933333,-2.5816643011987157
"Chisholm Jr., Jazz",NARROWER,-4.5035308174473165,-0.5393538076782249,4.805219853111664
"Chisholm Jr., Jazz",NARROWER,-6.9425646307624405,-0.4789548665280847,6.781139113060432
"Fermín, José",WIDER,8.439827240480255,0.22196744432611837,-7.633835063460964
"Giménez, Andrés",WIDER,6.13323287980608,0.43641143422176043,-10.343564370342529
"Giménez, Andrés",NARROWER,-4.149744940745407,-0.2605799170423069,8.131208946486375
"Chaparro, Andrés",NARROWER,-6.49572435743864,1.5076063571552538,4.173489722306396
"Fermin, Freddy",WIDER,5.032921155506347,-2.1628552578489106,-7.522673846277321
"Jones, Nolan",WIDER,5.43024132311492,1.8440756948553343,-2.0407530347352605
"Lowe, Josh",WIDER,3.142037525421074,0.1633856075272746,-3.7222357598433753
"Lowe, Josh",NARROWER,-7.104107196520449,-0.8678421336298214,3.336243146626746
"Lux, Gavin",NARROWER,-2.4251310820711325,0.19504308417163685,2.345818754266194
"Lux, Gavin",WIDER,9.00760233077741,1.9279553964732656,-6.249981490765343
"Moniak, Mickey",WIDER,6.006194966178256,2.1159679286244497,-3.0079549888775876
"Adell, Jo",WIDER,3.203349623566467,0.7904426778328641,-1.4860903245488526
"Bichette, Bo",NARROWER,-2.624026399619467,-0.7377825933156998,1.8201348777968755
"Bichette, Bo",WIDER,2.403782867630131,0.3391821671493602,-2.4788497923831114
"Naylor, Bo",WIDER,11.438451569064881,-1.6734241028897898,-17.62703979244287
"Julien, Edouard",NARROWER,-5.431188902924568,-1.446191812009097,2.824316543498707
"Myers, Dane",NARROWER,-10.68393290285384,-0.07538796066275921,10.945137964344916
"Myers, Dane",NARROWER,-2.407685240815489,-0.7649197995014774,1.020972048846744
"Reynolds, Bryan",NARROWER,-3.787516692056279,-3.0625432304396014,4.135503159933633
"Reynolds, Bryan",WIDER,3.4723729227520437,1.5922986230701923,-3.3682111534520587
"Reynolds, Bryan",NARROWER,-4.3185669803552855,-1.809936528661325,1.530476654286172
"Vientos, Mark",WIDER,7.159102666616803,0.03024660923503575,-9.531585159396311
"Lewis, Royce",NARROWER,-9.964293071098297,-0.4258721694516794,1.6012780215922078
"Mitchell, Garrett",WIDER,2.4463269627447204,0.13629632792590485,-1.7405401674132364
"Senzel, Nick",WIDER,5.241291201876194,-0.11850375808221258,-4.065381077155495
"Wells, Austin",WIDER,2.958635622328167,1.9037149563297433,-0.06829334429050071
"Espinal, Santiago",WIDER,2.7774044157094515,1.1806966188475414,-2.061861526674736
"Gorman, Nolan",NARROWER,-6.577613332991515,0.045405579473317914,4.73885926387668
"Call, Alex",WIDER,5.573851810550913,0.960141867920207,-4.571167667236814
"Lopez, Nicky",NARROWER,-4.368195807726515,-0.37558072267225384,0.9615322744821615
"Wallner, Matt",WIDER,4.660696735330998,0.19535177601387232,1.691920510001502
"Walls, Taylor",NARROWER,-9.716883561070173,-1.5213592703964025,7.478485586965892
"Friedl, TJ",NARROWER,-5.342523597414015,0.7338657510998416,4.875425544521203
"Ramos, Heliot",WIDER,4.328465732573491,1.4827331636915346,-1.83430136609228
"Ramos, Heliot",WIDER,2.3168443794613545,2.124522516135144,2.203118178156185
"García Jr., Luis",NARROWER,-0.28748489822440604,0.7597187306897268,1.2266550596946892
"Butler, Lawrence",NARROWER,-5.108491787582935,-4.177122894114227,-2.16351493874269
"Butler, Lawrence",NARROWER,-2.1814729014372745,-0.13629290063954613,2.5711706546047814
"Bailey, Patrick",WIDER,4.316729355442888,-0.30742678375598587,-5.1656526595362955
"Kelenic, Jarred",WIDER,7.366502784724801,0.6497364943291188,-4.813117466043195
"Kirk, Alejandro",NARROWER,-6.486530693940406,-0.22331899333004657,6.415168881108741
"Perdomo, Geraldo",NARROWER,-9.789829927558806,-2.70870744843878,8.294955732533525
"Canario, Alexander",NARROWER,-8.159077315537978,-1.658584759916664,8.960706009555889
"Sosa, Lenyn",WIDER,6.520395560013629,0.6324393866214422,-4.2715860916196835
"Jung, Josh",NARROWER,-6.181219022640974,-1.409446970969114,1.7968039301703023
"Williams, Alika",WIDER,8.967067962332326,-0.5051315591493122,-9.762986463254792
"DeLuca, Jonny",WIDER,6.379152919201797,0.5197185800291777,-4.872009437661784
"DeLuca, Jonny",WIDER,1.69207099363625,1.017909490920104,-0.4842793346673524
"Feduccia, Hunter",NARROWER,-3.8517859238640355,-0.01868865497935701,2.7737496491385443
"Schneider, Davis",NARROWER,-4.870197114030262,-0.785855141036933,5.587023033761881
"Rocchio, Brayan",WIDER,4.709765009218302,0.734366769521344,-0.4235753772883619
"Valenzuela, Brandon",WIDER,7.110086140560082,0.3950113600719618,-8.273544534964007
"Mead, Curtis",NARROWER,-2.587202056721072,5.737431403237018,8.861838029828021
"Tovar, Ezequiel",NARROWER,-4.290397227155374,-1.0978844843108035,2.358842686590477
"Rafaela, Ceddanne",NARROWER,-7.1213473190202095,-1.3709347343436349,6.74775892086074
"Barger, Addison",WIDER,9.940954222484653,0.24596180210166807,-13.576531077808907
"Duran, Jarren",NARROWER,-14.487809777150066,-1.8207904214437036,13.26849342499824
"Duran, Jarren",WIDER,4.090645436838781,0.5461560637749514,-3.562065136538912
"Duran, Jarren",NARROWER,-0.3308167678224905,0.20852026647155952,0.19051209450700668
"Jeffers, Ryan",NARROWER,-2.7753835139665526,-0.3817225979083432,3.389193166090436
"Davis, Henry",WIDER,8.677794746064865,0.43653695881909726,-6.391820474226368
"Gelof, Zack",NARROWER,-8.087719975400766,-1.0202675433005837,5.921684943973055
"Cowser, Colton",WIDER,2.0744250725493174,-0.7996287479819273,-2.305652810036719
"Cowser, Colton",WIDER,6.17853542437868,0.005852718098815046,-6.954196400914469
"O'Hoppe, Logan",NARROWER,-9.055549528332726,1.2279670003342815,9.762486509115753
"Norby, Connor",NARROWER,-5.616493664763919,-0.5041281646388143,6.048147584778693
"Baldwin, Brooks",WIDER,10.34726386773825,1.8295859817436906,-8.062175358934276
"Hernández, Heriberto",NARROWER,-5.172070632015803,-1.3924667217841602,1.6549590602828221
"Fry, David",WIDER,2.8158663228449434,0.11610303655386645,-2.829394139302586
"Fry, David",NARROWER,-5.061361942428448,1.8155827068804484,7.59034895117167
"Marte, Noelvi",NARROWER,-3.6343184976820346,-0.30844810070458806,4.980210243259297
"De La Cruz, Elly",NARROWER,-3.2610814885626063,0.7321937274951651,-0.8136514923002629
"De La Cruz, Elly",NARROWER,-5.047865355980633,0.4780344223894275,7.023936909012779
"De La Cruz, Elly",NARROWER,-3.0809301175014454,1.404252431085311,0.4410437927846331
"Abrams, CJ",NARROWER,-8.119262897334522,-0.5715455111051142,6.629329571507839
"Carroll, Corbin",NARROWER,-5.112398425651808,-1.523024562863192,3.2745498275768448
"Volpe, Anthony",WIDER,4.263499960245113,-0.8586004107576315,-2.518322569708058
"Baty, Brett",WIDER,0.8843336622620228,0.8830162286740659,0.6239533919231555
"Baty, Brett",WIDER,9.448342009387567,1.698782521781446,-4.574640812930703
"Canzone, Dominic",NARROWER,-6.436434934558662,0.08661318202093327,4.503628087074901
"Canzone, Dominic",WIDER,4.645834179151681,-0.3294319367038412,-0.43005733081962916
"Pagés, Pedro",WIDER,14.090773784789672,1.8043044713455885,-12.93345283438686
"Pagés, Pedro",NARROWER,-10.252835170724275,-2.2696752777447458,5.216477209185982
"Lee, Brooks",WIDER,5.22063825959075,0.5890642827594448,-2.662670950186934
"Lee, Brooks",NARROWER,-0.8979548627380467,0.2772379040302795,0.7657369540266679
"Scott II, Victor",WIDER,10.787682422530875,3.351925684595578,-7.462635042427269
"Ortiz, Joey",NARROWER,-4.626411929980737,-1.4853642386678985,0.9076689664689965
"Horwitz, Spencer",WIDER,3.1594156086122958,-0.032969560317319235,-4.38596508244429
"Johnston, Troy",NARROWER,-3.5861440520270236,0.04558570123482042,-2.0026339753791476
"Hassell III, Robert",NARROWER,-4.648380700036441,-2.3406405580416205,-7.181694176701171
"Walker, Jordan",WIDER,2.1835549680060353,2.795774677124662,1.4244274148085871
"Winn, Masyn",NARROWER,-5.429780870898124,-0.4145961564075904,6.935288684015955
"Caminero, Junior",NARROWER,-5.286821872718864,-0.5009160287750376,5.836329057498723
"Crow-Armstrong, Pete",WIDER,0.6587524077214226,-0.0017961353579494244,-3.271924131663301
"Crow-Armstrong, Pete",NARROWER,-12.684002614988863,-1.4102718644038177,9.715209128298305
"Karros, Kyle",WIDER,3.772810558385615,0.8982562172837163,-4.736175214582933
"Basallo, Samuel",WIDER,11.133072816595764,-0.16217527486941208,-8.491260218943278
"Tawa, Tim",NARROWER,-5.957689158864891,-0.5674820016879352,5.7653286574472915
"Gonzalez, Jacob",WIDER,3.382646474935374,0.7523172661787001,-3.557529090165392
"Schanuel, Nolan",WIDER,4.650611978079244,-0.04053899868439004,-4.02290944544502
"Langford, Wyatt",NARROWER,-3.3045409115134916,-0.9449836184758951,1.7546504286100095
"Langford, Wyatt",WIDER,3.95593144764635,0.9544399899369509,-2.4425558820485236
"Matthews, Brice",WIDER,1.5681849489627417,1.080320385822148,0.8055503329551357
"Goodman, Hunter",WIDER,3.1118149632873795,-0.594571507002172,-4.849581843099479
"Smith, Cam",NARROWER,-6.687637412914597,1.964703490159124,5.80561594059472
"Smith, Cam",WIDER,2.8627679992105044,0.9689156505469398,1.2804374808563423
"Church, Nathan",NARROWER,-4.424972832924574,-0.9984643968971838,1.8182006974280505
"Lee, Hao-Yu",NARROWER,-11.238451322411724,-2.4701262575092144,7.274718446724105
"Kurtz, Nick",WIDER,3.7156910160287637,0.3448291244683901,-1.9120585550690432
"Crawford, Justin",WIDER,5.045841440648729,-1.8539411934684082,-8.89133171246377
"Holliday, Jackson",WIDER,-0.6089155672703086,0.2725265745650134,-0.48807577300073746
"Holliday, Jackson",NARROWER,-5.9491661653863375,0.33512861571980324,6.60173743556323
"Antonacci, Sam",WIDER,2.832951468391265,0.5340125973286121,-0.13574760359275118
"Griffin, Konnor",NARROWER,-4.947055055887855,-1.2123466518571178,8.21913149720261
"Meidroth, Chase",NARROWER,-11.052292033363944,-0.13179656090424885,12.550457042479287
"McGonigle, Kevin",NARROWER,-6.916908179301522,-1.7622694147480473,5.621631546740044
"Shaw, Matt",WIDER,2.7387293934579375,1.3435380393868286,5.511987225824324
"Williamson, Ben",WIDER,2.1753533215064174,1.9390546120662506,-3.5288235590468524
