bsy,batter,side,year,name,event_date,k,n_games,move,persist,kind,dir
575929R2025,575929,R,2025,"Contreras, Willson",2025-05-30,48,129,7.666359085706706,9.956033924214715,depth,+
593160R2024,593160,R,2024,"Merrifield, Whit",2024-07-31,44,84,6.023498220459796,5.850496629152843,depth,+
595879R2024,595879,R,2024,"Báez, Javier",2024-05-26,38,73,-7.769599034429522,-9.665183482297557,depth,-
643289R2024,643289,R,2024,"Dubón, Mauricio",2024-05-11,21,122,9.14373531839692,6.849576398785683,depth,+
645302R2024,645302,R,2024,"Robles, Victor",2024-06-30,20,79,-6.020915211855986,-8.197698697591342,depth,-
664023R2024,664023,R,2024,"Happ, Ian",2024-05-07,15,80,7.114629812285006,7.588754601772635,depth,+
665862L2024,665862,L,2024,"Chisholm Jr., Jazz",2024-07-04,75,137,6.7884774726374175,6.0410297103972574,depth,+
665862L2026,665862,L,2026,"Chisholm Jr., Jazz",2026-08-04,102,131,-9.540668729105079,-10.531654496056621,depth,-
665923R2026,665923,R,2026,"Ruiz, Esteury",2026-07-07,42,88,-7.313519706550466,-6.457805301248122,depth,-
669364L2025,669364,L,2025,"Edwards, Xavier",2025-05-03,27,122,7.994346008401244,8.291034135582311,depth,+
672275L2025,672275,L,2025,"Bailey, Patrick",2025-07-11,65,119,-7.432156731222623,-6.179924284080506,depth,-
672960R2026,672960,R,2026,"Okamoto, Kazuma",2026-04-18,18,150,6.465066804786005,6.996246743406665,depth,+
677587L2024,677587,L,2024,"Rocchio, Brayan",2024-05-24,33,113,6.034474723004617,6.441943744824414,depth,+
680757L2026,680757,L,2026,"Kwan, Steven",2026-04-26,24,142,6.748204611783379,7.875094685066863,depth,+
687263R2024,687263,R,2024,"Neto, Zach",2024-05-30,48,148,-7.53644422214996,-9.97201372896437,depth,-
691718L2024,691718,L,2024,"Crow-Armstrong, Pete",2024-07-27,57,114,8.075121501862895,12.333781195950841,depth,+
