bsy,n2,d_bat_speed,d_whiff100,d_ev,d_q100
444482L2024,170,-2.8274685407759943,-8.732388212201878,1.0887819637153053,1.9662670400486504
453568L2024,316,-1.6931573412003043,-3.2662761807925733,2.7844223056191444,2.956619174237934
456781R2024,250,-1.0860230534453412,-7.4334531267769695,2.3086655509241747,2.184247985878777
457705R2024,343,-1.364152420022942,-12.4828226191382,0.1004433470749928,0.6896716416312589
457705R2025,377,-1.0348655592094407,-8.241247016817434,1.0436782477225324,1.760791966371738
457759R2024,418,-2.148076967945774,-5.040444599897097,-1.8251087651501494,-0.19519405717459326
467793L2024,288,-1.6169202110134098,-10.995874674645794,0.33334285694734117,1.3941943146882272
467793L2025,226,-1.0182325884782486,-13.584828391604471,-0.6326034958840441,-0.868523618599399
500743R2024,152,-2.821183297784438,-7.897010690289065,2.0031151600033934,3.0413909580942273
500743R2025,177,-2.460283991757619,-5.664750957854406,2.883009662064891,3.185173565467058
502054R2024,319,-1.4956542425912949,-3.4535455341493937,-0.07474991926287355,0.8980405596219553
502054R2025,267,-1.8522082218409044,-4.130437694905462,0.17715001242435469,1.3348165619067773
502110R2024,331,-1.5157720256698377,-6.9798693684932855,-0.0616104421474062,0.5094625227093794
502671R2024,516,-1.0789417830349883,-9.043510279059412,-0.15844544986823128,0.7662210248003689
502671R2025,375,-1.552732112461015,-2.4497778319098167,-0.8266177024555902,0.7185345465127408
502671R2026,280,-2.0949051304845243,-6.253801131667451,-3.2049500201262684,-0.7422053986989727
514888R2024,378,-2.5319430508720933,-7.566900739431723,0.6758217923998511,2.15708663275656
514888R2025,367,-2.7016614325984873,-2.3967610391666754,0.42485440270242003,2.3156507057969264
514888R2026,291,-2.2271640275871603,-5.089793055924154,0.0930054845344225,1.7382378015680355
516782R2024,232,-3.205130584273111,-8.957726405659963,1.1458806210656338,1.9472290621015163
516782R2025,218,-4.182555188197093,-14.193082622023143,-2.1513527782174693,1.5462945037907203
518595R2024,218,-2.4835620527305693,-14.287456118218534,-2.4836841671524303,0.27562712109154036
518595R2025,151,-1.4430525492151203,-2.045407858262299,0.43573410633280973,0.7523409617800842
518692L2024,417,-2.182725118161221,-5.109449920315043,-2.302217850289213,-0.024745618357601838
518692L2025,418,-1.998720710999681,-3.847291195836358,-1.6254892158774155,-0.17465483214386662
518692L2026,494,-1.4781568686261461,-8.34758825372397,-1.2656131858002375,-0.025165893178772568
518792L2024,194,-0.15648843929282502,-7.545090228604812,0.48994963934432323,0.8346375469197373
519203L2024,216,-2.83562557648415,-6.530424360976352,-0.5362125483930215,1.0051911417723796
519317R2024,298,-1.015696559322512,-4.233655976324968,2.265336385581406,1.928926794743165
519317R2025,209,-0.8463853987207259,-5.453462747841728,4.833318903318901,3.039224954919503
521692R2024,413,-1.2738223392234673,-7.383484620412981,-0.48548462303209594,0.4126929413652298
521692R2025,430,-1.28664760088349,-5.116528626490838,-2.2701456480403546,-0.2691489788217486
521692R2026,434,-1.793150621351819,-5.372563918527953,-2.7431315251814183,-0.6210772840402387
527038R2025,374,-2.340333559892101,-8.77695067011803,0.46975442094569825,1.7664819544706294
542303R2024,430,-2.931909461894384,-14.233508778517754,-2.349142854051421,0.5660401049777717
542303R2025,427,-2.9950380048535568,-10.140354519493046,-2.235124866139209,0.3389315920863241
542303R2026,224,-2.0907791302577396,-9.070574326695914,-1.7732936687198115,0.20494284821965186
543309R2024,202,-1.1447799207696638,-8.007772035547926,2.8862474913337013,2.3726109283600616
543309R2025,211,-0.6808910635915458,-6.3900057071823095,1.9934890091262651,1.3738811546111296
543510R2024,145,-2.365692143150215,-5.591338165080211,-1.2364106743335461,1.480049125285055
543760R2024,389,-1.1627737826356672,-6.482808858223245,-0.3970181561589383,0.6165725465955192
543760R2025,347,-0.5380041001366286,-5.516756751272169,-0.1283251523779475,0.37572655357770324
543760R2026,331,-0.9644392110024658,-3.8649067300283733,1.0805321558693648,1.421021618697419
543807R2024,354,-1.9529500944335303,-3.589944041971699,-1.6269069235119313,-0.019328693736787056
543807R2025,347,-1.276854781325922,-11.825096200113137,-1.043881199167902,0.6359062730818354
543807R2026,323,-1.7886617922434769,-7.034370505040086,0.6655630496235807,1.5115069375475245
543877R2024,203,-0.9501492895404751,-0.829698534998774,-0.5238930488276576,0.10147643539720722
543877R2026,196,-0.5444375086517176,-5.496816168327796,0.8995425659561229,0.8410565859552737
545121L2026,223,-2.759808763629906,-7.996000767618149,-3.7420800076679956,-1.0904446177397902
545341R2024,183,-1.5442772914216027,-6.173269220693932,-2.8677253922750774,-1.461582191475664
545341R2025,192,-0.7681595251762745,1.7274323101659983,-0.3641203595389832,0.37662382374567094
545341R2026,181,-1.391337067946516,-0.4250683421368089,-2.244624915389459,-0.7767258851242134
545361R2025,389,-1.2993885727718746,-1.6051853407685042,0.28225202796680204,0.6170363932483609
545361R2026,401,-0.5878293893449306,-1.4765265407619128,-0.7091081256672802,0.11994897934420629
547180L2024,418,-1.4312001304239568,-7.949416579347052,0.44642486124733266,1.4513283640988395
547180L2025,372,-2.0871775332960354,-8.333717882254414,-0.3127388097489866,1.4985533760562193
547180L2026,443,-2.513384788540431,-11.19144904926922,0.6012038548066556,1.81495743835434
553869R2024,230,-1.9191058529421687,-12.754328649469313,0.28307098588152735,0.9030416697984711
553869R2025,183,-2.370634457361283,-4.75950341451861,0.6432312733970997,1.946112844367251
553869R2026,169,-1.4760234626347133,-7.854940941476227,-0.49958939789107004,1.2128027364218903
553993R2024,402,-1.4062228907063772,-3.541069902088176,-0.5737919230222277,0.28727623057811796
553993R2025,452,-0.9983815804804906,-5.061986972408753,-2.6425419992003887,-0.83250848177903
553993R2026,317,-1.0300051494097582,-9.489596659728987,-0.01151506452997303,0.8188426878850713
570482R2024,318,-1.691758119661565,-9.033067311125887,-0.23180601271464363,1.2105644311035302
571448R2024,440,-2.246064042622004,-7.313847105002903,-2.4029881478462287,0.3653178310306163
571448R2025,283,-2.23927012552536,-8.84450314640968,-0.2945750423489487,1.2718734821392532
571448R2026,433,-2.2146059864071357,-8.027039192834675,-1.1308958656216177,0.9531969212782749
571657R2025,203,-1.1983156394743664,0.8622305831603794,-0.6555266569125706,0.3602399138823155
571745R2024,267,-1.527446019460414,-6.917464991149203,-1.6372603389584506,-0.33293272794822437
571771R2024,278,-2.7605936227189405,-8.677693791812654,-1.8239282381385042,0.5613619061497614
571771R2025,198,-1.5957428301545948,-12.77622051151463,-0.9718863523939381,0.41628602086695565
571970L2025,272,-1.4303959731951645,-2.10750616322236,0.7338953849526225,1.4897966630626778
571970L2026,370,-1.0936765999043074,-3.6731557119501796,0.7044289602542524,1.3964220800089104
572138L2024,220,-2.6272690735190687,-8.98256835756836,3.822375362434813,3.8880549006725067
572191R2024,188,-1.7130663780663788,-5.242373905164602,1.330305149236723,1.2911627039139308
572191R2025,219,-1.4126069332764777,-8.809015976916196,-0.3496548420888619,0.40910926860287344
572233R2024,383,-0.6812238284227902,-1.6961049976738247,0.7832505365940096,0.694252363857054
572233R2025,454,-0.731712808137215,-2.4911070125403696,4.296962403018021,2.962369430627633
572233R2026,410,-0.43892050002975613,-5.924236962935042,2.658355545391059,1.7149577810489165
573262L2024,340,-0.7881970789215347,-0.391832900501632,-0.05591938082117201,0.5130150824396045
573262L2025,404,-0.7445424215996608,0.13205616310592702,-0.05674682532246763,0.5233611990686245
573262L2026,304,-0.8244259386989939,-9.51298168418198,-0.22840541314881935,0.3295986985108922
575929R2024,236,-2.4716343985994707,-9.91742195069558,0.23989048164609472,1.4225980687687771
575929R2025,370,-2.701236513281585,-3.6620664388155517,1.1232043304813906,2.9263547374094503
575929R2026,348,-1.7423117025752919,-7.566022909668175,-0.4248329058953909,0.33068237332451594
578428R2024,223,-3.2818038293082625,-5.368220717214128,-2.223800448868073,0.7284280420493258
578428R2025,269,-3.3284823965799495,-12.769664188681782,0.6611806287893266,2.7775861792011516
592192R2024,336,-2.1694588487114266,-3.82752728371285,2.388764981775753,1.8913632026589333
592206R2024,401,-3.094150561462027,-9.746735962536226,0.8750640428926492,2.552058994755695
592206R2025,392,-2.5776294514177556,-9.02862215427703,0.160955519956598,2.235191012790109
592273R2024,215,-0.6514069776889932,-4.1132750602129,2.9394910151423086,2.5049275090259444
592450R2024,396,-1.320681780544478,-5.59927056469169,0.3675582987382633,0.6164672506525857
592450R2025,381,-2.0301101491534164,-10.859179759450658,0.5615190526828892,1.4140370404103377
592450R2026,203,-0.4037069131222218,-11.379130365306322,0.9958873905748898,1.3034500118623313
592518R2024,416,-0.6144508877638382,-7.445885560483503,1.0752466782903434,1.16229168152016
592518R2025,493,-1.6016473578657004,-9.631691016045117,3.3945300175726993,3.2518011464905596
592518R2026,425,-0.758251575992146,-5.149366711720024,0.27654366316844853,0.7892999667275074
592626L2024,313,-1.9010634120781174,-3.483072483072482,0.14050259738528703,0.943729932995731
592626L2025,196,-1.8552012175660058,-4.598125241512499,0.12920149101306827,1.2694880151036765
592626L2026,301,-1.7819787962451905,-10.611388533285528,-1.2120771010835445,0.24443215902750984
592663R2024,266,-1.7172165936985728,-8.807532803415008,-1.4117762418994708,0.6574996823172877
592663R2025,403,-2.3894734019237958,-3.1768059665817816,-1.4514848702362257,0.16766116065181363
592663R2026,309,-1.2590170420371165,-5.059803402886725,0.41304790038639017,1.0437798178925706
592669R2024,265,-1.7223497282113784,-5.987265162022444,1.9381831139212484,2.529544601196912
592696L2024,205,-1.1372873743575742,-5.292908710762243,0.10062443525286492,1.0697901661568334
592885L2024,185,-2.773634392312317,-7.062947576766404,-1.6763119288119297,0.26455612599218203
592885L2025,452,-1.8321307792718478,-4.454932401550872,-2.033257559701284,-0.29312109194869806
592885L2026,328,-1.5662890292426943,-3.644027386766107,-2.408270807479904,-0.11103341158707666
593160R2024,194,-2.1690627752221165,-7.796092796092796,-0.8682299678175943,1.5256754001903374
593428R2024,285,-2.79357459780425,-9.044780492723255,0.5583619750113725,2.2083641180622275
593428R2025,307,-2.622090878725844,-5.477752592382444,-0.19046636797842528,1.6142467865056394
593428R2026,294,-1.7312611304923815,-6.012602145425844,0.5140717623274051,1.319303152941741
593871L2024,200,-1.2945097572694346,1.2372631425821063,4.3986716555049945,3.2468139833100103
593871L2025,243,-0.8475163168511163,-9.846967356605914,1.0955560776566364,0.9232524974770773
594807R2024,224,-0.48884564227746125,-0.15331502547411613,2.9912947766330147,1.6433055010366902
595281L2024,151,-0.4259730614417896,-1.0131596533945606,-0.4460490209671677,-0.39536870942899105
595777L2024,323,-2.7632227658312356,-7.168410308317087,-2.5141699175370973,-0.40438540012755486
595777L2025,197,-2.619628377114204,-9.11436765121655,-1.4602325548893835,0.9432219263213375
595879R2024,167,-0.8340961488769139,-6.937548450076084,1.9332824288360575,2.0099457848107916
595879R2025,286,-0.8224344641624102,-10.011890901233333,0.7611015224728319,0.6353488491897205
595909L2024,249,-1.915757187315835,-4.551021648589625,1.3656461407829683,2.5523839638704358
596019L2024,378,-2.1422204090256303,-6.64899249252101,-1.8269634972748474,0.09695293424005033
596019L2025,358,-2.1689378369230687,-0.48146795596057024,-2.867404665001483,0.22238656922059719
596019L2026,259,-2.3090585894079614,-7.855297536836286,0.7029198009278634,2.3437991954346367
596115R2025,472,-0.7399233847007815,-2.8062438999830106,-5.144695886430241,-3.184589520113724
596115R2026,184,-1.3342001388421885,-0.8723457217341909,2.563809439110054,2.52598830677503
596146L2024,257,-2.0712490248873823,-2.8489590784866436,-1.9299955052473092,0.30947620330735554
596146L2025,299,-1.8074001253191774,-5.878200094753189,-3.17725715847637,-1.2986679328283444
600869L2024,179,-3.1391321948786763,-1.3736091764260776,-3.5773721458574466,-1.023738554347907
602104R2024,181,-0.8046066142968821,-11.00327401212357,0.6588528282134049,0.6893971352964319
602104R2025,251,-1.518066292629258,-8.293164983054332,-1.8942198956880676,0.1624053919994471
605137L2024,212,-2.738860994611412,-0.5579276425166918,-0.1699584760619957,1.8537802199172515
605137L2025,244,-2.8501305380769004,-6.286985855063659,-1.4804131489425623,1.3538966781675552
605137L2026,263,-3.038228049268767,-3.23449698703165,-3.713997922677319,-0.22005706368967393
605141R2024,278,-1.7256193203094643,-6.88019144598092,-0.4321665915368615,1.128300589163513
605141R2025,331,-1.0093960851667394,-2.4695451960833945,1.500736068586267,1.62576567635585
605141R2026,245,-1.1760256842310004,-4.409245790676897,0.8384244677990718,1.3575913194698992
605170L2025,179,-2.287850708386697,-5.206086214850751,-0.09170485914798221,1.3888435778447392
606115R2024,375,-0.4885447505673414,-4.351968674560798,-1.6991967025990447,-0.44704786667385205
606115R2025,130,-1.2271808622635385,-0.8365337645493272,1.1277287741032729,1.7558182297489204
606192R2024,458,-2.012315865997397,-8.446245017170224,-2.263615991306743,0.45119938460826414
606192R2025,394,-2.4404366987395107,-8.76056132701506,-1.3820589826930485,1.0933594652416705
606192R2026,316,-2.464219873402906,-5.035496859303943,1.3209920418471206,2.5425899910009795
606466L2024,189,-0.4510185924572513,2.696017446984565,3.08879352238643,1.9443904291483922
606466L2025,224,-2.362556157643953,-3.9677345609147165,0.18555897291183765,1.1604714378162475
606466L2026,253,-0.6957615745428173,-4.523858760269225,-0.20661435336357448,-0.23067701778793193
607043L2024,442,-2.1528818106574477,-2.3549899360180278,-0.9650263950103195,0.41145365189175226
607043L2025,454,-3.4798289036412373,-6.667293659768042,-1.4002757604196083,1.0243416848762046
607043L2026,448,-3.3203075659119388,-7.673372253301523,-3.3256460373591588,0.4930229633979575
607208R2024,338,-3.4532873850958263,-9.012513196420304,0.19073038168264494,1.3829695758481648
607208R2025,404,-3.5123673652162,-11.188545431544828,-0.580545545106425,1.4660393445781648
607208R2026,427,-2.7118637752504977,-8.906565728302064,2.1307923115859198,2.8712705283598146
607680R2024,225,-1.9844735100479582,-9.134709755114166,-4.317530498272615,-0.8226771196869638
607732R2024,170,-0.6761053975813913,-14.31158921706911,1.577423522127796,1.0888617437734627
608070L2024,399,-1.8076865352800935,-3.8673239543633686,-1.5497969543943468,0.3103022807535539
608070L2025,359,-1.5990102720161978,-5.874518985335134,0.430675176294428,1.4499334346487014
608070L2026,284,-1.6360028482652675,-3.485465585296165,0.1702781162141543,1.8871660116166007
608324R2024,395,-0.9336455115989368,1.098199168666947,2.3268282298282035,1.9418166014768885
608324R2025,321,-1.0460692591240144,-1.880466837509659,0.9220661205814227,1.3537735035477798
608324R2026,459,-1.063402514236515,-5.969393816405762,-0.16650129318584736,0.6334147736281822
608336L2024,142,-0.49328640337548757,5.302628200144652,0.8867506182760734,0.801813366271235
608348R2024,175,-1.3832410187634407,-3.5014397291041717,-0.15457478550865011,0.39331719260871045
608348R2025,259,-0.4653114300964019,-5.849010309097616,0.024905207330392448,0.301599377342756
608348R2026,262,-1.0158234310052476,-5.738356236313549,1.043884896730693,0.7421670114908757
608369L2024,252,-0.40036093421760305,-4.6497814983579,3.2615611970978513,2.3580650956489855
608369L2025,241,-0.8981880845662327,-5.205227476176665,-3.7381047476109623,-1.6925887358761016
608369L2026,228,-0.25343969155151747,-1.4137628926752117,3.5779483402967758,2.3253254927962463
608385L2024,292,0.01710971185973907,-3.139932472577812,-0.9718746567174225,-1.0094815732142777
608701R2024,192,-1.4128129355952732,-4.061988514772596,2.616015418020134,2.806500929286009
608841R2024,185,-0.4063570487483572,2.2192421105464586,1.0976345645534602,1.749038491737741
609280R2024,220,-2.9549598639455827,-2.3886621315192738,-3.559691255865951,-0.9776196994645331
609280R2025,217,-2.2812880613362503,-6.165701768111407,-0.0035376005102538306,1.556984194950575
609280R2026,190,-2.9912541673896005,-8.290314533667678,2.386525846188764,3.2348326389800643
620443R2025,189,-1.0515084741358744,-0.6701910938766927,1.6616172231667465,1.4450389834629838
620443R2026,203,-2.378817893575386,-8.239536828038311,-0.1694713234010298,1.868591720113983
621020R2024,389,-0.8309254277997351,-2.934535525106362,0.28959189105006966,0.9876671741680374
621020R2025,465,-1.1231336611484528,-3.8273813083184667,0.05208161228996844,1.1622255000747588
621020R2026,286,-1.0372310546263115,-3.5491492331934316,1.9446085053477158,1.6229255800639302
621028R2024,166,-2.140437088019588,-5.4859863952403405,0.4970829319616538,1.2550049555492953
621035R2024,163,-2.9831833444057607,-9.388104331455553,-6.836413934426234,-1.7813028674515805
621043R2024,203,-1.5082023288608795,-7.787635684890273,-3.0390906579716765,-0.7688894717153434
621043R2025,388,-1.4510755395752901,-12.244325413953254,-0.574023534408788,-0.18468960208057156
621438R2024,239,-1.744949420414296,-4.0443378425472085,-2.772996735355741,-0.94903395622633
621438R2025,214,-1.7551838602997756,-7.033231098002833,-3.6865239430531833,-1.0319338974579249
621438R2026,144,-1.0953841698836209,-4.771607436934438,-6.081021447688116,-3.1674885391503285
621439R2024,253,-1.8163027919294754,-7.824117994725453,-1.297908972199818,0.13277197654255624
621439R2025,352,-1.7371963642993271,-5.547306567994871,1.965816447947508,1.4034949538731714
621439R2026,253,-1.2543214065906685,-6.201759051851782,-1.6827703526408917,-0.15782083038097575
621493R2024,378,-1.0928636489109238,2.4687335718283596,1.6983802636490173,1.9269079916157037
621493R2025,437,-1.3535020879921296,-0.9131914909236304,0.41495714588849075,0.5522347340537792
621493R2026,334,-0.9722723103041461,-2.5495182870959274,-0.9262766378545562,0.13698142499855032
621566L2024,569,-1.4414490774248998,-8.514942775192399,-2.461876817061505,-1.0526726779483053
621566L2025,554,-1.9420141304275649,-8.041531043017061,-0.0572909158607941,1.1702502858289885
621566L2026,502,-1.3550211482911398,-4.987588072809978,-0.8181708484660136,0.7067574036840949
622268L2026,146,-3.625669291048269,-12.255329225143038,1.7531903409099057,3.376739350972441
622534R2024,221,-1.3063578036314036,-7.266843501366717,-1.1867014403429876,0.38563937559630723
622761R2026,161,-1.2664798401598412,-5.163769563769564,1.6873643169057995,1.9595168827906035
623912R2024,158,-4.134049442546632,-13.168258083988423,1.2490332077055655,3.2255599262592236
623993L2024,425,-2.9067417064107404,-7.955859813750106,-1.962830054843555,0.568710326092371
624413R2024,442,-1.074431523851053,-3.305238409001653,-0.48074485459708016,0.5913778157586104
624413R2025,488,-0.8774379052957259,-3.2859369889588717,1.9393284229008305,1.9259565922486368
624413R2026,474,-1.1252809809535982,-4.448896116879371,-0.8034309739100436,0.5101265113975101
624424L2024,298,-2.6962353737250644,-3.32087892931281,-0.9410456337909396,1.8422968317910569
624424L2025,351,-1.7621429086061435,-3.337932755842581,3.3643981956481896,3.016428836410368
624424L2026,184,-3.120709286595218,-4.094907892274668,-1.2400337954648832,0.7043725714809151
624428L2024,240,-1.5036471314366282,-2.417265257897146,-0.29744529028806865,0.4391258329941352
624428L2025,394,-1.0435707625553146,-7.3315815799617985,1.316996060154272,1.5501613803056298
624431R2025,179,-1.3393160538053677,-5.678246569795152,-0.49796675211295205,0.6811573850505009
624503L2024,191,-1.8930026351705203,-12.4814558101075,0.44620126876686816,1.2855484151364316
624585R2024,369,-1.4673971969479767,-9.525760469217635,-0.4832444694948072,0.8405949885522427
624585R2025,225,-1.4860212855729595,-4.114751488360391,-3.4729114349189265,-1.7478534305538456
624585R2026,232,-1.225723739109028,-5.5257359124171845,0.9986298242820028,1.2259869160534977
624641R2024,216,-2.614590401802069,-10.521299204645397,-4.3048246677243505,-1.217006528552908
624641R2025,194,-3.06242060734964,-11.983695543497031,-0.410703278935746,1.5457577351497491
624641R2026,206,-2.8246228410020797,-18.052508970024036,-3.128131338536262,-1.4457781206703388
628451R2024,152,-1.841321458330325,-2.4462241295437357,2.08124980228063,2.884272088214579
630105L2024,460,-1.1432006619039603,-1.826917284050096,-0.7492597796799914,-0.3584260434190484
630105L2025,383,-1.2671870807140038,-5.0874070039904655,2.258506755905301,1.8789630097897105
630105L2026,303,-1.6180609492780003,-1.1035503233707895,-1.7580943990939004,0.06617164839078685
641313R2024,174,-0.38392234493698435,-5.254011551939208,1.2964335898745847,1.6057703485378556
641343L2024,282,-0.621564310399893,-1.2021393311070485,-1.9694952097362362,-0.23324121330837766
641343L2026,328,-1.0134077043312861,-7.377099819763023,3.059337500155535,2.5671070087470156
641355L2024,384,-2.8549125348470143,-10.391047508431049,-0.0061677952793323665,2.0924108106090973
641355L2025,493,-2.0728657611019807,-7.787898730736843,0.11468980443495563,1.4982605124140675
641355L2026,343,-2.092360560026016,-6.99957657972012,0.8199936624509636,2.217163486981802
641432L2024,135,-1.0885130330502184,-0.41508668686054606,0.5651818149155247,0.49527588378892656
641487L2024,300,-1.3590891363096507,0.5995314355656398,0.9183105561518068,1.6015911699568568
641487L2025,483,-0.9593538097491034,-6.5716881097519915,-2.440705910954868,-1.0708130065296357
641487L2026,314,-1.93277458996631,-3.2635559866748327,0.22566513415777945,1.307495506574391
641584L2024,248,0.5401864929632284,-0.6684944992588595,-2.7796837409777972,-2.1839786020438225
641598R2024,277,-1.211398123062154,-0.9718220869390857,1.2431575416839002,1.5113981319218135
641598R2025,177,-1.6267958416536994,-6.505903207408224,-0.8317960414491572,0.5790038168481089
641680L2024,240,-1.5918267781822122,-0.07537032547670132,0.8064358252757261,1.6702875974523765
641680L2025,227,-1.8367224731789973,-7.534484733917626,0.46427190969647436,1.20177360554909
641857L2024,467,-2.240320075239489,-7.915756538212462,-1.5061112600945592,0.7150337335438384
641857L2025,431,-1.6709404500791003,-5.2456884712892125,0.8780106017228541,1.9997692604444013
641857L2026,277,-2.1156752952763154,-5.474389786783675,1.6771665388938843,1.6328903956744791
641933R2024,301,0.06314052040415274,-2.34665112612243,-0.09958300519615483,-0.5037406225819567
641933R2026,171,-0.8589371636438933,-9.363601215193984,1.2025196969696976,1.4923904142915345
642086L2024,177,-1.4024691509256761,-0.9075380957968582,-0.5170112740577977,1.566045175826069
642086L2026,187,-2.8784186149263715,-9.397277387998875,2.3852689141607577,2.952586151368733
642133L2024,252,-1.979626844543842,-6.969322384342148,1.1533758696451781,2.3833126491880137
642133L2025,221,-2.197885759250912,-7.303209924964888,0.816430217775153,2.768567978203583
642201R2025,174,-2.7033436547005607,-3.1649545629808773,-0.6542740133719944,1.4342555628170612
642350R2024,299,-1.4870950994442087,-8.012661288985306,2.780404346607833,1.3005662616935565
642350R2026,187,-1.0875585628363427,-4.927810187069445,-1.3272242365852909,-0.17345400598886873
642708R2024,199,-1.8236150802444566,-1.3056192824230826,-1.7243420930931375,-0.049686509217422646
642708R2026,169,-2.6153975866511274,-7.920328324968961,1.557119787158871,2.5998975869508243
642715R2024,462,-0.7848585339201842,-4.5863653310830275,0.18807690707547425,0.47076503153883376
642715R2025,451,-0.6903775576052237,-4.978689102100698,2.168780156383001,1.9706906235913626
642715R2026,360,-0.9708777289296949,-3.053798071962421,0.00868390178245762,0.9417897783945699
642731R2024,200,-1.2008210510231934,3.2574389470941196,-0.33006990217471116,0.1324527465457746
643217L2024,327,-0.8945859155814708,-0.1213578831918698,0.7223117696896403,0.9452420806595713
643217L2025,265,-0.9075552526836544,-3.9661245299230132,-4.014336731260299,-1.7512273562502068
643217L2026,293,-1.047214421896551,-3.6858941688821614,2.678425051799244,2.327033768185699
643289R2024,290,-1.7862750699413616,-7.294298932969244,-2.009862626319272,0.21503075563213983
643289R2025,223,-1.966422286289952,-5.177686739710876,0.7821231600028196,1.6163883709579374
643289R2026,436,-2.6570347336785813,-6.664104009020329,-2.379030747105741,0.8231821622621048
643376R2024,209,-0.4818291788816186,-2.2484974237949182,-1.4791853151346368,-0.09908324680223442
643376R2025,192,-0.3459546939529237,-0.28928487231323596,-3.6176501048565255,-1.4524087344281842
643396R2024,263,-1.457301505504419,-0.03804781707681448,-0.6605039457702915,0.019693429039843332
643396R2025,288,-1.6930516681887486,-3.0870802541508757,0.12224496195038026,0.8405943837565901
643446L2024,301,-1.6197358228564758,-4.014662484871025,-0.4948565455027625,0.7991086249711087
643446L2025,314,-2.3044845315781135,-8.179290487488752,-1.3890780148209898,0.7772760618184021
643446L2026,317,-2.249388587261178,-5.296655343211954,-2.7691876918263274,0.07345857372511597
643565L2024,274,-2.68716568175138,-10.192709357990687,-0.5447097851075486,0.926947111479684
643565L2025,287,-2.7200590135252853,-7.600287052617163,-1.1600986894336187,0.48760132456825866
645277L2024,223,-2.030827664888036,-8.553016483976238,-0.7780304486523507,1.337409122272955
645277L2025,290,-2.5965601769993762,-1.1858083549355738,-2.861818082639383,-0.33256643627582744
645277L2026,325,-2.219919603934457,-8.663296093011594,-0.5164268547175461,1.7725671177330173
645277R2026,133,-0.9869213525266113,-3.369813422445002,-0.9584376922348006,0.051330631267003574
645302R2024,159,-3.1897066332711432,-8.162054791087048,1.1608969145332813,1.8205618467415665
646240L2024,395,-1.4632054169630258,-7.7313529286212646,-1.086304576842008,-0.17378179189579407
646240L2025,496,-1.7357532176096613,-3.746739371211189,-2.6684029672276774,-0.25051017597309366
646240L2026,475,-1.4773793254327732,-7.540554993410232,-0.14666457418916373,1.449933967619278
647304L2024,372,-0.4311089463309305,-6.165821408328322,0.7126934853450925,1.3921448083576724
647304L2025,307,-0.785695287539719,-5.3797834975134,1.3140738189718852,0.6518392718166368
647304L2026,324,-1.0535817456854935,-2.0925165512523507,0.17959231622641103,0.6965876178541315
647351L2024,168,-2.6238636674978166,-3.554212724944433,-0.18488094452298248,2.6979843364786578
649966R2025,197,-2.163047629062666,-4.448369882645228,0.19629488959677963,1.178951175276372
650333L2024,408,-1.1105683031883595,-3.2894307166693157,-0.026994675303117895,0.5654519530762747
650333L2025,449,-1.1224512641819666,-3.106073264611542,0.8384792097888998,1.580037942858393
650333L2026,459,-1.4603564707710917,-5.672361911692415,-0.7968205631060629,0.6861413702369937
650391R2024,162,-1.0498537252735636,-8.727949347362143,0.0780358495026926,1.0886054686145927
650402R2024,476,-1.9096362460460863,-10.494759769521952,2.1298017942854637,2.852195549879674
650402R2025,404,-2.542417979998471,-9.751007860588501,-0.3054916930970664,1.3382156455823855
650402R2026,284,-2.6174631506153223,-7.083155996199474,2.8375503395060755,3.264994409971655
650489L2024,320,-3.1233953028044357,-9.794285951266778,-1.9436961064565512,1.018411887430056
650489L2025,241,-2.0422734847993977,-3.9659513571454648,-0.8431373750480621,1.3189699007246434
650489L2026,219,-1.3338795001295032,-8.073426573426577,-0.658901153053808,-0.14064621164468427
650490R2024,371,-0.6033722004582321,-0.017910989095062585,1.639981081718679,1.2345048350668386
650490R2025,405,-0.31500621301148657,-0.678638392065968,-1.2076596887445725,-0.5869569763419182
650490R2026,433,-0.46808704656977307,0.5155266059095075,2.0036793082633224,1.727235415087749
650559R2024,451,-2.4138198624759295,-1.9751408544025166,-0.9452309418406127,1.1662787681183802
650859L2024,145,-2.7142474862944677,-4.976614548762201,-2.823045784877419,-0.03156446259220416
650859L2025,292,-2.5720979438604825,-5.252785190833227,-1.539075669010313,1.4978859625742544
655316R2026,306,-1.5746648638362692,-7.336916937414302,1.9845561453965161,2.0620452656010215
656180R2025,227,-0.2996689748506803,3.8686616738898776,0.4640476190476208,0.460795939948067
656305R2024,470,-1.3527061320344187,-6.934744925564494,0.3065783136971299,0.8327446865527066
656305R2025,338,-1.1393135616819816,-2.0898381895147553,-3.9938942989384936,-1.611861333514311
656305R2026,234,-1.2432988361046953,-4.503834822523401,-3.1978990973307426,-0.7303799371158495
656555R2024,414,-0.48640216917128204,-1.6322006787692904,1.234788141072142,1.0311372888404406
656555R2025,230,-1.3874222231323785,-2.3082782106671615,1.0610624265853712,1.6938765580835144
656555R2026,211,-1.0968804099297742,2.648415809243836,0.7122249344124367,1.2954613767450587
656582R2024,236,-1.734746263092616,-2.929986198215364,-0.910031296274016,0.8689050222712575
656716L2024,223,-1.5537686764080054,-7.799830490595139,-0.03039864473938858,1.1921082648625534
656716L2025,371,-0.9348536226134163,-4.429015574354158,-0.10925982001414641,0.47812127220307765
656716L2026,292,-1.1710462187332615,1.4901809025437762,-2.999883508211142,-0.10398609489095986
656775L2024,342,-1.1291632849060422,-1.798082743078282,-2.425051706566822,-0.48056062786274817
656775L2025,396,-0.7061079030976752,-4.839349062543549,3.4359596652497086,2.6466927126690494
656775L2026,342,-1.4723811403508742,-4.578885098548842,-1.7354616402986438,0.26816484784108613
656811L2024,315,-0.9780328703280733,-7.978828993581433,1.692991763798174,1.1721859081157258
656811L2025,365,-1.0259998954187506,-6.0652488021008555,-2.5136424638759096,-1.0028086993102292
656811L2026,274,-1.394191444325056,-3.98034453030421,0.519163793138371,0.9914813675916769
656896R2024,178,-3.389165751953406,-7.854389957130585,-4.640391997811588,0.2559859080660226
656941L2024,400,-1.0162954963170254,-1.1718132676141224,1.1663481426320867,1.5678808153009371
656941L2025,433,-1.2211834377542514,-5.78217270176678,-0.5473233175931702,-0.1566078178310515
656941L2026,453,-0.5453317458674841,-6.6489369980936,3.1594875855209095,2.164486010999459
656976L2025,205,-0.18880008109978044,-8.114861622818573,0.16405626477347796,-0.0017244514712029813
657041R2024,314,-0.8515615810007352,-3.3396857060886354,0.41487216467080723,0.9725616097350832
657041R2026,241,-1.2819840126864654,-2.3652020445723845,2.622857382094105,2.139062740018664
657077L2024,352,-2.932271034121138,-1.846090909590112,-1.6826299265049405,0.9178991174513866
657136R2024,333,-1.5811330716193601,-8.197361574072504,2.2161480597923258,2.2240479082853937
657557R2024,385,0.030325165329921307,-3.1742785657389767,0.40283205028172636,0.49331126210604526
657557R2025,169,-0.7068211959341361,-2.207498882017659,4.672859675882496,3.93416557504631
657656R2024,195,-1.5659872530552463,-2.2704720222005816,0.12628951012223744,1.3235739953017422
657656R2025,350,-1.1938026023702915,-6.3962007581415214,-0.29776456140314217,0.2180046947297744
657757L2024,391,-1.6275461776276348,-9.942082587184712,1.3263106607099917,1.3609814041136703
657757L2025,437,-1.4408526505567896,-7.408773756887712,1.830103361667386,2.2279141409611536
657757L2026,329,-2.3786354174669166,-6.640365456503946,0.17643085047155505,1.1099952360557588
660162L2025,145,-1.1476169675574641,1.3779622845288888,-1.709262479099508,-0.0588892540879766
660271L2024,423,-2.977469633120659,-11.01334949791909,-3.0728368221222255,-0.006126414852692615
660271L2025,430,-3.4541423099344506,-6.199439037208019,-0.5230777667486564,1.8896100900659345
660271L2026,366,-3.2796082402044404,-9.271051225053878,-2.201639238167264,0.8508470231229515
660670R2025,282,-2.358789054414874,-0.4424125347290333,-1.4661565539148889,0.6892592761512057
660670R2026,293,-1.8574642352251634,-5.083437485347077,-0.22791540121232257,1.3001803991010665
660688L2024,230,-1.5908120039057367,-2.650983749487715,-4.764358625292113,-1.8280785741860064
660688L2026,131,-1.5269321240812512,-2.849611402242981,-3.054124196025727,-0.4457764863271929
660707R2024,144,-2.0437405734977756,-14.134291379699714,1.6819829036527527,2.0730035522200656
660766R2024,166,-3.3538373542852407,-8.081881178822123,-3.132593360867004,0.5145059513274716
660821L2024,343,-4.264812321595423,-3.823258548802869,-5.386415730645278,-1.1020999050262448
660821L2025,319,-2.893847220590693,-2.5715878877630054,-1.2488552330396558,1.0204974254894505
660821L2026,211,-3.216186934730532,-4.988983283254301,-2.3199684734167394,0.4412508315294391
661388R2024,421,-2.6929970887746975,-11.802879583471208,1.4964647936576563,2.6061582405556445
661388R2025,402,-2.129686112951655,-2.534823616154451,-0.44867704250742013,0.9633503258433432
661388R2026,312,-2.212306887423972,-6.301254064568299,-2.3658504458322693,0.30784828397684366
662139L2024,355,-0.2963186529119948,-1.0453172119350902,-2.305127503559408,-1.258275581647282
662139L2025,167,-1.0888300854632096,6.340639924231255,-3.48567118211294,-1.3750807883274834
662139L2026,365,-1.0094278317249934,-2.744180734533093,-1.3687677629531314,-0.48556904049359456
663457L2024,250,-0.6302749744991367,-5.531706002214776,2.428691149701333,1.3850121155433481
663457L2025,345,-0.7110794201918398,-4.4087191262292205,2.47145872372556,1.5963710270271778
663457L2026,202,-1.1808107211910026,-5.466846197837633,6.867097051177085,4.421560243066915
663527R2024,187,-1.94933129597431,-3.7756834560598596,3.618458193979935,3.2006652110777103
663538R2024,400,-3.0443239299817946,-3.4844770812940595,-3.0049104120017702,0.5650003093265377
663538R2025,425,-2.7113571431511287,-8.128983822798872,-3.152276180986876,-0.3306070105997092
663538R2026,414,-2.3397260023531588,-4.896569328107156,-4.227945277103098,-0.9851956590253561
663586R2024,278,-1.3501821959503082,-1.3521121179962043,1.8800485840315857,1.7551245041480716
663586R2025,330,-1.5856695627396398,-2.059140509408378,-2.4918225115107973,-1.1332070749404235
663586R2026,412,-1.0998937173738041,-1.762699815073279,-0.08122830759856528,0.33934665436549005
663616L2024,245,-1.7773493046566855,-6.7046178832609185,2.9137440990690897,2.376996550414926
663616L2025,329,-2.6300608307208506,-9.72444764569801,-2.99240034246253,-0.0977452523173189
663616L2026,261,-2.070130985575022,-14.942487345877733,0.2622146465980479,0.824585394208602
663624R2024,362,-1.7973105864358636,-3.6248359811718376,-2.402986823140881,-0.25053437127339845
663624R2025,285,-2.715735719196396,-9.05790312236216,-3.9806347634721755,-0.5938616434147381
663647R2024,194,-1.408199313639706,-6.6594625297093595,-1.6085024575140001,-0.3745116679684567
663647R2025,331,-1.4846720943793912,-4.386619334542955,-1.3590918398615222,-0.3856807010411954
663656L2024,147,-1.3259206105755124,-3.2765483494011103,-2.525554290441641,-0.13784811241621053
663656L2025,315,-1.4080267219349714,-3.252404213311409,-0.8976901825096375,0.17907110169011764
663656L2026,367,-1.3611420709529505,-6.522128849257605,-0.6154467686236604,0.7317166013603098
663697R2024,356,-2.3702562178220066,-5.5240820396790955,-4.359390938458965,-0.6795055100101481
663697R2025,399,-1.4961401428288346,-5.637955304241372,-3.5100589240453597,-1.4317075019186798
663698R2024,170,-0.6588698445854707,-11.816465417148008,-2.3315547043290903,-0.9841552661492412
663698R2025,181,-1.2681032473273854,1.4628187904049967,2.183172572768677,1.6336045713279803
663728L2024,342,-1.8438582512547623,-6.109397081083199,-0.7793190828035204,1.042424226668805
663728L2025,342,-1.816193266888928,-4.805586514271684,-2.9122697352342404,-0.6032307159546356
663728L2026,276,-1.6544376482955796,-6.555311645659267,1.3004230213123984,1.3836199234616962
663728R2025,163,-1.799579055440816,-15.251838351768226,3.244771372968657,3.2469839145226214
663743R2024,181,-0.6628913052734686,-2.220504527938902,1.7082296666060273,0.9402537877725144
663743R2026,186,-1.8816811379082077,-2.5404997880573053,-0.5889394079029121,0.37706332305822005
663757L2025,343,-1.005096159060683,2.5327561393415716,-0.8819205518278712,-0.23118589359296676
663757L2026,272,-0.30371468268398394,-2.1087562096347328,-1.3356113396441975,-0.5507256534614707
663837R2024,392,-1.9221480516173264,-3.141798186712502,-0.6665160831037031,0.6617353371095682
663837R2026,222,-1.2663207768907712,-2.859190355213685,3.7225872529639497,2.901306833177369
663853R2024,174,-1.6528870551739014,-9.512990986883915,4.551289187097748,2.806572392256053
663853R2025,235,-2.001851875309702,-6.721433987835344,-0.43312066892845336,0.2057934639344995
663886R2024,251,-0.6169183517113995,3.4083082963946802,-2.2688726235545826,-1.2903233719378273
663886R2025,208,-1.3744102179261133,3.0544080558287177,1.049943107236356,1.3761488138330615
663886R2026,284,-0.20248054142279173,-3.858005030314864,1.2076931567472091,1.8144779311869423
663898R2024,304,-1.3075161791498529,-6.431230229118925,0.47078313527272486,0.5402491015284238
663968L2025,220,-3.873819071623147,-9.466914176862288,-2.8161295419895986,1.5470917741802963
663968L2026,279,-4.299172495651943,-7.033460115626906,-2.0061868855232246,2.0813666811167733
663993L2024,390,-0.7764747118398773,1.0721173887709075,1.74666958900952,1.8831763728249518
663993L2025,490,-0.6340388417846986,-6.8221010250283465,0.4639885325114485,0.694534016846714
663993L2026,331,-0.965293293236234,-0.17949955101657847,-0.7592729306973889,-0.5831137000938333
664023L2024,322,-1.4098172172581953,-1.7734128689676045,-2.870666813410027,-0.6720606839889407
664023L2025,325,-1.0642524009930017,-4.47129252103912,0.2734587438332532,0.5202033675133373
664023L2026,354,-1.2308198762787725,-2.162058703859981,1.5476174663771856,1.527825350545128
664034R2024,330,-3.0171590147347347,-6.699024874782022,-0.10827139380118678,1.7291706128007238
664034R2025,326,-2.298357493148084,-10.753813674609606,1.0998272531875417,1.9526789367148354
664034R2026,369,-2.2370182115475976,-7.787568062968915,-1.6976003260442973,0.28116544803717414
664040L2024,282,-1.7410676003972785,-9.785065974055396,-1.4238129431363782,0.24633975608280068
664040L2025,424,-2.196585381313688,-9.85430120644616,-3.056411565018003,-0.45357237911141335
664040L2026,470,-2.932575040155659,-12.699058629373772,-1.261491464984989,0.930945410067181
664056R2024,276,-3.349323220034898,-4.801499527776901,-0.03384625902805527,2.473786453959974
664056R2025,355,-2.2163950088932114,-1.5575784766658636,-0.11423708989452123,1.3150199036193062
664238R2024,278,0.12349279862609285,7.30933826687893,1.349283374977627,0.5088154815438405
664238R2025,196,-0.6026722829616709,-8.822866295836402,1.4175889450084151,1.0941101730561358
664702R2025,193,-1.7025339314094707,-0.41279045493536265,-2.07107459640063,-0.5121089217056212
664702R2026,185,-0.11341804499175301,-0.04275825988973453,1.1768157412580502,-0.44958014554336534
664728L2024,255,-1.1641159757287047,0.8642030107155082,1.213119961126376,2.102149077452334
664728L2025,226,-1.0722385288257754,-1.9150795807582555,0.8272711197584959,1.5881542022437338
664728L2026,164,-0.9379304253557142,3.3976732798617775,-1.9111899038461506,-0.37064238244126374
664761R2024,309,-2.4298673195843743,-2.6885806450636496,-3.083233996144474,-0.2617289328928343
664761R2025,279,-1.8730958329856904,-2.0547414135604343,1.1870670779593793,1.4268694867120433
664761R2026,347,-2.3226439785551625,-1.601119101765475,-2.7200498328686056,-0.36909842723655795
664770L2025,299,-1.2818995845086572,-6.325820697310982,-2.7885836342777965,-0.8777180014079508
664770L2026,330,-1.4546896246013337,-5.225675802598045,0.6699029141805871,1.0358407395599079
664774L2024,257,-1.1890787821958406,-2.0896902221058293,0.63306111180192,1.6317901043193364
664913L2024,263,0.3125840939994025,-2.407527966729345,2.7564221430637534,1.7136705127632599
664983L2024,275,-2.646219866693153,-5.236625469276435,0.8126887305722139,2.642097443469546
664983L2026,312,-2.6186216224066796,-4.2925338458506825,-2.6131947012831582,0.062287647352031315
665019L2025,276,-1.1661587239388955,1.898086381742993,1.8529326583581898,1.5035521395647742
665019L2026,409,-0.8539630461402078,-5.35735433116467,-0.24549643697594817,0.48294121832112896
665052L2026,174,-0.9402303236835575,-0.7033313089052353,1.890368738922666,1.0332088372037327
665161R2024,383,-2.0742090582195383,-7.191321769164842,2.560953036225819,2.689150862605213
665161R2025,251,-1.7829331832861854,-3.914495454307392,0.7466468245772292,1.4987975821840889
665161R2026,320,-1.8978700491370541,-8.606277642224317,-0.03365383604922029,1.2260858260192546
665487R2024,229,-1.5854092917490685,0.4293142329238887,0.2031442949581318,1.6096011859637356
665487R2025,364,-0.8942308689789724,-3.3302053429888865,1.358892627364456,1.1490147373222326
665487R2026,333,-0.9423858954984488,-4.711139352072476,0.6005697835717683,0.940632526078429
665489R2024,409,-1.7669145751788409,-7.216911517942805,-1.233235214585536,0.008552302347417738
665489R2025,323,-2.552674371651011,-7.350287143730552,-3.212729618188051,-0.2949912022521266
665489R2026,313,-2.2337547215190745,-3.3321453638652847,-0.8327721227810413,1.3709384812262666
665742L2024,378,-2.2261127159166314,-3.303926884122946,-3.2939274948663435,-0.40190922773201226
665742L2025,391,-2.33291091474015,-3.849897768223552,0.4857314650322211,1.979007668342112
665742L2026,243,-2.331911152288302,-4.029625142371463,-1.2131628037235047,1.4593447278981233
665750L2024,279,-1.5624909286141753,-6.9654624369088,-0.6763308450599432,1.1113412908714138
665750L2026,217,-1.0961022951571415,-5.714008317026425,1.1714011703563818,1.8852845991868077
665804R2024,228,-1.7448660935227176,-4.395327341110473,4.59211854481598,3.806391824703466
665833L2024,368,-3.47224431159766,-7.793820203129172,1.0699323598717738,2.1871300619785266
665833L2025,316,-3.346843202525512,-10.651411209411345,-4.132699711412365,-0.2744810353711865
665833L2026,249,-2.3470105996830726,-8.835773689800346,0.816118144253222,1.934399098387999
665862L2024,379,-1.9578087073802732,-6.282012218789715,-2.6085069334842563,0.148136351978012
665862L2025,352,-1.700796125711832,-7.403864808760719,0.8224318803880665,1.7790023135193336
665862L2026,367,-1.5947009610891696,-3.977636670415128,-0.6757356069803603,1.2172746762480569
665877R2026,259,-1.8801768549596534,-6.426445336872123,0.15079374332070256,1.257843239645236
665926L2024,465,-3.3665760402653073,-13.4746656695488,-1.9856766748792183,1.1549724235636643
665926L2025,284,-3.56542158342699,-9.317465101560494,-0.8325294960223195,1.9819328746613996
665926L2026,381,-4.196620608592442,-11.421199474322876,-1.255789923417066,2.1376475003322697
665953R2026,131,-0.9211010446246685,-13.257978897742678,-1.326358612814805,-0.03873051842796871
665966R2025,368,-1.930999288327802,-8.140314608995803,3.5481416611199217,3.3564622206543175
665966R2026,226,-1.0270294401980444,-11.151508375345584,5.65570149520995,4.944630176959588
666018L2025,329,-1.9275723538417646,-4.773717124133685,0.6440792323739901,1.5895616457937944
666018L2026,429,-1.5221418257167962,-3.1013884141296275,-1.9515412852941258,0.054797110952507555
666023R2024,237,-2.1125883897041544,-10.101568570318571,0.01555594351710754,1.0364091118915022
666023R2025,276,-2.3782003949607713,-16.04006649424524,-0.1382031121452722,1.980392359200988
666023R2026,165,-2.4534784317157348,-5.753995831289548,-3.8789486743961117,-1.4542466752531518
666126L2026,258,-3.338643967590123,-7.664288751785811,5.4761017489355615,6.092007867159813
666134L2025,304,-2.8884243263895764,-5.39583984068483,0.5035834445589169,2.4640239996413307
666139L2024,366,-2.9386259748016803,-8.725094180159836,-1.3403225984053946,1.211360699087834
666139L2025,413,-3.8393953366609552,-13.724394456079182,-0.23009007466180165,3.1719353940398873
666139L2026,327,-1.383562647593627,-18.401174284763147,-0.8435385739365612,0.1526288943894536
666149R2024,233,-1.4608616033583675,-0.33448768164507003,-2.4775888179557852,-0.8481236276916173
666149R2025,167,-1.8281929349470591,-6.392147906390784,0.7728256787911995,1.6586988097801312
666152L2024,187,-1.2262034152775823,-0.77558133420819,-0.471703986143787,0.422460312447269
666152L2026,265,-2.0858079408192225,-6.331570393863733,-1.6393163626874598,0.09600694895367953
666158L2024,294,-2.2497238024767485,-4.152566053283119,-3.0549037674262096,0.17170239379066876
666158L2025,302,-1.9021843123171707,-4.130943518291748,-1.7536975770116048,0.42843672785384423
666160L2024,310,-0.8770898957005029,-4.6305539419970545,3.8612365932160597,3.0846160912463527
666160L2025,291,-0.275303024329643,-1.6354244264985898,2.358806469920439,1.731074254545969
666160L2026,269,-0.789867398002112,2.1978338299581837,1.2372483537585675,1.7291677359644306
666163L2024,236,-1.1997543410011833,-5.755144621186776,2.048955112970403,2.5776705547929746
666176R2024,321,-1.3881939594649053,-5.075032044305789,2.095578614301255,1.9191711605133415
666176R2025,392,-1.4541259397064414,-6.0400497114020935,-1.231775828196481,0.10800488640161907
666176R2026,470,-0.9281454514236304,-8.378632106374662,0.23101615515465468,0.5180579094835931
666181L2024,271,-1.2113104585491712,-0.8861067352753814,-1.8214294305356258,-0.18702888299247525
666181L2025,130,-1.5471655557183777,0.36609006104836417,1.9270402988744484,1.913719541760019
666182R2024,189,-2.311340900758199,-1.0863944969596193,-4.298316922534124,-1.4702301565681988
666182R2025,402,-3.1525052456262075,-6.364110065083505,-3.1717015953006533,0.16254691629732854
666182R2026,503,-3.359876134358514,-5.303762184412038,-2.632595287121982,0.653447440362506
666211L2026,162,-2.171218346520343,-4.563952289198209,-2.3399073560077763,0.11909897319362225
666310L2024,290,-0.40255768799102226,1.2000233468069728,-0.38642174476885494,0.12989857425188012
666310L2025,326,-0.6465137223069599,-2.4194930446651473,0.6878626658866596,1.2997986962984596
666397L2024,166,-2.0092139430982954,-4.264389269546566,-2.6019655040699687,-0.32119069242622356
666397L2026,150,-1.891847652890799,-2.432871349686296,1.558902411267972,2.477814563230358
666624R2024,318,-0.46278440480298544,-9.106618711576012,2.4609955604476617,1.7663908093755498
666624R2025,167,-0.37417334600536956,-1.3869600989084683,2.615413719943424,1.5452615813142954
666969R2024,438,-1.9840694247193158,-6.951348964739876,0.8803406767465736,1.7740113641626276
666969R2025,408,-1.541408664067392,-6.672597158083819,1.1383597377825543,1.3936000850268415
666969R2026,197,-2.2210668010064447,-4.597305496368973,4.128931113113744,4.7521312157437485
666971R2024,363,-1.6344969954908837,-8.616114402360337,0.030982830791369917,0.6097526657463187
666971R2025,374,-1.295540002052369,-9.927297306640039,-1.2740505042367936,0.009634890087499015
667472R2025,193,-1.6250740556934185,0.7025290122064323,2.9476090078356263,3.272828983262567
667472R2026,237,-1.159340023190064,-0.01862466709783908,2.78341187716745,2.902803388233726
667670R2024,376,-1.6760041842463202,-5.959441543694543,1.114475536923536,2.203602483960219
667670R2025,382,-1.764731307986792,-6.23612038549258,1.1321584750068991,2.0142461507338254
668227R2024,446,-2.141448334332081,-10.135462419611128,-1.2123428658971527,0.7139411202549847
668227R2025,467,-1.9283919101507248,-3.910190300773056,-1.3308545331246346,-0.1190208474341845
668227R2026,485,-2.259817529826073,-6.685550163896628,-1.361036597559531,1.4084118264452468
668670R2024,190,-0.480396380260476,-1.3779714622940171,1.408181404672447,1.607762171006879
668709L2024,369,-1.1159923257807245,-4.993222694649474,3.5742836087550316,2.9748077332632135
668709L2025,205,-0.9673171775248217,-4.467999925516265,2.7574872375272834,2.9337169994274377
668709L2026,309,-1.9285523414729797,-3.498792684964597,1.2041897371410315,1.7846442935680873
668715R2024,429,-1.9791423987632886,-5.170623294352494,-2.301444958020452,-0.06720743755070052
668715R2025,443,-2.021849542866792,-6.531125154396498,0.6054357827088982,1.6405232490187376
668715R2026,254,-1.7857740685871264,-0.8921001605789596,-0.6490411791472348,0.9610577391951386
668723R2026,182,-2.0063101407752217,-5.692174125124561,-3.3038085787948415,-1.416889492186446
668804L2024,288,-1.9600305810222838,-7.6050630514546445,1.7811919946866728,1.9664259786680138
668804L2025,320,-1.104753922914544,-9.544268499363492,-0.4443716935884814,0.20111886563748183
668804L2026,254,-2.3914942476414387,-2.259608532471851,0.0703400837611331,1.790342786946045
668804R2026,140,-0.8307036622698616,-10.181335692171606,4.3337310013587445,3.4682060432777613
668885R2024,121,-2.355179017593417,-3.504016064257028,-3.49080596400844,-0.9895278883587766
668885R2026,172,-1.2596599421104817,-0.29872736918807297,-1.052928287890221,0.637335530691801
668901R2024,281,-1.3818311111255246,-7.484123547480289,0.23660789080434308,1.0712034023801953
668901R2025,298,-0.5993172697914915,-5.446309317985567,-0.24377351864612723,0.12179380039540058
668901R2026,172,-1.0960196678745864,-1.7820606872045874,0.753572930509907,0.9547267000432511
668904R2024,225,-1.7046433277946802,-3.445602097022241,1.152554766124311,2.1172669960520576
668904R2025,274,-1.7531146808042155,-11.988207064210224,1.8521934870361774,2.7444848208447206
668904R2026,365,-2.2397672272059963,-13.81548920380823,-2.002566660981581,0.0984699394496387
668930L2024,442,-0.05823874543075374,-1.37639249220971,0.997527257541972,1.1577748245059245
668930L2025,516,-0.9624062576271495,-2.6015931088260227,0.119441206424795,1.0944100570607793
668930L2026,492,-0.5353668207316977,-1.309200596259778,0.12591484440228087,0.5051197539441566
668939L2024,342,-2.6052242350937194,-3.6693321183484016,0.24157591965460873,2.506675232993483
668939L2025,178,-1.3318035274247562,-2.9939604441596477,-3.1551048818379495,-1.289061141945146
668939L2026,175,-2.3332547734638727,-7.161679041274629,1.9791627125619253,2.3738476051641832
668942L2024,316,-1.0330122847920342,-4.831790185089144,3.393654067692552,2.463715093041275
668952R2026,176,-2.7480892412772198,-15.469577840147792,-0.9556357195284566,0.8869978473623629
669003L2026,292,-1.306566424337907,-5.641191517194553,-4.073802298733378,-1.7839845627378508
669004L2024,354,-2.333209742401899,-12.913625432895884,-1.2255868360567899,1.0409433649357858
669016L2024,304,-0.19743162459745886,4.719964826195475,3.6071983600590687,1.9574482639498714
669016L2025,283,0.1608734296937731,1.8281690857290358,0.37433769010747087,-0.3972024644231269
669016L2026,378,-0.9463653550718738,2.018692225063521,-2.8867482755668443,-1.8542003260832027
669065L2024,150,-0.0918718718292386,1.3838677252282954,4.613003355340318,2.697011420795604
669065L2025,265,-0.7067648944616594,4.438130020063736,5.121528020343746,2.9443500128525226
669065L2026,319,-0.9544707307723069,4.394820160284434,-1.274241408964973,-0.028018728492802986
669127R2024,290,-1.5335088893305708,-2.637930287505286,1.321297719703828,1.3908179225215271
669127R2025,341,-2.173300629503613,-8.291865444555299,4.399118309685988,3.674712727630706
669127R2026,252,-1.6743718131466134,-7.098005396240332,0.603139725573546,1.172187359324851
669134R2024,148,-3.4761018713087695,-7.148155717121235,1.2549289199247808,3.620662759394511
669221R2024,199,-1.4407369948627937,-11.230830853742274,5.0173058262267185,4.041407305403364
669221R2025,249,-1.7131319667008804,-7.666238244148884,1.5741562698199834,2.062678208524414
669222R2024,175,-1.980286546512405,-1.7500852188773155,2.6936042927747215,2.8562301716138583
669224L2024,269,-1.7228728790113406,-5.136013440589585,0.5136467910548954,1.4921011039003975
669224L2025,331,-1.6601612467104114,-2.3980060343696703,2.073656606182155,2.1468624787132278
669224L2026,254,-1.965554672351423,-0.7832412743906423,-3.8268361802747592,-1.2200904841797302
669236R2026,179,-2.0991537170340626,-7.624031670084303,1.1030397511758463,1.4942269303532287
669242L2025,150,-2.772152476878671,-9.68847815614178,-2.69091239870093,-0.6428007227348151
669257R2024,383,-2.671921161762737,-7.6076104231312724,-0.023930771583102528,1.744710653834971
669257R2025,300,-2.45030938607741,-5.830416850176688,-2.181004165825246,0.24408922092609361
669257R2026,193,-2.237942612824833,-6.140402937941139,3.221242668621699,3.5238560864031747
669261L2024,170,-0.8672894795215024,-1.667316967305415,0.957642937557792,1.6452291219982023
669289R2024,264,-1.4459906066772377,-6.140217853503024,0.5078415483152328,1.5795163438520166
669289R2025,236,-1.3039086706020298,-4.809697679528781,0.053691282007776925,0.6483854799078077
669304R2024,257,-2.6255045768299254,-10.371977343823316,-2.67068524028234,0.2988921839460038
669357L2024,251,-1.0372568600900003,-2.120255685212473,-0.6601309937108684,-0.09008118388443198
669357L2025,281,-0.43178562553688143,1.6814165762908364,3.403321170892601,1.5293642367256484
669357L2026,227,-0.5383992121034613,-4.872311358624124,-0.8299585234687321,0.08604562864064375
669364L2025,226,-2.320955583272294,2.0818574835362784,-1.2439314240474686,0.5693841909590202
669364L2026,272,-2.6087696094262394,-5.451916609639618,0.9955267364762407,2.3910301975510104
669394R2024,340,-2.1527121460381706,-2.9397523560303753,0.24344766838954948,0.879394174369119
669394R2025,250,-1.520921890396434,-10.270356088205986,-2.4773279429144606,-0.7984447558622834
669394R2026,371,-2.13124312869233,-11.832081845761289,-1.5743107897031972,0.12848409679227446
669397R2025,257,-1.3882658709937206,-3.6072158383949935,-0.12801647506005118,1.206997464287838
669477R2025,242,-2.0611504765565156,-1.0486254495183784,0.18959758103018304,1.3330826434259737
669477R2026,251,-2.039058602022501,-3.293344720239757,-3.404977906731087,-0.5709546305835239
669701L2024,418,-2.1054383863299098,-5.958830786301614,-0.7765413448755153,0.6421056931808363
669701L2025,410,-2.2191969191522847,-7.823095748618396,0.13823680621844525,1.1494522549617705
669707R2024,281,-0.6696408873068405,-3.759162956165098,1.4114993761696772,0.894860777531809
669707R2025,238,-0.5003079400201839,-4.656861944026125,-1.3222534821145877,-0.6094740987276761
669707R2026,204,-0.5385540199904981,-3.268592095269957,1.2099912694143447,1.5318818966057264
669720R2024,124,-1.595004339446847,-1.816973193279813,1.1927802687923272,2.132269416756909
669720R2025,265,-1.7147150127267337,-1.7532357822867688,0.30091272844744654,0.7017105290633369
669911L2024,215,-1.9500952352778755,-9.6004967231172,-1.467233257463994,-0.048652612062611955
669911L2025,170,-2.313165021639289,5.765028779734663,-1.22162723752762,0.8777794811114803
670032L2024,248,-2.76354581892009,-2.4514764258916313,-0.546924148844779,1.1803338339156193
670032L2026,179,-3.9951930849500323,-3.6678791887125217,-3.2489027028633797,0.23095252402920713
670042L2024,282,-0.9581670798167061,-2.30711866196621,-1.025487494323702,0.4241238432224715
670042L2025,141,-1.4280143577220223,-5.564187029705771,-1.7465264976958472,-0.2060448706638376
670042L2026,207,-1.7428530940266984,-1.9349308182668825,1.3627400566721788,2.3851258157361013
670242L2024,138,-1.2583000537859848,2.3198864131641637,-0.5035106439454334,1.1622149841745473
670242L2025,243,-1.5975413934529463,-7.824592210838692,-4.224707932670889,-0.9824477339291671
670541L2024,334,-1.4434819509520023,-4.6026555767099575,-0.6751821876369927,0.25176401234273377
670541L2026,412,-2.2124354046857335,-2.611991199784212,3.1866733492428163,3.341926779390365
670623R2024,555,-3.1454752355789424,-10.110200214172131,-1.1336020311401818,1.8684379570646887
670623R2025,339,-3.2785563541084444,-7.18245775732531,-1.4430048139138698,1.8003488364504345
670623R2026,515,-3.311634880945119,-8.545350856851645,-0.88300831882366,1.6380624909361763
670770L2024,191,-1.680984397451822,-0.35921114118223296,1.9287363325941504,2.7264505507508767
670770L2025,376,-1.6674243710135728,2.3679931561483656,1.0554210854981363,0.9749610174199519
671056R2024,168,-3.587389233353119,-11.313751156279295,-3.2271679643244764,0.5698079075252708
671056R2025,312,-2.7939785930264005,-8.221653266574389,0.06474654206550867,2.147788203535025
671056R2026,493,-3.5651074668590526,-7.4204324730312825,-1.1672270448753461,1.435709069748927
671218R2024,324,-0.8257845732197459,-0.49282626463845525,3.371788109125945,2.4189320793489606
671218R2025,439,-1.1383952697008068,0.1795826606887072,-0.4510003025527884,0.6820428884149263
671218R2026,309,-0.9004070830557613,-0.0880026427548225,1.5535493638209095,0.9058879505383071
671277L2024,304,-2.7997294722275083,-9.093932655093747,-3.2545415736635253,-0.2306626764191177
671277L2025,310,-2.845523679779325,-4.280754519353115,0.33366588645832973,1.9020174601290332
671277L2026,350,-1.65990380635473,-3.967854157356727,-0.058756718725064785,1.1151038360483831
671289R2024,195,-1.1799698149331688,-5.384170578934812,-5.75550215055358,-3.380402596086398
671289R2025,270,-0.824659134248669,-3.3982048996699503,-0.8546146116582987,-0.3645506800416833
671289R2026,167,-0.9694763023316137,-1.5597611102748081,-4.078514245069326,-2.1612241220223134
671732L2024,305,-2.3468571484242795,-9.749062656622703,-0.8671150254318866,1.1720366731924858
671732L2025,385,-2.0057389399934573,-3.7331789657371064,-0.5398536931198128,0.5198277683843
671732L2026,358,-1.8933742748184064,-7.519159059875884,-2.8466568394222103,-0.6418962059987006
671739L2024,316,-1.502618031483594,-6.78047221746352,-0.10881008556745442,0.8185200898057962
671739L2025,418,-0.6807195170836501,-3.517772661901946,-0.2539860075774538,0.3014744965281509
671739L2026,414,-0.732219319205387,-7.735140367720411,3.630355944626017,3.10218517957985
671976L2026,297,-2.8024517893465424,-4.41358674257422,-2.23139876927249,0.31138168987521353
672275L2024,215,-1.8704725412778145,-7.831628379995214,-1.5209805712162874,0.11959989385939235
672275L2025,233,-2.011156881167386,-5.370961030099687,-2.544045299663138,-0.41291883063508805
672275L2026,200,-2.895153810191683,-6.574263339082119,3.4378239203973346,3.808088144161592
672279L2024,238,-2.1061304667554652,-10.475635475635476,-0.2709710353736126,1.2116302509930827
672284L2024,284,-1.6079398270609404,-6.6533355888817605,-1.1067026841653642,0.25777858115987606
672356R2025,351,-1.0670170422055716,-6.53548069315884,4.527015506164614,4.000793567559892
672386R2024,247,-1.58570116820675,-7.202362464212578,0.02375384932208857,0.5096447201130745
672386R2025,376,-1.8735795518220677,-10.030880041764238,-0.25438972455066966,0.6977492812622326
672386R2026,211,-1.7937939004522816,-2.3140187136064787,3.4031554529227623,3.2211600605048547
672515R2024,270,-2.14883115344315,-9.419115568661434,-1.5943888468654743,-0.1213329002413609
672515R2025,267,-3.0229592311278486,-3.22825512533438,0.07959554348769537,2.0340223792097496
672515R2026,464,-2.644927134503132,-5.7854968361735155,-0.6979611007274195,1.5824956467752191
672580R2024,347,-0.7811420030413296,0.46601535125999377,0.5207650584951207,0.8189721672962941
672580R2025,347,-1.1252559634492763,-2.7907858862181865,0.04171330667688228,0.906086192016643
672580R2026,181,-0.20337389169204834,0.317330995913261,1.2053034720659213,1.1990039364238807
672640R2024,252,-2.3252280414769118,-4.377602610445252,-1.2773449929307326,0.39065569818211465
672640R2025,346,-1.9097257411522213,-3.6605226842315823,-1.6028242411476599,0.2072973191251068
672640R2026,387,-2.004268737775633,-7.305545500828626,0.6360868032173883,1.7824364706177438
672695L2025,339,-2.586975548495177,-4.117331107344109,-2.0129572875864614,0.38911362750287626
672695L2026,337,-2.233933199120535,-4.940678073876537,0.9596927035147382,1.9111256792458005
672724R2025,191,-2.743972071754955,-4.904390167728532,-4.25251507686367,-1.5100241144654503
672724R2026,271,-2.305668547474942,-6.335903724131144,-1.9679230748801724,-0.3523626355462209
672744R2025,161,-1.288621907807957,-6.708924150784616,-5.8440278401436885,-2.5264832164586237
672761L2024,252,-1.110835745668059,-5.359986036434206,-2.2141569444629914,0.01791002747617003
672761L2025,207,-1.626192116625461,-9.40909270345385,-2.0140839804599064,-0.11555498814026145
672820R2024,285,0.02453126878099149,-3.0391170046825144,0.24111032342303776,0.7541378535913321
672820R2025,440,-0.7235388230827318,-4.113302860548195,0.351843664963837,0.22778397354858596
672960R2026,512,-2.2153004600578963,-10.146161973195763,0.96766689755996,2.4133017368905145
673237R2024,379,-1.3098889367238322,-3.5483746687993216,0.3621266992688148,1.2839598315141898
673237R2025,324,-1.3846749032435217,-4.083204456499434,1.963786811359805,2.0710219435994324
673237R2026,180,-1.9147646103896068,-0.03166019710137352,-3.1955680273541076,-0.35662074372037555
673357R2024,278,-1.8842210131674029,-5.644924356198664,-2.0019417298024194,-0.3304071737634688
673357R2025,232,-0.9714473956217083,-0.2934031470970142,-1.8906705599948939,-0.4731904161156442
673357R2026,137,-1.2684332788746473,-6.824155851958666,1.7068402987395466,1.8998632106311184
673490R2024,330,-1.2111860470116167,-4.540645991282223,-0.8522810387480702,0.24037208207024208
673548R2024,391,-1.9379852291908894,-2.7158518220786063,0.5746100657448998,0.9957704440704955
673548R2025,427,-1.1813256352594483,-2.1085185840378102,-1.234949211663807,-0.12993163162523003
673548R2026,407,-1.7800892703554572,-3.1478049143725677,-0.9281521903768453,0.4169124461494276
673962R2025,354,-0.8435931521916816,-3.764744101965064,0.03431835058751684,0.18541713620999806
673962R2026,247,-0.8671835728550072,-7.61307077214533,4.8992812757949284,3.789894459533149
676059R2024,255,-1.3896363798406035,-6.832140076716976,1.4784872088467256,2.633471018342912
676059R2025,213,-1.6007526274745651,-9.795744221764629,-0.5076099654737986,0.82602959944948
676356R2024,256,-1.051391736281355,-10.925257888370925,4.627086902164752,3.174354778211362
676356R2026,211,-1.6553659365417501,-4.981996312907537,-2.690410929732395,-0.06381870579206411
676391R2024,255,-1.5643006204829097,-3.6215900226316893,0.7616180809079233,1.8095941116684895
676391R2025,274,-0.9364984615561375,-1.0117814909296718,-0.19027204235280637,0.639475700503687
676391R2026,285,-1.627166010663881,-1.11111213451639,0.004973642436728418,1.3495702632472324
676475L2024,371,-2.2874588527152335,-4.390335593609201,0.13941201523481161,1.5745350566348342
676475L2025,309,-2.3926941761147593,-1.130071046211384,-1.4080221097042938,0.6569623734029622
676475L2026,442,-1.8542996155425302,-5.909982168862584,0.7054256501305898,1.839066042079884
676572R2025,319,-1.3135504273964926,-8.01713469126505,2.305248174947062,2.693395893340708
676609R2024,346,-4.2630120553512185,-8.5333832625029,-0.21483369379473272,2.8245237306454003
676609R2025,245,-3.2438397877552756,-9.548834577003591,-1.4444828218148467,0.11050612695337375
676609R2026,355,-3.8419631990504017,-14.828652152281146,-1.0068857352521317,1.3703573876714976
676694R2024,242,-0.49260707243393803,-4.134611245482483,1.1149984228348906,1.168905160260224
676694R2025,159,-1.4036958111526079,-5.415184420078747,-1.0496672313963737,0.5476911070978764
676724L2026,200,-1.8959472237879555,-7.484968734621853,-1.1748764046237383,-0.05184377912957372
676801R2024,181,-0.7646065873157806,-7.189674806092652,0.27029560386703333,1.5847099299464082
676914R2024,317,-1.5282486476505912,-3.253282432546216,1.2570637083498144,2.252483963312475
677587L2024,202,-1.9209035131947627,-6.902094004157503,1.6171633185596013,2.5509818395399213
677587L2025,181,-1.8927531860687545,-7.238941332855949,3.784986415479727,2.9932663828327515
677587L2026,280,-3.0433519829615028,-12.563990874313326,-0.8427993299356473,1.4687019623124786
677588L2026,194,-2.011316829114613,-0.950440493376782,1.4814506801976728,1.5448626916477128
677594R2024,419,-0.9668882348072232,-5.133669678249141,-1.6536732803642293,-0.5137297941045031
677594R2025,446,-0.878722070489122,-2.5444454741684566,3.11472220649554,2.7752759520762984
677594R2026,419,-2.280400356985124,-8.600380747514775,-0.27231578738280954,1.4263631285361305
677649R2024,171,-1.844095742500343,-3.911080572264782,-0.4938744696897577,0.7181572548112782
677649R2026,435,-2.6532584134302457,-8.210372278634217,1.1350912484904119,2.2235060208191637
677800L2024,333,-0.3277381357676925,-0.7941733427321386,1.1742241895345624,1.1230147543329299
677800L2025,313,-0.9122168412839978,-3.1957674374331897,3.5599441913903243,3.214608168737229
677800L2026,490,-1.073149844623998,-6.15772795423227,-0.13082561270371107,1.0456722429366703
677942R2025,169,-2.317714358993969,-0.9013652425742382,1.4823913724319477,2.097188714603318
677942R2026,208,-2.2410341925285975,-8.47259710505979,1.702898231076095,2.2102380101532
677950L2025,288,-0.8625267896533074,0.9091609107115476,-0.09100383936128995,0.8708093904672349
677951R2024,411,-2.37493133759004,-8.300002617600544,2.5392080184793717,3.2233051300152917
677951R2025,432,-2.42176750328448,-6.286301687458256,3.0515131467091745,3.2223636788215324
677951R2026,372,-1.726235351120702,-9.584987765381284,2.954487235094038,3.0572146615282354
678009L2024,190,-1.0798813256942557,-6.003844869299629,0.7520960455152806,1.450316020684749
678246R2024,174,-1.2790736138442134,-0.7967756586186105,-0.5453743314354761,-0.04495294056572563
678246R2025,376,-1.3160317062327271,-4.248187735817264,0.11336306860645512,0.8916372098334828
678246R2026,407,-1.5252455983624758,-3.231081695918649,-0.4947722693563569,0.9321873751269463
678391L2026,201,-1.2659908304640268,-5.689405915736212,-3.624738159044496,-1.5749587276373092
678554R2025,169,-2.8273697146151067,-5.096441755347679,-1.5509397742249686,0.09337190691113095
678554R2026,230,-0.6500700715627435,-7.709649738562997,0.4120441067441604,0.7065718352251169
678662R2024,519,-2.392217621174977,-9.493306646008318,-0.3814698369852115,1.4211622926750498
678662R2025,315,-2.7507918866278196,-10.861943095569,0.6086317989752608,2.10840498780479
678662R2026,393,-3.0008049068569767,-10.25856968963205,0.11360597196458733,1.7726467084015372
678882R2024,439,-1.517480218462571,-12.360100341452819,0.339720398051911,1.6760658464954254
678882R2025,459,-2.409997756356636,-14.228741783694945,0.5318535978981949,2.0868144941319016
678882R2026,458,-2.98301184113936,-12.679454311560816,1.2017483750212272,2.9950121662554148
679032R2024,224,-2.6402882960413065,-12.971952746049128,-2.2462016012914696,0.249841846802005
679529R2024,273,-0.9706222210397365,-7.94198403622932,2.7557216915073486,2.5865251666146407
679529R2025,438,-0.9660388922431739,-5.479818279275667,-0.7219035154518298,0.33204272627428466
679529R2026,419,-0.9229257439517344,-2.38877846169713,-1.234925989721518,-0.2208089366748225
679845R2026,215,-0.2859504516997837,-3.204815373250387,0.35163756976752686,0.33887746170514493
680474R2024,273,-2.2246877193365675,-4.8289409675515085,1.6691161784775388,2.7244302318960942
680574R2025,396,-1.2770848267963257,-3.4468222096412298,-5.3554389368219,-2.539777210769227
680574R2026,341,-1.1287580701093891,-1.905427754129099,-1.3560298764440026,-0.20684556801205678
680700L2024,196,-2.8018714424545332,-5.248594686986585,0.7650853115727015,1.8933269896736704
680700L2026,257,-1.666556452308574,-6.24689307998422,0.3311681196668122,1.0533628154940378
680718L2025,359,-2.5162352029886916,-4.053258677073543,0.7548107173444735,1.9872943115017052
680757L2024,302,-1.2906485085412056,-1.438157208711288,0.68240167250457,1.3355625706107086
680757L2025,457,-1.9367332183516301,-3.964358959400089,0.30169867524195426,1.4176145212888964
680757L2026,369,-1.4715026034682468,-2.4518074450610032,-0.7594831731194576,0.4096817235532806
680776L2024,467,-1.6030066674807133,0.3350027683364195,-1.5739487833597636,-0.12519123592975098
680776L2025,414,-0.5143961717074232,-0.8247575280924059,1.3728784306461166,0.7951816844737201
680776L2026,363,-0.5236740542897336,-1.4851242760280883,3.3842530350904414,1.9445475057061576
680777R2024,310,-4.020684884472662,-10.663219983436226,2.935713753323224,4.487080678982984
680777R2025,281,-2.759474806223586,-6.2686517531567745,0.5651700189521722,2.4560816769417553
680777R2026,243,-4.586828785656794,-7.778995758464554,-1.829543546835072,1.6430444448007242
680779R2025,200,-2.920038044346538,-5.505352507328254,-3.164904422359041,0.6094287747690076
680779R2026,192,-2.213569141611899,-9.167385325998369,3.077339913894634,2.7117264136066557
680869R2024,334,-0.2543332937471899,5.700262544473071,1.497820703908717,1.4907672542345065
680869R2026,258,-0.7090556399435385,-3.067204327124962,2.3076466029024747,1.1681856207767343
680977L2024,383,-3.458553673892616,-5.076433246228305,-1.749694292477318,1.3122237072488478
680977L2025,305,-3.232517200264071,-1.509939434828578,-2.568077325747566,0.8008322482729442
681082L2024,415,-2.2414658077712573,-1.0414938995657783,0.7822411796321451,2.0663457692211065
681082L2025,492,-3.5379697002190382,-7.581584474449273,-0.514405327202321,2.534358116608009
681082L2026,461,-2.8200229526199467,-5.517694597058917,-0.26846311187027244,1.9102768461989366
681198L2026,363,-2.7278551285849626,-2.2730737054222767,-1.6899704130395032,0.5371163858498456
681297L2024,397,-1.6089852428119535,-5.5600275984472916,0.024098175529670973,1.2455567160288978
681297L2025,247,-0.7216959807016794,-9.232197546576707,0.4594545053080283,0.7780787781962573
681297L2026,288,-1.2588133955120333,-13.480859040526852,1.7534007565450458,1.861819551642551
681351R2024,307,-1.725618635783442,-0.034225719863892085,-0.8487461960266907,0.7169525860366528
681351R2025,301,-1.013298176664184,-1.0092593871886162,-0.12233371911781797,0.17224354911065493
681351R2026,137,-1.8570960827649237,-2.580653782807691,-0.9029360162884007,0.7152186543378545
681393R2024,145,-1.2606995916899486,1.1628904442283323,-1.1408852631578905,0.256814529496584
681393R2025,215,-0.8473727677791939,1.1439873480251255,1.7784925103222755,1.944888812487938
681393R2026,234,-1.0846833424003643,6.771929079636907,-2.939968076564933,-1.0250952886486182
681460L2025,202,-0.5706056313851345,-3.051861831336182,-2.516296814830472,-0.7147594224230139
681481L2024,187,-0.8055216762468447,-6.33053871321108,-1.7277824291638946,-0.31741039422079315
681481L2025,311,-1.0377809663560016,0.3395218939889779,1.6757537479633298,1.8340280678039624
681481L2026,193,-1.6058563667691974,2.5809552289815447,-0.6517785876255255,0.15248356308318267
681624R2024,306,-1.3555170491764854,-4.448430111104712,1.7073603455318134,1.4828721822759152
681624R2025,456,-1.654029968874076,-4.299867398123124,-2.7859411345480667,-0.00495619539062464
681624R2026,423,-1.9571732958323163,-6.166163726065146,0.04160080102339861,0.9347182217820786
681715R2025,161,-0.5168009800297704,-8.458741033312645,0.5166010573558515,1.0398805895423129
681715R2026,291,-0.6994834160227424,-1.7238975873790925,2.1860290788444257,2.059180344538424
681807R2024,256,-0.46512731029117566,-8.191027809387979,1.8961998052932356,1.512511909236852
682177L2024,156,0.06369791918118584,0.14175209342495665,2.4213449975949954,0.45497760373957963
682177L2025,257,-0.47096815265758873,-1.6671158540418625,-0.5924001132220178,-1.1139110212084011
682177L2026,205,-0.3865072014609102,-4.093883264557133,-2.148147602385837,-1.367749052495485
682622R2024,168,-2.1016404792297645,-2.6633860614953044,3.8568587137500145,3.7823196232803693
682622R2025,188,-1.892920753208895,3.0214910736005645,-0.5870029324244083,0.8298514430202015
682626R2024,200,-1.03853170542096,-6.698766592406946,-0.8815881171824848,0.5513322453776524
682626R2025,179,-1.1024959777034984,-13.435338111037975,2.7841683116199527,1.7762722531535668
682626R2026,284,-1.115184453324745,-9.088910864811842,2.4899721925648626,2.313254833916595
682657L2025,230,-1.3665016134659025,-5.9313056138452955,-1.823206744165792,0.6240236738674125
682657L2026,188,-1.8224368660903976,-3.7896903820816865,-3.6856789899995483,-0.6120517969562147
682663R2025,330,-0.9398464394317961,-6.144262821660577,4.722289290977947,3.2777686225807177
682663R2026,144,-1.3673933976929362,-6.201440648445257,-1.9410110967463856,-0.3594120871540106
682829L2024,266,-1.1548276006261666,1.2031333891627156,3.481417275403275,2.5621505533613886
682829L2025,286,-1.6330019254927988,-8.701488634403038,2.1969491492048823,1.7518772722291298
682829L2026,266,-2.020945402520608,-9.974603449649186,-1.4559010733727213,0.33383912129946447
682928L2024,424,-1.8157634286235007,-7.062265444703768,-1.1687432422535584,0.54889893287473
682928L2025,382,-1.058592893978055,-6.242894053834406,-1.9487385962116945,-0.9395945945920589
682928L2026,463,-0.8043963832922473,-6.309915917541454,0.25801438009176786,0.7135454043550664
682985L2024,374,-1.0159626182550323,-3.2574359620848767,0.003290039693960023,0.899094713125089
682985L2025,532,-0.9535820221189304,-5.401778146593379,-2.341661784517712,-0.46009491993225066
682985L2026,408,-0.6794570111901443,-7.712302096296704,1.3119000091618749,1.3728615693429578
682987L2026,229,-0.9702388757449372,-9.143939282509482,0.1785416414599659,0.4474820281176987
682998L2024,359,-0.7716994574293368,-2.480743529424386,1.2316653080833615,0.9409586169505924
682998L2025,438,-1.4209774786166476,-0.426133607165206,-0.9993842782474418,0.05319357505447145
682998L2026,390,-1.3929466268527813,-1.5008974845205936,-1.9892734464424426,-0.0795177779937605
683002L2024,442,-1.1584712200738339,-1.5336729867506531,-2.490098832542662,-0.6312046618279847
683002L2025,406,-0.7507925764925598,-3.0975741205059375,1.048341058799165,0.9840730921057476
683002L2026,472,-0.5966665840152986,-2.206270112668352,-1.7868492868618138,-0.613344346723059
683011R2024,537,-0.8008671829030864,-4.031347090697732,0.47280471981906347,0.42561162383934015
683011R2025,443,-0.8312978962717079,-0.9651022945599238,1.8553643518130765,1.9192913428832608
683083L2026,259,-2.165277170065711,-9.082198152397709,-1.2138919977778464,1.1402683210492828
683146L2025,302,-2.0672236391918735,-6.09690705833644,-3.628006588632927,-1.0174293266807286
683146L2026,314,-0.23465403620428665,-9.417418594182672,-0.300365144469532,0.11450315269523614
683357L2026,226,-1.5167580551750377,-4.9389597559367955,-1.3439559543437325,0.17037333996764498
683734R2024,411,-1.6114467755940287,-1.9864340573466752,0.6453403382847432,1.166965554600977
683734R2025,307,-1.5202949403761843,-0.599311731781558,0.8601102171609606,1.588616735569251
683734R2026,214,-2.062057897571977,-10.812930978237636,-0.9538744231403132,0.7310348396123497
683737L2024,365,-1.2385640909998161,-4.418818944531765,-1.599157675711134,-0.5429226699616927
683737L2025,357,-0.6966971166032455,-2.651426017675502,3.3011816914800596,2.621297670424521
683737L2026,407,-1.135308728277936,-3.8456739737177545,0.16624244977887753,0.9392316073889796
683748L2026,146,0.10490160067700263,-3.8834572702665406,0.5063545660688499,1.045977547514088
683953L2026,322,-2.873740082787572,-9.072536056510916,-0.8049849632174501,1.0900261754933334
685133L2026,140,-0.9818479055407164,7.685680332739157,2.0399589939425664,2.3100660398700854
686217L2024,317,-1.68245951553369,-3.3323970123373425,-1.554677863067456,0.1823634157228307
686217L2025,360,-1.595578526681359,-3.1963927823705864,0.7737150685850286,1.5076275705561535
686217L2026,205,-2.132235367790003,-1.4639600210120791,0.4531288191595111,1.784861664481926
686469L2024,353,-2.475264533978383,-5.840509351354735,1.5702044902129346,2.8980997072308567
686469L2025,433,-1.7354814829969276,-5.359417160200871,2.1456103310708765,2.2179583849607627
686469L2026,298,-2.1010037061575413,-4.70372912813154,-0.003933393174047978,1.3084353181242139
686527L2025,186,-2.575084754395749,-12.782438657880054,-3.0494172113289735,0.3331561430633243
686527L2026,311,-2.8715879483319675,-7.313275333656727,2.122081322836517,2.3791769806282637
686555L2025,204,-1.3605428984888195,-9.119705229762156,-0.33956252769726947,0.9224265737677622
686555L2026,202,-1.0194951967273436,0.2615370472513331,0.3561938836784664,0.8427574931164158
686611R2025,164,-2.3379702947845775,-0.19409400123685683,-2.7552984307470236,0.40039584023549973
686611R2026,269,-2.1025565648232054,-5.3994011296090045,2.021732251256345,2.9581727170310224
686668R2024,287,-0.17603540914515356,0.28569876667063465,2.6303380083425987,1.9893289715487887
686668R2025,293,0.16301982535828322,-1.4227300634078657,1.918763804115573,0.6408039232499507
686676R2024,256,-0.2670287543617836,-3.8296119366278654,3.396033201056937,2.872105435393319
686681L2024,271,-1.8679926067682693,-5.394206428967353,-2.01956888641135,-0.5133673420649284
686681L2025,193,-1.1463346719153162,-3.058867216362472,-1.6599878689653673,-0.5764126319072432
686681L2026,297,-1.25301052092566,-2.79362468411491,0.8908861745616077,1.0434001997116447
686780R2025,303,-1.9200557143462877,-5.670479153494189,3.943308039282858,3.1481355507484654
686797L2025,236,-2.7119191258633712,-11.41020962883832,0.3560295289880998,1.5414005889233304
686797L2026,267,-2.731873625164069,-13.018559243765074,1.4365035337643421,2.3795494188787183
686823L2024,205,-0.8804134009846386,-4.868398465028642,-0.021956986554760416,1.1077762115604122
686948L2025,316,-1.3098562522824384,-7.857519601491661,0.5747346492054439,1.6066824760151421
686948L2026,419,-2.0311301672693687,-6.113385645914207,-2.2469949063622403,0.1347491814599435
687093R2026,300,-2.4511606291080117,-6.063479521801314,1.8580018855696314,3.2709752816210655
687221L2026,140,-0.5797673686506043,-3.144652089031821,1.9413122973203607,2.092159759663364
687263R2024,384,-1.0586151607988643,-8.927293373184744,1.5674976382593842,1.4759412115564658
687263R2025,382,-0.7965511300929969,-4.274557926038464,2.245804481024609,1.8913343114229324
687263R2026,506,-1.3456697440370515,-9.871798018208773,-0.6412803102503842,-0.3060553912623142
687363L2025,222,-1.0792631799340324,-3.0386273030655926,-0.4238990088201655,0.042763561863907285
687401R2024,375,-2.964433361786163,-0.6813826575008629,1.2830640058990208,2.5710338859825215
687401R2025,358,-1.629702217009471,-8.065875382701348,2.075406189607034,2.3493452170621216
687401R2026,292,-1.0146878170620026,-6.282699622003676,1.078014973905446,1.7136232184295994
687462L2024,296,-1.9088629465567464,-9.573767536843834,-0.039078374967986884,0.9156557150204612
687462L2025,289,-1.2567036352296717,-4.407713669985192,0.5670214534086873,1.0094498947312085
687462L2026,264,-1.7500177740061706,-5.5049289637048275,-2.8190964286612386,-0.8677542635583392
687551L2026,246,-1.506606991806213,-6.719340533761519,1.6104288305715972,1.8507918177986982
687597R2025,404,-1.2039102971324622,-0.42562345340136165,1.256468557066109,1.0204109635559544
687637L2026,238,-1.7556468635327103,-8.376650218782462,-4.962193429774764,-1.981888554038956
687859L2026,286,-1.1074759068336166,-7.273698523698525,-0.7803178414008933,0.556136821509785
689172L2024,157,-1.2923982858606364,1.4858771015129069,0.26183701996888936,-0.031881966905297786
689414L2025,234,-1.6053372460631978,-6.413972817654793,-3.049211817658909,-1.132949847178961
689414L2026,277,-1.828401377186671,-1.9715370307853992,-0.4764958407210299,1.2019359650936297
690993L2024,307,-1.6522775027531342,-3.6325106779531127,-1.628191067174298,0.3835643263452704
690993L2025,297,-1.4358411327133165,-5.423295775487915,-1.5760293195718373,-0.28431903471226216
690993L2026,235,-1.4388638841442325,-6.274011921274803,2.3282207246654645,2.2615332676020574
691016L2025,304,-0.24462845018372495,-4.045809662256755,0.13637209840282472,0.10784828058859625
691016L2026,249,-0.5441211571698943,-4.156466257534868,0.17370776491087173,0.5147906960590938
691019L2025,207,-4.828596374869663,-12.885729223617423,-2.3419101062871555,1.7332607138989993
691023R2025,243,-1.847257721174311,-3.5762378404411046,-0.02442177557857428,1.486660248100719
691023R2026,356,-1.4877936910045837,-3.010916548435391,2.056484539405558,2.462949655194728
691026R2024,497,-1.9846211814677723,-7.821946189471787,-0.19933184632053513,1.0105048480870606
691026R2025,473,-1.8428982809797934,-0.5461140669049815,-1.1992537549566227,0.1817754488932554
691026R2026,355,-1.8934668692416,-4.322026416383494,0.32216346244730765,1.5496935925902109
691176L2025,207,-1.028640523679584,-1.9272343521141606,1.8756453794327026,1.1065917529388603
691406R2025,433,-0.9841699950109747,-4.208102233563749,0.3708795868165693,1.0423603838415225
691406R2026,425,-1.4872070107761395,-7.01172289057212,0.253858295484098,1.4381929041431607
691594R2025,207,-1.314442204171796,1.3322117032513505,0.47998011232256454,1.4868827679075238
691594R2026,282,-1.5136738870518667,-5.84425798711513,-0.03438650668399438,1.3924142773493022
691718L2024,262,-0.21705543984184017,-5.980239434145938,1.1404114545808524,0.7196081456109829
691718L2025,442,-0.39799101458663744,-2.7742194202312174,-0.3573613495291754,0.04181139608390583
691718L2026,500,-1.3917451359575086,-2.959508778053559,-0.5791900749340967,0.5671596845009181
691720R2026,258,-1.6503401193077392,-10.435237266949793,-0.22137516607631608,1.2764829631952999
691723R2025,184,-1.4161490184652799,-4.931554524031014,-2.5786527597966926,-0.08769714635916181
691723R2026,339,-0.2717347467697134,-9.079508872368185,1.5581350061829193,0.7229634076727531
691777R2026,187,-1.2074088354709474,-2.7318696253204835,-0.1440076292335168,0.9752813276439405
691781R2025,174,-0.3931323604710709,-0.6508951484137592,2.21665405890221,2.2271029225587933
691781R2026,202,-0.8469196964041957,-0.8141775255876023,-4.087665342419197,-1.9292411337102608
691785L2026,126,-0.6003723363573205,-3.202008101239012,3.5369860315228796,2.644932469765543
691788L2026,214,-1.120325303232991,-3.705193474502426,1.395064611745834,1.4881197588042763
692225R2025,161,-1.173816650607999,-4.097592012131412,2.638511072261073,2.7376912158041695
693304R2024,238,-0.35596501017525756,-2.160765166599771,0.8593298499526277,0.7559992026355704
693304R2025,224,-1.4601647296164708,-4.673274709037525,1.711980621488365,1.7164713991097178
693304R2026,355,-1.7540666931525548,-5.249922030921138,2.262441334369395,2.410922789124331
693307R2025,347,-0.9961386673204918,-0.6028759724867234,-0.35169913830141175,1.0067510709185452
693307R2026,417,-1.8166092554199913,-2.481880482894261,-3.063016424690119,-0.5499230887382072
694192R2024,349,-1.761402763335972,-3.7821195235410925,-1.7138111795104216,-0.0196079135618073
694192R2025,372,-2.2640385347121645,-4.561038745116557,0.2693234683804996,1.7798129170752965
694192R2026,363,-1.9353136524570118,-3.4362949553783455,-1.6476278843573025,0.7595608220284331
694203R2026,194,-0.5070434437834885,-3.7677618600050473,-5.9024641572221235,-3.3960123824217128
694208L2026,232,-1.6198160538601383,-6.92854358117516,-0.8416862869138249,0.9980025933503527
694212L2026,252,-1.8094613195017173,-1.825352012826981,-1.7368041051534169,-0.07738842510290816
694374R2026,236,-0.6586087498307677,-4.600619462670479,-2.304537955834612,-0.9017016605820891
694378L2026,186,-3.5261480632102313,-9.578602920306148,-4.748441023530292,-0.39176977247963285
694384L2024,315,-2.368706626248299,-3.6378134919045655,-0.5374410597671733,0.9444267070521281
694384L2025,344,-3.161514247928354,-4.673454968669597,-0.47695422220033595,1.4297451294013408
694384L2026,258,-1.958789766788696,-6.37485237895074,0.7802049067658725,2.436320017606892
694388L2024,175,-1.2685196114369526,-3.2344683393070484,0.2661230856217669,1.5158151969533464
694497L2026,267,-1.8424872424584708,-7.38971703218937,0.7776519355719389,1.7039893634065282
694671R2024,320,-2.3626517817921133,-7.761196615498412,2.3996464791048204,2.14389704170423
694671R2025,368,-2.17121800560526,-2.5885565169484366,2.2499612773069284,2.754575794232247
694671R2026,286,-2.305450520201323,-7.791728817422866,0.3597996823224472,1.300892844344308
695336R2025,248,-2.956752798728237,-11.849515196519672,0.4282351523793736,1.6294747983340316
695506L2025,142,-1.522908579802025,-7.309827845729041,-7.221200200175762,-2.219753018567931
695506L2026,331,-1.1060793116978551,-1.6985101477039668,-1.321383850890741,0.04382234762752035
695578L2024,196,-1.4981341004497353,0.27251817208775553,0.20842530200935505,1.676014551488418
695578L2025,420,-0.9163282124493976,-2.41554588176783,-1.0611510394284107,-0.32990304175009705
695578L2026,334,-1.381635375360963,-5.315579413625787,-0.3554220110404027,0.7566719131654482
695600L2026,360,-0.5462056619805747,-2.5456981537196453,-2.5480437340646627,-1.3723946620750993
695657L2025,174,-1.2112228876455409,-3.89528791378146,2.160334276648656,1.3324862700971811
695657L2026,390,-0.06451816570691932,2.431945206139767,3.945124174842306,2.4713155606737773
695731L2026,150,-0.8226126586591708,-11.230165183653552,1.0697210618562902,0.5637962796188564
695734L2025,227,-0.8049035087178257,-7.709323935264403,-1.1830787090527095,-0.15723894786278345
695734L2026,422,-0.5859857199401719,-5.10920944837313,0.9444911460222141,0.9532395131952861
696100R2024,157,0.23235364338043168,-2.374814669457526,1.1899630996309964,-0.7878949135025379
696100R2025,387,-1.1051383805274153,-8.888326886354392,-1.7473825211312444,-0.7993054865136031
696100R2026,375,-0.2239904190445572,-3.414748082044922,2.5468719493601175,1.1391571030198262
696285R2024,304,-1.3020762442454208,-2.4287419838139064,0.8666769583952071,1.1435877858793677
696285R2025,206,-1.499158485345438,1.6047511438815774,-3.4737648181802383,-1.1449010956469263
696285R2026,248,-1.2299631006248597,-3.589423240158534,1.6765935321004948,2.295327776541324
699013R2026,189,-0.5451885669243399,-2.768606380226438,-1.46560005745741,-0.771304938188875
700242L2025,173,-0.5448426494107284,-3.1529671759810998,3.116540078741034,1.87622599983678
700250L2025,300,-0.7506215177861856,-2.512591937105694,0.9329943719216105,1.1566423294401948
700250L2026,422,-1.450008254488139,-3.0969963556146856,0.35166164346467876,1.3434094789319277
700337L2025,199,-0.8063340716301284,-7.837053297579614,-1.48035486298699,-0.33353962738342424
700932L2025,372,-1.543945029509775,-5.124522248613263,-0.7769341415131763,0.8181788668285936
700932L2026,275,-1.9714846615258743,-3.660372531758896,-1.175339004346264,0.4501560616335425
701350L2025,188,0.3171273441566457,-5.6472875868742305,1.281922886403292,0.7832812273266434
701358R2025,389,-1.4681997226873587,-10.732576747481792,3.378033808011849,2.2142391686908534
701358R2026,430,-2.0438004987401275,-8.620134642029026,1.4726217467766642,1.9159458393854798
701398R2026,485,-1.7391475589231398,-8.502667847828574,0.06468719731632092,1.1970025196049154
701538L2024,393,-0.35932843932037917,-5.999791813886695,-0.009320294640707272,0.4512422875039974
701538L2025,295,-0.6235712934720505,0.3219186364240821,0.257685739311603,0.39587983952226463
701538L2026,445,-0.471192298259993,-3.797570744067935,-0.415654322613056,0.3291336546854816
701675L2026,370,-2.087678662605235,-5.506044057516126,-1.3044737470322478,0.8221803924075494
701678R2026,209,-1.6208443667017884,-0.7242218157525926,2.599679537561182,2.5074066165195408
701762L2025,269,-1.3962570974596593,-2.4838867554202073,-0.7036807785488652,0.45725439458882855
701762L2026,264,-0.715106810482752,-5.831207222184667,4.192784438814215,3.2486602690024653
701807L2026,480,-2.712870310022626,-2.8556157865931033,-3.553773051701534,-0.41616495517513846
702222L2026,305,-1.7777962249289392,-3.1662181880340428,-1.5885450185177723,-0.36288588291228363
702284L2025,170,-3.3927880848818277,-8.507130114664426,-4.3598967706370315,0.054065324710443285
702284L2026,414,-1.6974136576077574,-1.2578933848766398,-0.8733712068301869,0.5184131312751276
702332R2025,270,-1.9926572357636583,-1.4919377512451448,1.217101909580895,2.2972523179677347
702332R2026,329,-2.2580479807239975,-5.179773359626111,-0.39056024947701484,1.6213575480428792
702616L2025,373,-1.5627267296411296,-1.6065435671413941,-0.5197042327560555,0.6516511927481886
702616L2026,195,-0.4471985762833491,-4.5029920212765955,-0.8785954585826244,-0.3366703433215147
703607R2026,235,-1.0951118387350882,-0.20462809941061247,0.27188563611968275,0.834782467454148
800050L2026,291,-1.1603714196387165,2.245256314945288,-0.951768705227308,0.3015767427643588
802139L2026,356,-1.560595964782411,-8.16717737701969,-0.30538557422390317,1.145183748107771
802415L2025,246,-2.1935453333924047,-3.169897178163426,0.1345969041829618,1.5141791225375312
802415L2026,249,-1.406536386426326,-4.289843371046122,0.028880232858402896,1.0316723992587558
803011L2026,342,-1.2853499906537103,-0.6489180617166856,-1.5860118417630846,0.03863203459031492
804606R2026,239,-1.0228530798224262,-10.268525470771277,3.027400956180314,2.120200826772222
805249R2025,129,-2.767464359312185,-5.869936826458563,-0.5123974804680187,2.510970084245369
805300L2026,297,-0.9634002293944266,-1.1084014348023141,1.5409399736924059,1.2700503823172933
805367R2025,351,-1.2622705838867585,-3.002492449945658,-0.5937706444379235,0.6900038449841466
805367R2026,499,-1.87878613617132,-3.7228453719704917,-2.0134033373076328,-0.5742050687173557
805779R2025,247,-2.0335241494704364,-3.38040938057682,0.052983155549563704,1.207606436487196
805779R2026,191,-3.172441297219365,-2.106275988782516,-5.057995802283004,-0.9715566201778902
805808L2026,423,-2.8816495402822317,-6.073695733133337,-3.861700898655742,-0.41356464485342126
805811L2026,304,-1.1564999115454935,-0.7326662694169712,-1.3184482513794245,-0.41199492663949655
805999L2026,287,-2.287671506735711,-0.6813966677485007,-1.5782459084269398,-0.0679627506813538
806068L2026,206,-0.772953349512715,-7.9872524527532685,1.7478940477511964,0.7995095495538858
807712R2026,304,-2.376977476919678,-2.9858371807063495,-0.7007466187490778,1.4615346429959941
807713R2025,329,-2.7225940364179144,-8.910070210772783,-1.4059777613352333,0.3497372949065013
807799L2024,258,-2.091576278659612,-6.6162580258440835,-0.6468737717625882,1.0838491614815278
807799L2026,166,-1.3935240707628573,-5.752598997561882,1.7253885863616365,1.2628044228956177
808959L2026,353,-1.4550960798284862,-7.839040687732053,3.0829348445063105,2.59986404055657
808982L2025,391,-1.7994762535112054,-2.7368371338275135,-2.0117051157219294,-0.20633476193286346
808982L2026,380,-2.134948291924981,-5.222323419782717,-0.23006324894564764,1.1132009643431415
810938R2025,261,-1.8963050319370103,-11.303367895911958,-0.4132030640613486,1.1237163449268737
814439R2026,162,-2.2101696746460546,-8.83466871431664,-2.5723153100633227,-0.34008748508870357
