bsy,batter,side,year,name,event_date,k,n_games,move,persist,persisted,lever,dir
518735L2024,518735,L,2024,"Grandal, Yasmani",2024-07-05,33,63,5.373737711801557,6.54456500685491,True,depth,BACK
543807R2024,543807,R,2024,"Springer, George",2024-06-25,65,138,-4.287493784121807,-5.421994175301453,True,depth,UP
553993R2026,553993,R,2026,"Suárez, Eugenio",2026-07-20,69,119,5.195546231589084,5.816489884454853,True,depth,BACK
571657R2024,571657,R,2024,"Farmer, Kyle",2024-08-13,56,88,-4.187523698375944,-2.1822791554062775,False,depth,UP
575929R2025,575929,R,2025,"Contreras, Willson",2025-05-30,48,129,7.666359085706706,9.956033924214715,True,depth,BACK
575929R2026,575929,R,2026,"Contreras, Willson",2026-04-25,25,125,5.841729542967613,7.78976822799666,True,depth,BACK
592626L2024,592626,L,2024,"Pederson, Joc",2024-06-11,51,126,5.138241257441344,1.3511804520322954,False,depth,BACK
593160R2024,593160,R,2024,"Merrifield, Whit",2024-07-31,44,84,6.023498220459796,5.850496629152843,True,depth,BACK
595879R2024,595879,R,2024,"Báez, Javier",2024-05-26,38,73,-7.769599034429522,-9.665183482297557,True,depth,UP
605137R2026,605137,R,2026,"Bell, Josh",2026-06-27,51,98,-4.075589161319666,-5.0450377263831925,True,depth,UP
605141R2024,605141,R,2024,"Betts, Mookie",2024-08-28,77,107,-5.0264744302743125,-5.777147909779295,True,depth,UP
621438R2025,621438,R,2025,"Taylor, Tyrone",2025-05-17,36,99,-5.244949561420789,-5.383199213692723,True,depth,UP
642350R2026,642350,R,2026,"Siri, Jose",2026-09-04,71,86,-4.176887008281842,-3.9715677542512893,True,depth,UP
642708R2026,642708,R,2026,"Rosario, Amed",2026-06-25,40,79,4.759811050452338,2.683684356968957,False,depth,BACK
643289R2024,643289,R,2024,"Dubón, Mauricio",2024-05-11,21,122,9.14373531839692,6.849576398785683,True,depth,BACK
643289R2025,643289,R,2025,"Dubón, Mauricio",2025-06-14,38,118,-5.5978149210895225,-3.8314234586498905,True,depth,UP
645302R2024,645302,R,2024,"Robles, Victor",2024-06-30,20,79,-6.020915211855986,-8.197698697591342,True,depth,UP
646240L2024,646240,L,2024,"Devers, Rafael",2024-09-04,119,134,-4.842281519774971,-4.492664873359768,True,depth,UP
656775L2026,656775,L,2026,"Mullins, Cedric",2026-08-18,102,126,-5.14239468592023,-5.111238387147239,True,depth,UP
660688L2024,660688,L,2024,"Ruiz, Keibert",2024-06-23,44,111,4.182305394296527,3.4332160340285327,True,depth,BACK
663968R2025,663968,R,2025,"Mangum, Jake",2025-07-26,39,74,4.2558989948505435,3.72971877696385,True,depth,BACK
664023R2024,664023,R,2024,"Happ, Ian",2024-05-07,15,80,7.114629812285006,7.588754601772635,True,depth,BACK
664023R2026,664023,R,2026,"Happ, Ian",2026-05-05,20,75,-4.4515637248251565,-1.6269000436729648,False,depth,UP
664056R2025,664056,R,2025,"Bader, Harrison",2025-09-08,116,134,-5.00130784931962,-4.575346105223449,True,depth,UP
664983L2024,664983,L,2024,"McCarthy, Jake",2024-06-05,40,123,-4.004219293568397,-2.4227169888470996,False,depth,UP
664983L2025,664983,L,2025,"McCarthy, Jake",2025-09-07,48,65,-4.563569739872232,-2.790992179952557,False,depth,UP
664983L2026,664983,L,2026,"McCarthy, Jake",2026-06-19,55,137,4.234509358000494,4.1855835163285775,True,depth,BACK
665489R2024,665489,R,2024,"Guerrero Jr., Vladimir",2024-06-21,68,152,-4.136954293307479,-3.6116599382197556,True,depth,UP
665862L2024,665862,L,2024,"Chisholm Jr., Jazz",2024-07-04,75,137,6.7884774726374175,6.0410297103972574,True,depth,BACK
665862L2026,665862,L,2026,"Chisholm Jr., Jazz",2026-08-04,102,131,-9.540668729105079,-10.531654496056621,True,depth,UP
665923R2026,665923,R,2026,"Ruiz, Esteury",2026-07-07,42,88,-7.313519706550466,-6.457805301248122,True,depth,UP
666139L2024,666139,L,2024,"Lowe, Josh",2024-07-10,39,106,4.802713435938809,1.6252789118957836,False,depth,BACK
666310L2024,666310,L,2024,"Naylor, Bo",2024-08-26,88,112,-4.555855888431484,-2.2676749460820957,False,depth,UP
668227R2025,668227,R,2025,"Arozarena, Randy",2025-06-30,81,158,4.9670360582258475,5.976924013517113,True,depth,BACK
668904R2026,668904,R,2026,"Lewis, Royce",2026-07-25,70,120,-5.710568443960028,-5.999848255783284,True,depth,UP
669364L2025,669364,L,2025,"Edwards, Xavier",2025-05-03,27,122,7.994346008401244,8.291034135582311,True,depth,BACK
669364R2025,669364,R,2025,"Edwards, Xavier",2025-05-02,21,90,6.737543904531503,4.082707926603501,True,depth,BACK
670032L2024,670032,L,2024,"Lopez, Nicky",2024-07-23,76,114,4.388694168098304,4.723244565099691,True,depth,BACK
670032L2026,670032,L,2026,"Lopez, Nicky",2026-08-22,72,89,4.11785634026721,3.813589584645401,True,depth,BACK
672275L2025,672275,L,2025,"Bailey, Patrick",2025-07-11,65,119,-7.432156731222623,-6.179924284080506,True,depth,UP
672275R2025,672275,R,2025,"Bailey, Patrick",2025-07-11,32,64,-5.5316648936488235,-2.7120310672777066,False,depth,UP
672284L2024,672284,L,2024,"Kelenic, Jarred",2024-05-30,36,120,-4.796605028860441,-2.8228899457763923,False,depth,UP
672386R2026,672386,R,2026,"Kirk, Alejandro",2026-06-28,15,72,-4.542661093880902,-4.951976556685711,True,depth,UP
672724R2025,672724,R,2025,"Peraza, Oswald",2025-08-09,61,90,4.02910760534931,4.511105573223105,True,depth,BACK
672960R2026,672960,R,2026,"Okamoto, Kazuma",2026-04-18,18,150,6.465066804786005,6.996246743406665,True,depth,BACK
676609R2024,676609,R,2024,"Caballero, José",2024-05-20,37,126,4.867811369271138,5.052678407075621,True,depth,BACK
677587L2024,677587,L,2024,"Rocchio, Brayan",2024-05-24,33,113,6.034474723004617,6.441943744824414,True,depth,BACK
677587R2024,677587,R,2024,"Rocchio, Brayan",2024-05-26,22,63,4.535855677826959,3.6871634393033084,True,depth,BACK
680757L2026,680757,L,2026,"Kwan, Steven",2026-04-26,24,142,6.748204611783379,7.875094685066863,True,depth,BACK
681715R2025,681715,R,2025,"Hernández, Heriberto",2025-09-07,64,83,-4.792864446488743,-4.388220074793651,True,depth,UP
682829R2025,682829,R,2025,"De La Cruz, Elly",2025-06-09,44,105,-4.288641478841413,-3.601572056787653,True,depth,UP
686797L2026,686797,L,2026,"Lee, Brooks",2026-04-21,15,132,-5.5444301069266615,-4.463984125264332,True,depth,UP
686797R2025,686797,R,2025,"Lee, Brooks",2025-05-31,23,87,-4.136626095695988,-1.3352599517826853,False,depth,UP
687263R2024,687263,R,2024,"Neto, Zach",2024-05-30,48,148,-7.53644422214996,-9.97201372896437,True,depth,UP
687597R2025,687597,R,2025,"Beck, Jordan",2025-04-29,15,143,-4.81604021399048,-6.357694049830428,True,depth,UP
691718L2024,691718,L,2024,"Crow-Armstrong, Pete",2024-07-27,57,114,8.075121501862895,12.333781195950841,True,depth,BACK
702284L2025,702284,L,2025,"Young, Cole",2025-07-10,32,72,5.796738805541285,4.648644081068809,True,depth,BACK
457759R2024,457759,R,2024,"Turner, Justin",2024-09-08,114,132,4.961456856225405,5.233840743686432,True,width,WIDER
519317R2024,519317,R,2024,"Stanton, Giancarlo",2024-08-31,85,107,-4.2500491445456205,-3.8470595433006594,True,width,NARROWER
543877R2024,543877,R,2024,"Vázquez, Christian",2024-05-14,21,88,6.332675321472987,5.924810745939432,True,width,WIDER
553869R2025,553869,R,2025,"Díaz, Elias",2025-08-08,79,94,-6.87247557873857,-7.202762959323405,True,width,NARROWER
571657R2024,571657,R,2024,"Farmer, Kyle",2024-08-28,66,88,4.607092309383898,6.197204883529565,True,width,WIDER
575929R2026,575929,R,2026,"Contreras, Willson",2026-04-25,25,125,4.407872496661259,5.662956360100267,True,width,WIDER
592206R2024,592206,R,2024,"Castellanos, Nick",2024-07-19,89,155,4.193621991220915,2.1565087581455202,False,width,WIDER
592518R2024,592518,R,2024,"Machado, Manny",2024-06-19,60,143,6.319223663452831,6.780786284774305,True,width,WIDER
594807R2024,594807,R,2024,"Duvall, Adam",2024-07-24,72,92,7.663029447722106,6.008118750306714,True,width,WIDER
605113R2024,605113,R,2024,"Ahmed, Nick",2024-06-24,33,60,4.300201718473442,3.8452393182175655,True,width,WIDER
605137L2024,605137,L,2024,"Bell, Josh",2024-05-29,42,123,-7.458145579100371,-6.295041598491281,True,width,NARROWER
605137R2025,605137,R,2025,"Bell, Josh",2025-06-24,27,70,-7.728541654317812,-3.611141085180204,True,width,NARROWER
605137R2026,605137,R,2026,"Bell, Josh",2026-06-15,45,98,7.572559717324992,6.028722539536737,True,width,WIDER
608336L2024,608336,L,2024,"Gallo, Joey",2024-05-17,20,69,4.169539213109552,4.8977412124396835,True,width,WIDER
608385L2024,608385,L,2024,"Winker, Jesse",2024-05-27,45,139,-4.172920695213637,-1.153893147438957,False,width,NARROWER
621043R2025,621043,R,2025,"Correa, Carlos",2025-06-22,64,142,-4.0537808188368345,-3.3540804513373175,True,width,NARROWER
621493R2025,621493,R,2025,"Ward, Taylor",2025-05-02,29,156,-4.966465646102954,-4.744631989554968,True,width,NARROWER
628451R2025,628451,R,2025,"Ibáñez, Andy",2025-07-28,41,83,-4.279963430569978,-4.193419330705957,True,width,NARROWER
630105L2026,630105,L,2026,"Cronenworth, Jake",2026-06-29,29,101,6.767033304537652,8.141840331145758,True,width,WIDER
641343L2024,641343,L,2024,"Bauers, Jake",2024-09-07,90,105,-4.388372963596861,-1.917202207033565,False,width,NARROWER
641343L2025,641343,L,2025,"Bauers, Jake",2025-05-12,24,81,5.8203952533100605,5.820337313974925,True,width,WIDER
641355L2024,641355,L,2024,"Bellinger, Cody",2024-09-02,102,125,6.292698671395318,6.727004316535357,True,width,WIDER
641355L2025,641355,L,2025,"Bellinger, Cody",2025-05-05,30,150,4.349411546779955,5.340668213645316,True,width,WIDER
641680L2024,641680,L,2024,"Heim, Jonah",2024-06-07,48,118,4.8764120306224115,3.5220006389808596,True,width,WIDER
641680L2025,641680,L,2025,"Heim, Jonah",2025-07-23,70,105,9.765312102869398,7.562675977282645,True,width,WIDER
641680L2026,641680,L,2026,"Heim, Jonah",2026-08-17,56,71,9.650990402164638,11.44376245475053,True,width,WIDER
641680R2025,641680,R,2025,"Heim, Jonah",2025-07-23,42,68,7.834520212172041,4.893844566296451,True,width,WIDER
641680R2026,641680,R,2026,"Heim, Jonah",2026-05-31,15,60,-4.007170359172321,-4.7406721495351505,True,width,NARROWER
642350R2024,642350,R,2024,"Siri, Jose",2024-04-28,19,118,-7.800350876831445,-6.613822075303538,True,width,NARROWER
642350R2026,642350,R,2026,"Siri, Jose",2026-09-02,70,86,6.422684134455267,5.871419071230008,True,width,WIDER
642708R2024,642708,R,2024,"Rosario, Amed",2024-08-30,78,93,-5.0629708125253785,-4.509814118950857,True,width,NARROWER
643289R2024,643289,R,2024,"Dubón, Mauricio",2024-08-23,93,122,-5.987770474168357,-4.792933035909982,True,width,NARROWER
643289R2025,643289,R,2025,"Dubón, Mauricio",2025-06-14,38,118,13.748740224707642,9.25679693337009,True,width,WIDER
643376R2026,643376,R,2026,"Jansen, Danny",2026-04-21,15,60,4.1557832217878214,4.469245809499789,True,width,WIDER
643446L2024,643446,L,2024,"McNeil, Jeff",2024-05-12,33,117,5.3192555822321665,5.376935664214329,True,width,WIDER
645277L2025,645277,L,2025,"Albies, Ozzie",2025-09-03,130,146,-8.028579035934374,-8.832057329147109,True,width,NARROWER
650559R2024,650559,R,2024,"De La Cruz, Bryan",2024-06-29,74,141,-4.931987267691717,-3.817840249783899,True,width,NARROWER
656537R2026,656537,R,2026,"Hill, Derek",2026-06-21,42,81,13.100128885934208,13.229336939866506,True,width,WIDER
656716L2024,656716,L,2024,"McKinstry, Zach",2024-06-24,41,103,-4.133579706186115,-2.4963168440856194,False,width,NARROWER
657136R2026,657136,R,2026,"Wong, Connor",2026-05-13,16,68,4.450425271877442,4.105332418625338,True,width,WIDER
657656R2024,657656,R,2024,"Laureano, Ramón",2024-06-15,23,84,-10.28554566936473,-10.392982697679564,True,width,NARROWER
660644L2024,660644,L,2024,"Bruján, Vidal",2024-07-22,57,78,-7.372590605752375,-7.225528782691185,True,width,NARROWER
660688L2024,660688,L,2024,"Ruiz, Keibert",2024-05-24,23,111,15.057732414034493,14.083839354952328,True,width,WIDER
660688L2026,660688,L,2026,"Ruiz, Keibert",2026-05-07,21,95,9.434746292542147,6.890130419638854,True,width,WIDER
660688R2024,660688,R,2024,"Ruiz, Keibert",2024-07-08,27,62,-5.004493589762667,-2.082311282571567,False,width,NARROWER
661388R2024,661388,R,2024,"Contreras, William",2024-05-05,28,150,4.951182132520639,5.481038989259201,True,width,WIDER
661388R2025,661388,R,2025,"Contreras, William",2025-08-11,110,148,5.2073715206197235,6.707650331843453,True,width,WIDER
661388R2026,661388,R,2026,"Contreras, William",2026-06-21,66,137,6.403865197398034,3.8666910879799232,True,width,WIDER
662139L2024,662139,L,2024,"Varsho, Daulton",2024-07-03,69,124,-6.027968695724134,-8.51521116780767,True,width,NARROWER
663368L2024,663368,L,2024,"Perkins, Blake",2024-07-27,67,95,-4.261769396955081,-5.584077218086605,True,width,NARROWER
663457L2025,663457,L,2025,"Nootbaar, Lars",2025-08-29,101,126,6.0430120992172185,5.300918711556697,True,width,WIDER
663457L2026,663457,L,2026,"Nootbaar, Lars",2026-08-19,59,83,5.66005290025543,7.399791869865982,True,width,WIDER
663624R2025,663624,R,2025,"Mountcastle, Ryan",2025-08-09,50,85,5.026258629327579,6.024672889569175,True,width,WIDER
663647R2026,663647,R,2026,"Hayes, Ke'Bryan",2026-04-20,17,73,-5.174075696340694,-3.53969959110119,True,width,NARROWER
663697R2024,663697,R,2024,"India, Jonathan",2024-04-30,19,144,-4.262825578800022,-4.810599266986749,True,width,NARROWER
663728L2024,663728,L,2024,"Raleigh, Cal",2024-05-11,26,138,-8.757473154834567,-4.569363099009983,True,width,NARROWER
663743R2026,663743,R,2026,"Fortes, Nick",2026-08-15,82,97,-4.66019766809999,-4.092023813039333,True,width,NARROWER
663853R2024,663853,R,2024,"Gonzalez, Romy",2024-07-26,41,85,4.118471119177876,5.848848693968996,True,width,WIDER
663853R2025,663853,R,2025,"Gonzalez, Romy",2025-06-03,16,91,-6.034304548705087,-5.351545527102456,True,width,NARROWER
663968L2026,663968,L,2026,"Mangum, Jake",2026-05-17,19,107,4.200826106765369,4.452299161434038,True,width,WIDER
664023L2026,664023,L,2026,"Happ, Ian",2026-05-26,47,143,-5.395683390498647,-3.2435373642083825,True,width,NARROWER
664728L2026,664728,L,2026,"Isbel, Kyle",2026-08-04,54,92,-4.9016664437453485,-1.1796850622133555,False,width,NARROWER
664770L2025,664770,L,2025,"Lukes, Nathan",2025-08-23,94,123,4.590430713026819,3.876552366604905,True,width,WIDER
664770L2026,664770,L,2026,"Lukes, Nathan",2026-04-20,15,116,4.038664836435405,4.880420511389435,True,width,WIDER
664774L2025,664774,L,2025,"Wade Jr., LaMonte",2025-04-16,15,74,-5.210184161849664,-5.378722592584275,True,width,NARROWER
665487R2024,665487,R,2024,"Tatis Jr., Fernando",2024-05-24,44,92,-7.641327118328924,-2.051214938187087,False,width,NARROWER
665487R2025,665487,R,2025,"Tatis Jr., Fernando",2025-08-08,110,153,7.65700996661452,5.518671446577862,True,width,WIDER
665487R2026,665487,R,2026,"Tatis Jr., Fernando",2026-06-09,62,152,-8.644971561489967,-8.176770554751084,True,width,NARROWER
665750R2026,665750,R,2026,"Taveras, Leody",2026-08-14,59,78,4.162146963681259,3.1590561189159416,True,width,WIDER
665804R2024,665804,R,2024,"Amaya, Miguel",2024-07-07,53,103,8.898567076334576,9.813116883783444,True,width,WIDER
665833L2024,665833,L,2024,"Cruz, Oneil",2024-06-06,50,140,7.7539575040873245,7.889356189849202,True,width,WIDER
665862L2025,665862,L,2025,"Chisholm Jr., Jazz",2025-06-16,39,129,-4.5086456014184115,-4.363153969841591,True,width,NARROWER
665862L2026,665862,L,2026,"Chisholm Jr., Jazz",2026-05-15,43,131,-6.440405763503453,-5.548557719208532,True,width,NARROWER
665877R2026,665877,R,2026,"Fermín, José",2026-05-29,26,107,8.242866605063387,8.058518965730627,True,width,WIDER
665926L2025,665926,L,2025,"Giménez, Andrés",2025-06-04,35,96,5.506109319767095,6.282537867023414,True,width,WIDER
665926L2026,665926,L,2026,"Giménez, Andrés",2026-05-31,55,138,-5.630423699187496,-5.685439728154549,True,width,NARROWER
665953R2026,665953,R,2026,"Chaparro, Andrés",2026-06-20,15,76,-5.148175664315971,-6.404282251575957,True,width,NARROWER
666023R2026,666023,R,2026,"Fermin, Freddy",2026-06-02,31,75,6.135953903650336,4.603927491152952,True,width,WIDER
666134L2024,666134,L,2024,"Jones, Nolan",2024-08-20,39,67,6.87482161630621,5.747979920147568,True,width,WIDER
666139L2025,666139,L,2025,"Lowe, Josh",2025-08-26,81,108,8.210760200696523,6.604179959735397,True,width,WIDER
666139L2026,666139,L,2026,"Lowe, Josh",2026-08-07,67,103,-7.297005272714102,-7.227611084535852,True,width,NARROWER
666158L2024,666158,L,2024,"Lux, Gavin",2024-05-04,17,131,-7.657571414625057,-9.14017548403817,True,width,NARROWER
666158L2025,666158,L,2025,"Lux, Gavin",2025-06-07,55,138,5.035660190959785,6.319905319825054,True,width,WIDER
666160L2024,666160,L,2024,"Moniak, Mickey",2024-06-08,42,117,4.057473931132478,4.963540962352496,True,width,WIDER
666176R2024,666176,R,2024,"Adell, Jo",2024-07-06,72,122,4.003680673707592,3.031351166105722,True,width,WIDER
666181L2024,666181,L,2024,"Benson, Will",2024-07-26,85,118,-4.1386288592145455,-2.595833395123627,False,width,NARROWER
666182R2025,666182,R,2025,"Bichette, Bo",2025-05-03,31,137,-4.615858821428574,-5.309053370969195,True,width,NARROWER
666182R2026,666182,R,2026,"Bichette, Bo",2026-07-01,84,152,4.45694771835262,3.8289398382295374,True,width,WIDER
666310L2025,666310,L,2025,"Naylor, Bo",2025-08-18,90,119,7.828548273407655,10.51531092630379,True,width,WIDER
666397L2025,666397,L,2025,"Julien, Edouard",2025-08-01,28,61,-6.610786856614052,-5.874340951802676,True,width,NARROWER
666397L2026,666397,L,2026,"Julien, Edouard",2026-06-09,52,80,-6.785050943495779,-6.162761423496345,True,width,NARROWER
666969R2024,666969,R,2024,"García, Adolis",2024-09-04,126,147,-4.204244741695639,-3.733358507218693,True,width,NARROWER
667472R2025,667472,R,2025,"Myers, Dane",2025-04-28,17,100,-7.368468450001245,-8.019806286936909,True,width,NARROWER
667472R2026,667472,R,2026,"Myers, Dane",2026-07-17,51,100,-5.447883292306802,-3.8633810483907425,True,width,NARROWER
668227R2024,668227,R,2024,"Arozarena, Randy",2024-05-30,48,147,4.74249731304333,2.6597799404767812,False,width,WIDER
668804L2025,668804,L,2025,"Reynolds, Bryan",2025-08-19,115,146,-5.700842342369114,-5.498951202151737,True,width,NARROWER
668804L2026,668804,L,2026,"Reynolds, Bryan",2026-08-17,104,135,5.429485120128568,4.034799219061895,True,width,WIDER
668804R2024,668804,R,2024,"Reynolds, Bryan",2024-06-01,30,91,-6.27915287134816,-6.33853091534769,True,width,NARROWER
668901R2024,668901,R,2024,"Vientos, Mark",2024-06-17,25,108,4.305811090135759,5.484280185365741,True,width,WIDER
668904R2025,668904,R,2025,"Lewis, Royce",2025-09-01,79,103,-5.305218811076028,-3.704936036585117,True,width,NARROWER
668904R2026,668904,R,2026,"Lewis, Royce",2026-05-17,30,120,-8.129483087176414,-9.56575703163168,True,width,NARROWER
668930L2024,668930,L,2024,"Turang, Brice",2024-09-13,132,147,-4.941745500356284,-5.630596039227427,True,width,NARROWER
669003L2026,669003,L,2026,"Mitchell, Garrett",2026-08-29,112,131,4.939292945620135,4.916472230336588,True,width,WIDER
669222R2024,669222,R,2024,"Senzel, Nick",2024-06-26,57,74,4.179167352299963,4.89118826837467,True,width,WIDER
669224L2026,669224,L,2026,"Wells, Austin",2026-07-10,63,117,5.54868898112483,3.2686313583187143,True,width,WIDER
669289R2025,669289,R,2025,"Espinal, Santiago",2025-06-02,47,100,4.697204580874143,5.172031506014623,True,width,WIDER
669357L2026,669357,L,2026,"Gorman, Nolan",2026-08-25,61,81,-8.361574405730597,-10.797759876078914,True,width,NARROWER
669743R2026,669743,R,2026,"Call, Alex",2026-08-15,54,69,4.738890629661743,4.452929746035867,True,width,WIDER
670032L2024,670032,L,2024,"Lopez, Nicky",2024-07-30,82,114,-4.430057280094097,-3.0091040836394427,True,width,NARROWER
670242L2025,670242,L,2025,"Wallner, Matt",2025-06-19,31,102,7.0657559547849615,5.162223851585534,True,width,WIDER
670764L2025,670764,L,2025,"Walls, Taylor",2025-06-17,46,80,-5.203785703821325,-6.3131176419272705,True,width,NARROWER
670770L2025,670770,L,2025,"Friedl, TJ",2025-05-25,47,150,-4.590038463548865,-4.283244870581147,True,width,NARROWER
670770L2026,670770,L,2026,"Friedl, TJ",2026-06-02,44,79,4.027972752213898,1.9042760521020767,False,width,WIDER
671056R2025,671056,R,2025,"Herrera, Iván",2025-06-06,28,105,4.793376212450724,2.523648503056215,False,width,WIDER
671218R2025,671218,R,2025,"Ramos, Heliot",2025-08-27,129,157,4.404697572643695,4.955808587442412,True,width,WIDER
671218R2026,671218,R,2026,"Ramos, Heliot",2026-07-28,67,105,4.311903008316833,4.327361951920903,True,width,WIDER
671277L2025,671277,L,2025,"García Jr., Luis",2025-05-22,41,135,-4.401391225917031,-3.078523168410907,True,width,NARROWER
671732L2024,671732,L,2024,"Butler, Lawrence",2024-06-30,38,112,-5.442142821595887,-3.92827953860807,True,width,NARROWER
671732L2026,671732,L,2026,"Butler, Lawrence",2026-05-17,40,137,-6.942152745597152,-6.566660519172487,True,width,NARROWER
672275L2025,672275,L,2025,"Bailey, Patrick",2025-09-05,100,119,7.248311427140486,7.128244338284205,True,width,WIDER
672275L2026,672275,L,2026,"Bailey, Patrick",2026-07-02,49,90,5.9974047304199125,5.746133311209345,True,width,WIDER
672284L2024,672284,L,2024,"Kelenic, Jarred",2024-08-03,87,120,7.451402983981943,7.903820251828691,True,width,WIDER
672386R2024,672386,R,2024,"Kirk, Alejandro",2024-05-29,24,94,-4.257309011596057,-6.061111932319097,True,width,NARROWER
672515R2026,672515,R,2026,"Moreno, Gabriel",2026-07-21,73,126,-4.522471988202099,-2.8894991641277272,False,width,NARROWER
672695R2026,672695,R,2026,"Perdomo, Geraldo",2026-07-20,47,83,-5.1152468175703305,-5.819068764377995,True,width,NARROWER
672744R2025,672744,R,2025,"Canario, Alexander",2025-08-22,57,74,-11.304049996972651,-4.839812888672849,True,width,NARROWER
672820R2024,672820,R,2024,"Sosa, Lenyn",2024-06-28,35,96,6.960708602076789,6.519447150299307,True,width,WIDER
673962R2025,673962,R,2025,"Jung, Josh",2025-07-21,74,130,-4.7596929392777625,-5.852226121330112,True,width,NARROWER
675961R2026,675961,R,2026,"Williams, Alika",2026-06-30,15,70,4.98487880701779,4.43537992661453,True,width,WIDER
676356R2024,676356,R,2024,"DeLuca, Jonny",2024-07-31,52,98,7.1246739966527315,6.435042146118938,True,width,WIDER
676356R2026,676356,R,2026,"DeLuca, Jonny",2026-07-18,52,96,4.104825712673012,3.490433108592029,True,width,WIDER
676439L2026,676439,L,2026,"Feduccia, Hunter",2026-06-26,40,84,-6.76444169271517,-5.625073611588974,True,width,NARROWER
676572R2025,676572,R,2025,"Wagaman, Eric",2025-09-06,123,138,5.558141162351522,6.074754889288091,True,width,WIDER
676914R2024,676914,R,2024,"Schneider, Davis",2024-08-17,92,122,-5.112216765275583,-1.8950968787693583,False,width,NARROWER
676914R2025,676914,R,2025,"Schneider, Davis",2025-07-02,23,74,-9.029460389462589,-4.519270340874193,True,width,NARROWER
677587R2026,677587,R,2026,"Rocchio, Brayan",2026-05-02,17,98,4.385009271417893,4.847667422053085,True,width,WIDER
677870R2026,677870,R,2026,"Jiménez, Leo",2026-06-20,25,62,5.682537238638915,2.6646509711731916,False,width,WIDER
677942R2025,677942,R,2025,"Alexander, Blaze",2025-09-06,48,67,-4.43278811322002,-6.4528700737312725,True,width,NARROWER
678218L2026,678218,L,2026,"Valenzuela, Brandon",2026-05-09,16,69,4.617114216878363,5.849040892164329,True,width,WIDER
678554R2025,678554,R,2025,"Mead, Curtis",2025-05-08,23,87,-11.062701588483176,-4.087518945722191,True,width,NARROWER
678662R2024,678662,R,2024,"Tovar, Ezequiel",2024-07-10,81,147,-6.556136054575205,-7.183818464726301,True,width,NARROWER
678662R2025,678662,R,2025,"Tovar, Ezequiel",2025-09-12,80,95,-4.56836394970675,-5.586855978439942,True,width,NARROWER
678882R2024,678882,R,2024,"Rafaela, Ceddanne",2024-08-10,107,145,-5.073213109875137,-6.052225288110989,True,width,NARROWER
680718L2024,680718,L,2024,"Barger, Addison",2024-07-28,21,67,9.808287791060799,12.090350344278459,True,width,WIDER
680776L2024,680776,L,2024,"Duran, Jarren",2024-05-02,25,153,-8.718099533409273,-12.456069010780801,True,width,NARROWER
680776L2025,680776,L,2025,"Duran, Jarren",2025-07-23,98,154,10.074705033703216,8.078349238207043,True,width,WIDER
680776L2026,680776,L,2026,"Duran, Jarren",2026-08-18,114,143,-8.28532579496996,-7.008945375490779,True,width,NARROWER
680777R2024,680777,R,2024,"Jeffers, Ryan",2024-07-20,71,117,-4.593309233937134,-2.858468831598188,False,width,NARROWER
680777R2026,680777,R,2026,"Jeffers, Ryan",2026-08-08,54,85,-4.260931299975741,-3.036292338346872,True,width,NARROWER
680779R2026,680779,R,2026,"Davis, Henry",2026-04-25,17,85,6.628613030701061,8.966638977969382,True,width,WIDER
680869R2024,680869,R,2024,"Gelof, Zack",2024-07-11,66,131,-4.055409845446135,-6.75570628133633,True,width,NARROWER
681297L2025,681297,L,2025,"Cowser, Colton",2025-08-06,53,88,4.282233348839913,3.8099376999720818,True,width,WIDER
681297L2026,681297,L,2026,"Cowser, Colton",2026-08-07,91,124,4.928062897408051,5.720952750947266,True,width,WIDER
681351R2026,681351,R,2026,"O'Hoppe, Logan",2026-07-20,66,81,-5.762581577633693,-8.818059100235452,True,width,NARROWER
681393R2026,681393,R,2026,"Norby, Connor",2026-08-11,64,100,-6.495823393990232,-7.8917552405075035,True,width,NARROWER
681460L2025,681460,L,2025,"Baldwin, Brooks",2025-06-15,39,93,7.7653601913733254,10.391971664887432,True,width,WIDER
681715R2025,681715,R,2025,"Hernández, Heriberto",2025-09-07,64,83,7.772045468111642,7.906213074372758,True,width,WIDER
681715R2026,681715,R,2026,"Hernández, Heriberto",2026-04-24,19,125,-5.501173239891237,-5.846896437439277,True,width,NARROWER
681807R2025,681807,R,2025,"Fry, David",2025-08-20,47,63,4.208318996663838,3.7914970863661495,True,width,WIDER
681807R2026,681807,R,2026,"Fry, David",2026-08-01,63,78,-5.132351566045092,-5.552477985552713,True,width,NARROWER
682622R2024,682622,R,2024,"Marte, Noelvi",2024-08-05,29,65,-7.043769164385463,-5.634309426603096,True,width,NARROWER
682663R2026,682663,R,2026,"Ramírez, Agustín",2026-08-12,36,64,-4.4962548758878995,-4.482726355311769,True,width,NARROWER
682829L2025,682829,L,2025,"De La Cruz, Elly",2025-04-25,21,151,-5.2082026752589385,-6.19057608697134,True,width,NARROWER
682829L2026,682829,L,2026,"De La Cruz, Elly",2026-04-15,15,125,-4.2282366812199825,-5.052692559210584,True,width,NARROWER
682829R2025,682829,R,2025,"De La Cruz, Elly",2025-04-27,16,105,-6.64165397521019,-4.622194705787798,True,width,NARROWER
682928L2026,682928,L,2026,"Abrams, CJ",2026-07-05,86,148,-5.5188988502099185,-6.8538922138844,True,width,NARROWER
682998L2024,682998,L,2024,"Carroll, Corbin",2024-07-29,95,149,-4.494472873916013,-4.82938077646741,True,width,NARROWER
683011R2026,683011,R,2026,"Volpe, Anthony",2026-07-28,49,65,4.522170282030864,5.917844660553243,True,width,WIDER
683146L2025,683146,L,2025,"Baty, Brett",2025-08-12,86,123,5.303505746169776,3.7548532388040243,True,width,WIDER
683146L2026,683146,L,2026,"Baty, Brett",2026-04-15,15,132,6.453525538829258,6.281562050963441,True,width,WIDER
686527L2025,686527,L,2025,"Canzone, Dominic",2025-07-06,24,80,-4.286564929457736,-3.9623929726324008,True,width,NARROWER
686527L2026,686527,L,2026,"Canzone, Dominic",2026-07-25,87,139,4.0092409636121715,3.25982586172303,True,width,WIDER
686780R2025,686780,R,2025,"Pagés, Pedro",2025-08-06,77,105,8.258252293560922,12.348203300319291,True,width,WIDER
686780R2026,686780,R,2026,"Pagés, Pedro",2026-07-18,48,65,-6.9932499831937385,-10.038933101518722,True,width,NARROWER
686797R2025,686797,R,2025,"Lee, Brooks",2025-05-17,18,87,4.779574612025346,4.1822517513578745,True,width,WIDER
686797R2026,686797,R,2026,"Lee, Brooks",2026-07-05,45,91,-4.019554357998921,-3.4589626877887554,True,width,NARROWER
687363L2025,687363,L,2025,"Scott II, Victor",2025-09-02,105,124,10.806317068876766,11.3361843682487,True,width,WIDER
687363L2026,687363,L,2026,"Scott II, Victor",2026-05-02,28,62,7.545157502008713,9.148790403501597,True,width,WIDER
687401R2025,687401,R,2025,"Ortiz, Joey",2025-07-12,87,143,-6.563216117908414,-5.864295659225558,True,width,NARROWER
687401R2026,687401,R,2026,"Ortiz, Joey",2026-05-14,29,109,5.2660249429073716,1.6432644386752742,False,width,WIDER
687462L2026,687462,L,2026,"Horwitz, Spencer",2026-08-18,84,109,4.209715759552381,3.8342986594265085,True,width,WIDER
687859L2026,687859,L,2026,"Johnston, Troy",2026-06-15,62,120,-5.588339541990161,-3.652253680985627,True,width,NARROWER
690987L2025,690987,L,2025,"Hassell III, Robert",2025-08-01,21,64,-4.2569455416506266,-4.402945714397511,True,width,NARROWER
690993L2024,690993,L,2024,"Keith, Colt",2024-09-04,117,138,-5.0028755649493455,-5.77235127780061,True,width,NARROWER
691023R2025,691023,R,2025,"Walker, Jordan",2025-09-05,86,103,-5.625561634455934,-5.3565157050649645,True,width,NARROWER
691023R2026,691023,R,2026,"Walker, Jordan",2026-05-01,30,150,4.0196688185822005,3.514152341260832,True,width,WIDER
691026R2024,691026,R,2024,"Winn, Masyn",2024-07-02,65,137,-6.450217946999905,-6.6254766346399645,True,width,NARROWER
691406R2025,691406,R,2025,"Caminero, Junior",2025-07-10,87,153,-5.586282090236235,-5.091957738902167,True,width,NARROWER
691718L2024,691718,L,2024,"Crow-Armstrong, Pete",2024-07-29,59,114,6.508236080158699,4.3760794424271126,True,width,WIDER
691718L2025,691718,L,2025,"Crow-Armstrong, Pete",2025-05-11,40,155,-4.536806827035733,-2.9902704554624435,False,width,NARROWER
691718L2026,691718,L,2026,"Crow-Armstrong, Pete",2026-06-10,66,155,-8.108415962641818,-10.87416817006783,True,width,NARROWER
691720R2026,691720,R,2026,"Karros, Kyle",2026-05-30,53,119,7.217789443018269,5.378017288072101,True,width,WIDER
694212L2026,694212,L,2026,"Basallo, Samuel",2026-05-05,27,110,7.429566524082606,8.81415561270223,True,width,WIDER
694374R2026,694374,R,2026,"Tawa, Tim",2026-06-22,24,88,-4.766384935602186,-6.277594786585361,True,width,NARROWER
694378L2026,694378,L,2026,"Gonzalez, Jacob",2026-06-24,18,75,4.990948917493277,5.084928400745632,True,width,WIDER
694384L2024,694384,L,2024,"Schanuel, Nolan",2024-09-09,125,140,-4.616643251660555,-3.9390376716453304,True,width,NARROWER
694384L2026,694384,L,2026,"Schanuel, Nolan",2026-04-20,20,106,4.09662293774069,6.031656424219705,True,width,WIDER
694671R2024,694671,R,2024,"Langford, Wyatt",2024-08-07,83,128,-4.17643991389199,-3.77190737493698,True,width,NARROWER
694671R2026,694671,R,2026,"Langford, Wyatt",2026-04-17,16,105,4.456179399364618,4.175173277292885,True,width,WIDER
694728R2026,694728,R,2026,"Matthews, Brice",2026-06-07,47,71,6.147096011044766,4.384734107820908,True,width,WIDER
695506L2025,695506,L,2025,"Caglianone, Jac",2025-09-03,40,60,-5.800242202693113,-7.305006409943665,True,width,NARROWER
695731L2026,695731,L,2026,"Montgomery, Braden",2026-06-28,15,83,-4.27576452841712,-5.274323676183862,True,width,NARROWER
696100R2024,696100,R,2024,"Goodman, Hunter",2024-06-10,19,68,4.769732069311154,3.690444914010527,True,width,WIDER
700337L2025,700337,L,2025,"Quero, Edgar",2025-05-27,30,100,-6.410539211030603,-2.3184256361763076,False,width,NARROWER
701358R2025,701358,R,2025,"Smith, Cam",2025-08-24,110,133,-8.31415514067266,-6.684670515499963,True,width,NARROWER
701358R2026,701358,R,2026,"Smith, Cam",2026-05-15,44,144,4.750818905409147,4.881229127403337,True,width,WIDER
701675L2026,701675,L,2026,"Church, Nathan",2026-06-19,51,125,-7.828536192470644,-6.188693260347087,True,width,NARROWER
701678R2026,701678,R,2026,"Lee, Hao-Yu",2026-08-17,73,103,-7.6397768330378,-10.008926386729598,True,width,NARROWER
701762L2026,701762,L,2026,"Kurtz, Nick",2026-06-15,64,93,5.171879660907148,4.774394266057232,True,width,WIDER
702222L2026,702222,L,2026,"Crawford, Justin",2026-06-14,62,135,4.617725992707108,3.9831324374439276,True,width,WIDER
702616L2024,702616,L,2024,"Holliday, Jackson",2024-08-06,15,60,6.970011459061112,8.581632788932094,True,width,WIDER
702616L2025,702616,L,2025,"Holliday, Jackson",2025-04-23,18,144,-4.447628707472468,-5.692720654164383,True,width,NARROWER
803011L2026,803011,L,2026,"Antonacci, Sam",2026-06-12,48,134,4.479484309407567,4.865762533269475,True,width,WIDER
804606R2026,804606,R,2026,"Griffin, Konnor",2026-05-29,48,74,-6.574291620866386,-6.8969191200811295,True,width,NARROWER
805249R2025,805249,R,2025,"Kemp, Otto",2025-09-08,46,62,-5.109569581939198,-4.906310916064804,True,width,NARROWER
805367R2026,805367,R,2026,"Meidroth, Chase",2026-07-17,93,151,-4.726663369414371,-8.110606148638023,True,width,NARROWER
805808L2026,805808,L,2026,"McGonigle, Kevin",2026-08-22,123,150,-4.827839561225733,-6.236678605066146,True,width,NARROWER
807713R2025,807713,R,2025,"Shaw, Matt",2025-06-20,43,121,6.4789984514940855,3.8785305372033427,True,width,WIDER
810938R2026,810938,R,2026,"Williamson, Ben",2026-07-07,60,81,6.870745503454042,5.285819261542326,True,width,WIDER
457759R2024,457759,R,2024,"Turner, Justin",2024-08-17,97,132,-16.54959412029256,-8.666473216825601,False,angle,OPENED
457759R2025,457759,R,2025,"Turner, Justin",2025-07-29,52,76,29.354516053273585,26.58705664724946,True,angle,CLOSED
518595R2025,518595,R,2025,"d'Arnaud, Travis",2025-05-18,17,66,17.494333643588938,17.361325081577455,True,angle,CLOSED
518735L2024,518735,L,2024,"Grandal, Yasmani",2024-07-11,34,63,-18.323861480844787,,False,angle,OPENED
521692R2026,521692,R,2026,"Perez, Salvador",2026-04-22,22,146,-11.454364532076038,-13.407696078360866,True,angle,OPENED
543877R2024,543877,R,2024,"Vázquez, Christian",2024-05-20,24,88,-33.56203272086904,-32.74136989064471,True,angle,OPENED
553869R2024,553869,R,2024,"Díaz, Elias",2024-07-26,62,83,10.962566008711782,10.710593868461011,True,angle,CLOSED
553869R2025,553869,R,2025,"Díaz, Elias",2025-08-08,79,94,12.090125569170784,10.58248797208684,True,angle,CLOSED
553869R2026,553869,R,2026,"Díaz, Elias",2026-08-16,49,71,13.417258022193478,,False,angle,CLOSED
571657R2024,571657,R,2024,"Farmer, Kyle",2024-08-13,56,88,17.122198815716523,19.649847289071495,True,angle,CLOSED
592206R2024,592206,R,2024,"Castellanos, Nick",2024-08-05,104,155,13.66627447333421,5.730675055789032,False,angle,CLOSED
592206R2025,592206,R,2025,"Castellanos, Nick",2025-06-05,59,143,-22.125064968314966,-29.791727210671205,True,angle,OPENED
592450R2024,592450,R,2024,"Judge, Aaron",2024-05-09,31,148,13.34695547477435,14.254705148707313,True,angle,CLOSED
592518R2025,592518,R,2025,"Machado, Manny",2025-05-23,48,158,-11.431717211020697,-7.566677497848644,False,angle,OPENED
592518R2026,592518,R,2026,"Machado, Manny",2026-05-15,39,151,-11.796927186724695,-12.891332295186544,True,angle,OPENED
595879R2024,595879,R,2024,"Báez, Javier",2024-04-23,15,73,-10.388741660242548,-9.63701903988018,True,angle,OPENED
596142R2024,596142,R,2024,"Sánchez, Gary",2024-06-21,45,85,-11.614470214595869,-10.99774287952279,True,angle,OPENED
606192R2025,606192,R,2025,"Hernández, Teoscar",2025-04-22,21,133,-13.320921829406439,-12.539563257363794,True,angle,OPENED
606192R2026,606192,R,2026,"Hernández, Teoscar",2026-09-04,103,119,-17.006379460191486,,False,angle,OPENED
608369L2024,608369,L,2024,"Seager, Corey",2024-08-16,103,118,10.651837464759105,8.11190318363942,False,angle,CLOSED
608369L2025,608369,L,2025,"Seager, Corey",2025-06-03,30,102,38.1453297738799,36.05213504232384,True,angle,CLOSED
621028R2024,621028,R,2024,"Newman, Kevin",2024-04-30,15,92,-10.493270462660929,-13.612742005955552,True,angle,OPENED
621493R2024,621493,R,2024,"Ward, Taylor",2024-08-03,102,151,19.601381339004508,21.406239731483016,True,angle,CLOSED
621493R2025,621493,R,2025,"Ward, Taylor",2025-05-07,33,156,-16.141327374460886,-19.878313295657883,True,angle,OPENED
621493R2026,621493,R,2026,"Ward, Taylor",2026-05-08,36,136,14.954235136920964,13.531764732010416,True,angle,CLOSED
624431R2025,624431,R,2025,"Trevino, Jose",2025-07-29,58,88,12.809831711023591,9.308433661064186,True,angle,CLOSED
641355L2024,641355,L,2024,"Bellinger, Cody",2024-05-07,17,125,-11.507934832642306,-6.627742834487403,False,angle,OPENED
641355L2025,641355,L,2025,"Bellinger, Cody",2025-07-20,88,150,-10.694393990651568,-9.253528697520782,True,angle,OPENED
641487L2024,641487,L,2024,"Crawford, J.P.",2024-05-20,15,98,-11.508515432558298,-12.624825302545549,True,angle,OPENED
641680L2024,641680,L,2024,"Heim, Jonah",2024-07-29,81,118,12.05264769031728,10.446336502055036,True,angle,CLOSED
641680L2025,641680,L,2025,"Heim, Jonah",2025-07-01,59,105,12.75498747672734,9.508805420130713,True,angle,CLOSED
641680R2026,641680,R,2026,"Heim, Jonah",2026-06-04,16,60,-11.501550926912369,-13.053552625538895,True,angle,OPENED
642350R2026,642350,R,2026,"Siri, Jose",2026-08-28,66,86,13.506558460927058,,False,angle,CLOSED
642715R2025,642715,R,2025,"Adames, Willy",2025-07-23,101,159,12.341768511215824,10.196379264799177,True,angle,CLOSED
643217L2024,643217,L,2024,"Benintendi, Andrew",2024-05-23,38,127,-18.566760778367318,-5.305097541485232,False,angle,OPENED
643217L2026,643217,L,2026,"Benintendi, Andrew",2026-05-04,32,137,11.526003505254156,9.44813304545976,True,angle,CLOSED
643289R2025,643289,R,2025,"Dubón, Mauricio",2025-05-15,19,118,15.951255032513592,14.385427630912044,True,angle,CLOSED
643289R2026,643289,R,2026,"Dubón, Mauricio",2026-06-14,66,147,-12.742505798807379,-13.968271996183205,True,angle,OPENED
643396R2024,643396,R,2024,"Kiner-Falefa, Isiah",2024-05-10,28,122,-10.605590018097121,-11.98429796674326,True,angle,OPENED
643446L2025,643446,L,2025,"McNeil, Jeff",2025-05-14,15,119,12.655564200179622,15.407523953184718,True,angle,CLOSED
656180R2025,656180,R,2025,"Adams, Riley",2025-06-11,15,81,-10.181190262934948,-12.471773048723929,True,angle,OPENED
660670R2026,660670,R,2026,"Acuña Jr., Ronald",2026-04-28,29,102,14.700039512479492,17.032193393343597,True,angle,CLOSED
660688L2024,660688,L,2024,"Ruiz, Keibert",2024-05-24,23,111,39.70820208626819,40.034741772279155,True,angle,CLOSED
663697R2024,663697,R,2024,"India, Jonathan",2024-04-26,15,144,11.212663342535278,13.916411511583464,True,angle,CLOSED
663743R2024,663743,R,2024,"Fortes, Nick",2024-04-29,15,98,-10.475451276988121,-11.72566771788099,True,angle,OPENED
663837R2024,663837,R,2024,"Vierling, Matt",2024-07-11,76,137,20.897742418549413,16.165935433472704,True,angle,CLOSED
664983L2024,664983,L,2024,"McCarthy, Jake",2024-08-07,77,123,-20.565214827996503,-22.959015564854358,True,angle,OPENED
664983L2025,664983,L,2025,"McCarthy, Jake",2025-09-09,50,65,11.393163630039599,3.5100035108695202,False,angle,CLOSED
664983L2026,664983,L,2026,"McCarthy, Jake",2026-04-23,15,137,-10.221089902184177,-11.00007699121125,True,angle,OPENED
665487R2024,665487,R,2024,"Tatis Jr., Fernando",2024-05-31,50,92,-12.786265383438732,,False,angle,OPENED
665487R2025,665487,R,2025,"Tatis Jr., Fernando",2025-05-13,39,153,16.891857778832907,11.507319501537935,True,angle,CLOSED
665487R2026,665487,R,2026,"Tatis Jr., Fernando",2026-08-10,115,152,-18.876686671473617,-11.464540769935695,True,angle,OPENED
665489R2024,665489,R,2024,"Guerrero Jr., Vladimir",2024-05-04,27,152,16.8126418069108,15.583968539886431,True,angle,CLOSED
665506R2024,665506,R,2024,"Pache, Cristian",2024-07-03,29,60,10.135592731898743,4.169003763722969,False,angle,CLOSED
665926L2025,665926,L,2025,"Giménez, Andrés",2025-06-04,35,96,20.241675098193905,20.450650959537473,True,angle,CLOSED
665926L2026,665926,L,2026,"Giménez, Andrés",2026-05-31,55,138,-11.795749180876285,-14.281267635510796,True,angle,OPENED
665966R2026,665966,R,2026,"Narváez, Carlos",2026-05-28,33,85,10.654963228624545,10.731406663457559,True,angle,CLOSED
666139L2026,666139,L,2026,"Lowe, Josh",2026-06-24,40,103,-17.93498192296925,-16.067382035892265,True,angle,OPENED
666310L2024,666310,L,2024,"Naylor, Bo",2024-06-02,37,112,19.678639617205057,16.1036231384345,True,angle,CLOSED
666310L2025,666310,L,2025,"Naylor, Bo",2025-08-15,88,119,12.237986494875953,13.626464133914109,True,angle,CLOSED
666624R2024,666624,R,2024,"Morel, Christopher",2024-05-30,49,145,13.941809126212148,10.674727599607142,True,angle,CLOSED
666969R2024,666969,R,2024,"García, Adolis",2024-06-24,67,147,11.524657029944711,8.92970105751158,False,angle,CLOSED
667472R2025,667472,R,2025,"Myers, Dane",2025-04-28,17,100,-13.375542040224131,-15.483898204581696,True,angle,OPENED
667472R2026,667472,R,2026,"Myers, Dane",2026-07-17,51,100,-35.36467642308663,-30.381615926365285,True,angle,OPENED
668670R2024,668670,R,2024,"Rogers, Jake",2024-05-20,25,93,-13.6993987316746,-7.470435488071855,False,angle,OPENED
668709L2024,668709,L,2024,"Bleday, JJ",2024-05-06,28,148,-11.042068138724876,-13.825837052482086,True,angle,OPENED
668901R2024,668901,R,2024,"Vientos, Mark",2024-06-18,26,108,11.357780056861966,13.85097959736142,True,angle,CLOSED
668904R2025,668904,R,2025,"Lewis, Royce",2025-07-21,43,103,12.016452648576454,8.686640528350999,False,angle,CLOSED
669003L2026,669003,L,2026,"Mitchell, Garrett",2026-09-03,115,131,11.58637201030604,,False,angle,CLOSED
669127R2026,669127,R,2026,"Langeliers, Shea",2026-05-02,31,96,-10.050331090064944,-8.898340095224682,False,angle,OPENED
669134R2024,669134,R,2024,"Campusano, Luis",2024-07-31,61,79,14.253664796576622,17.671281784130574,True,angle,CLOSED
669224L2025,669224,L,2025,"Wells, Austin",2025-07-30,82,118,12.662570685989749,4.669395814775733,False,angle,CLOSED
669257R2024,669257,R,2024,"Smith, Will",2024-04-24,15,120,-12.308723231601126,-10.535219207907998,True,angle,OPENED
669257R2025,669257,R,2025,"Smith, Will",2025-08-16,94,109,11.44134361973515,4.926037113579973,False,angle,CLOSED
669257R2026,669257,R,2026,"Smith, Will",2026-05-26,42,68,13.704991913428646,,False,angle,CLOSED
669289R2025,669289,R,2025,"Espinal, Santiago",2025-06-01,46,100,17.929701909683622,18.894761309274735,True,angle,CLOSED
669357L2024,669357,L,2024,"Gorman, Nolan",2024-06-23,61,94,22.871451042578098,25.31523832604678,True,angle,CLOSED
669701L2024,669701,L,2024,"Smith, Josh",2024-07-25,88,140,-11.54160909909723,-10.114066053123388,True,angle,OPENED
669743R2026,669743,R,2026,"Call, Alex",2026-06-10,30,69,-10.353476227097545,-11.539273623357374,True,angle,OPENED
670770L2026,670770,L,2026,"Friedl, TJ",2026-06-28,45,79,19.94221486072802,15.151074962798917,True,angle,CLOSED
671056R2024,671056,R,2024,"Herrera, Iván",2024-05-05,19,69,-10.687585995455848,-5.29672086856219,False,angle,OPENED
671056R2026,671056,R,2026,"Herrera, Iván",2026-04-27,27,153,-14.66143877962346,-15.656273716199188,True,angle,OPENED
671739L2025,671739,L,2025,"Harris II, Michael",2025-07-10,87,156,-11.802415092045676,-17.91542272242412,True,angle,OPENED
672744R2025,672744,R,2025,"Canario, Alexander",2025-08-22,57,74,-19.76202120060361,-9.991581805311785,True,angle,OPENED
673357R2024,673357,R,2024,"Robert Jr., Luis",2024-06-27,22,94,-10.425936813812969,-9.527293477630682,True,angle,OPENED
676475L2025,676475,L,2025,"Burleson, Alec",2025-05-06,29,131,-14.853084105236796,-15.572566022773495,True,angle,OPENED
677649R2024,677649,R,2024,"Duran, Ezequiel",2024-08-14,60,83,-10.259738547964112,-10.105959661988297,True,angle,OPENED
677870R2026,677870,R,2026,"Jiménez, Leo",2026-06-06,20,62,10.009822791849828,9.135247268122466,True,angle,CLOSED
678882R2024,678882,R,2024,"Rafaela, Ceddanne",2024-05-28,47,145,11.596918225163515,5.448024522041322,False,angle,CLOSED
680718L2024,680718,L,2024,"Barger, Addison",2024-07-25,20,67,46.593537325806466,46.71475577823927,True,angle,CLOSED
680718L2025,680718,L,2025,"Barger, Addison",2025-05-13,19,132,-11.980107872343666,-12.241832687352947,True,angle,OPENED
681393R2026,681393,R,2026,"Norby, Connor",2026-06-23,63,100,-16.904716665601036,-21.054500317902196,True,angle,OPENED
681481L2025,681481,L,2025,"Carpenter, Kerry",2025-07-27,73,125,10.786986737084037,13.059764761499466,True,angle,CLOSED
681715R2025,681715,R,2025,"Hernández, Heriberto",2025-09-07,64,83,11.90868751506459,10.436974725811783,True,angle,CLOSED
682626R2025,682626,R,2025,"Alvarez, Francisco",2025-05-26,19,73,-12.594462198685079,-12.332565705080672,True,angle,OPENED
682829L2026,682829,L,2026,"De La Cruz, Elly",2026-08-20,98,125,14.25954397901841,,False,angle,CLOSED
682829R2024,682829,R,2024,"De La Cruz, Elly",2024-04-30,15,99,16.232209182690866,15.224830038812566,True,angle,CLOSED
682829R2025,682829,R,2025,"De La Cruz, Elly",2025-08-15,83,105,-14.877704137243162,-14.23628037110845,True,angle,OPENED
683734R2025,683734,R,2025,"Vaughn, Andrew",2025-05-01,28,111,-14.332337424348568,-13.344567773462437,True,angle,OPENED
686780R2025,686780,R,2025,"Pagés, Pedro",2025-07-06,62,105,14.54279509198557,9.790736283091935,True,angle,CLOSED
687363L2025,687363,L,2025,"Scott II, Victor",2025-08-16,104,124,19.22774547545409,23.88391723137881,True,angle,CLOSED
687401R2025,687401,R,2025,"Ortiz, Joey",2025-06-09,62,143,13.18123994467513,15.349306727128967,True,angle,CLOSED
687859L2026,687859,L,2026,"Johnston, Troy",2026-07-29,90,120,19.259803468720072,,False,angle,CLOSED
690984L2026,690984,L,2026,"Halpin, Petey",2026-06-23,19,62,19.673908107026186,22.375951109817805,True,angle,CLOSED
690987L2025,690987,L,2025,"Hassell III, Robert",2025-08-01,21,64,22.66722090211634,25.069127640485142,True,angle,CLOSED
691023R2025,691023,R,2025,"Walker, Jordan",2025-07-18,49,103,20.719668380542274,22.150680624344208,True,angle,CLOSED
691026R2024,691026,R,2024,"Winn, Masyn",2024-05-25,36,137,17.102226889316945,19.689990656913444,True,angle,CLOSED
691026R2025,691026,R,2025,"Winn, Masyn",2025-08-01,91,123,12.013469659453214,10.380283194048836,True,angle,CLOSED
691026R2026,691026,R,2026,"Winn, Masyn",2026-06-02,50,126,-10.579924387116506,-3.30854333872756,False,angle,OPENED
691176L2025,691176,L,2025,"Domínguez, Jasson",2025-06-29,60,108,-10.933521909604409,-9.678453218804105,True,angle,OPENED
691406R2025,691406,R,2025,"Caminero, Junior",2025-05-09,35,153,-12.625348660414343,-12.852557123941672,True,angle,OPENED
691406R2026,691406,R,2026,"Caminero, Junior",2026-06-24,75,154,-11.73649846840955,-11.543566017261877,True,angle,OPENED
691594R2025,691594,R,2025,"Sanoja, Javier",2025-06-01,39,108,-10.49297790403579,-4.32635426138793,False,angle,OPENED
691594R2026,691594,R,2026,"Sanoja, Javier",2026-05-01,20,127,10.478278552535095,11.956239638889365,True,angle,CLOSED
691720R2026,691720,R,2026,"Karros, Kyle",2026-06-26,70,119,-14.65563015155983,-16.447699860496115,True,angle,OPENED
695600L2026,695600,L,2026,"Jensen, Carter",2026-06-21,68,143,-11.444475594755982,-10.458519423771293,True,angle,OPENED
695734L2025,695734,L,2025,"Lile, Daylen",2025-06-29,21,87,-17.541244591611985,-11.37376420654218,True,angle,OPENED
701358R2025,701358,R,2025,"Smith, Cam",2025-05-16,30,133,-13.260582431818989,-12.527650198719769,True,angle,OPENED
701398R2026,701398,R,2026,"Stewart, Sal",2026-07-21,98,154,10.15060661515027,8.24601862354445,False,angle,CLOSED
701678R2026,701678,R,2026,"Lee, Hao-Yu",2026-05-29,27,103,13.231219922714454,8.60230721471807,False,angle,CLOSED
701807L2026,701807,L,2026,"Benge, Carson",2026-04-21,19,147,15.749388599210436,17.91424459364074,True,angle,CLOSED
702332R2026,702332,R,2026,"Durbin, Caleb",2026-05-05,32,144,15.855749501840815,22.327975383984477,True,angle,CLOSED
802139L2026,802139,L,2026,"Wetherholt, JJ",2026-04-28,28,130,10.156779695805831,9.304273220775762,True,angle,CLOSED
804606R2026,804606,R,2026,"Griffin, Konnor",2026-06-26,50,74,-19.50015864222495,,False,angle,OPENED
805367R2026,805367,R,2026,"Meidroth, Chase",2026-07-12,92,151,-11.092655391880673,-16.166585120083674,True,angle,OPENED
805779R2025,805779,R,2025,"Wilson, Jacob",2025-04-28,27,123,12.605536606506064,13.119610817383148,True,angle,CLOSED
807713R2025,807713,R,2025,"Shaw, Matt",2025-07-23,66,121,-22.869578000212677,-32.91276357428575,True,angle,OPENED
807713R2026,807713,R,2026,"Shaw, Matt",2026-06-09,35,63,20.96689997598949,,False,angle,CLOSED
