name,lever,size,outcome,mean,lo,hi,ind_lo,ind_hi,p_better
"Okamoto, Kazuma",width,6.0,whiff,-0.5047767408570774,-1.269802056932941,0.26882206313419266,-2.0133932780561508,1.0114983381613456,0.80725
"Okamoto, Kazuma",width,6.0,chase,0.45517388528847325,-0.42788213051623875,1.3361620677678578,-2.5748798817328966,3.5615336187661226,0.25025
"Okamoto, Kazuma",width,6.0,sweet,1.3078192393952686,-0.1227613980096517,2.6920943516145988,-1.0363742494611214,3.5985547894729675,0.876
"Okamoto, Kazuma",width,6.0,K,0.41584596696645054,-0.5983824007376938,1.3946771733557906,-1.2731698054570952,2.1585755058306435,0.294
"Okamoto, Kazuma",width,6.0,xwoba,-1.932525848797166,-10.59131281760076,6.892627004167306,-15.076657187038343,11.291216359028118,0.38975
"Okamoto, Kazuma",width,6.0,bat_speed,-0.07234583188517583,-0.25289017783878487,0.10699293637394747,-1.119434538998151,1.0714841880922854,0.30575
"Clement, Ernie",depth,3.5,whiff,-0.11453127359368993,-0.655571784801504,0.4368280629912334,-1.5176096224261157,1.2575632874346931,0.5995
"Clement, Ernie",depth,3.5,chase,-0.5570327488560872,-1.205147380660828,0.10779009371343805,-3.58030897385576,2.4263502726416473,0.8605
"Clement, Ernie",depth,3.5,sweet,1.8383894488154806,0.7790070527584099,2.8766028076731294,-0.3682736163103835,3.9771348650945324,0.98925
"Clement, Ernie",depth,3.5,K,0.4777220046125957,-0.2722470600053042,1.20865502302891,-1.0393501539452197,2.05774477748649,0.205
"Clement, Ernie",depth,3.5,xwoba,6.434593631426955,0.0023741141821927384,12.831245944608089,-4.749402267845966,17.684628702541744,0.9
"Clement, Ernie",depth,3.5,bat_speed,0.11782631466214537,-0.015515867025240495,0.2502606359177743,-0.9497925436555724,1.1952735467788709,0.8725
"Kirk, Alejandro",depth,3.5,whiff,-0.11453127359368993,-0.655571784801504,0.4368280629912334,-1.5278827386796818,1.2576753640643656,0.5995
"Kirk, Alejandro",depth,3.5,chase,-0.5570327488560872,-1.205147380660828,0.10779009371343805,-3.566107111812431,2.5909362066093795,0.8605
"Kirk, Alejandro",depth,3.5,sweet,1.8383894488154806,0.7790070527584099,2.8766028076731294,-0.35821225455415195,3.907113220127323,0.98925
"Kirk, Alejandro",depth,3.5,K,0.4777220046125957,-0.2722470600053042,1.20865502302891,-1.0673110983045246,1.9697822536970218,0.205
"Kirk, Alejandro",depth,3.5,xwoba,6.434593631426955,0.0023741141821927384,12.831245944608089,-5.459046820371634,17.78555076910022,0.9
"Kirk, Alejandro",depth,3.5,bat_speed,0.11782631466214537,-0.015515867025240495,0.2502606359177743,-1.0022420641547307,1.147606528732494,0.8725
"Giménez, Andrés",depth,3.0,whiff,-0.09816966308030566,-0.5619186726870035,0.37442405399248574,-1.5128531954508773,1.228184711752271,0.5995
"Giménez, Andrés",depth,3.0,chase,-0.4774566418766461,-1.0329834691378523,0.0923915088972326,-3.5051902273993103,2.5964670945566386,0.8605
"Giménez, Andrés",depth,3.0,sweet,1.5757623846989832,0.6677203309357799,2.4656595494341107,-0.5065243160994515,3.686656886043352,0.98925
"Giménez, Andrés",depth,3.0,K,0.40947600395365347,-0.23335462286168931,1.0359900197390657,-1.0299909298075292,2.0026453666051274,0.205
"Giménez, Andrés",depth,3.0,xwoba,5.515365969794531,0.002034955013308062,10.998210809664075,-5.729960143893019,16.39283317415128,0.9
"Giménez, Andrés",depth,3.0,bat_speed,0.1009939839961246,-0.01329931459306328,0.21450911650094942,-0.9888530803519309,1.1403585377783634,0.8725
