,0
depth,0.7979202636376235
depthxheight,5.775366718602667
depthxweight,-1.5547311971890836
depthxbatspeed,-0.9532368185463606
depthxchase,2.921208715458607
depthxlegproxy,-1.7461442531045992
width,-2.2026045313796763
widthxheight,6.030994647242042
widthxweight,-0.19563066656326628
widthxbatspeed,-4.994073011603401
widthxchase,2.7058515502804434
widthxlegproxy,-2.1375267361980184
offplate,4.28701113088739
offplatexheight,0.0991430528287176
offplatexweight,2.3200843134123152
offplatexbatspeed,-1.0294969327126853
offplatexchase,0.5894311315267602
offplatexlegproxy,1.7471046666123953
