outcome,width3_b,depth3_b,off3_b,closed10_b,width3_z,depth3_z,off3_z,closed10_z
whiff,-0.28621783642536985,-0.3747682273108377,0.31293319064047215,0.10043297027495995,-2.6880187419897625,-2.385124567408235,1.5611724234361846,0.5685845605511642
K,-0.27003340204525245,-0.379424479104189,0.14869303277218832,0.24327131553596756,-2.212854972859773,-2.1567199463548095,0.6342120718803416,1.1240537016118124
hr600,-0.43148172399828083,0.35892115155187443,-0.04837620071894927,-0.3774223026846282,-1.6425682335947382,0.7781005207335001,-0.0837225731401823,-0.8201809970431935
xhr600,-0.5919291967322358,0.5167910276503219,0.4643830262054827,-0.34422217047920434,-2.9274682239291256,1.566253035152386,0.9438920037717651,-1.0348511171318908
brl600,-1.1269630032163729,0.6763886072139809,1.426610455055601,-0.30676433130648484,-3.4756066343661294,1.3489357015527683,1.8561728672712827,-0.6149934006353387
brl,-0.3183331849205992,0.1417736963374588,0.3897199200261001,-0.07232111229848326,-3.8624248776765846,1.1229029378701687,2.047106119179804,-0.5842539752733755
hard,-0.5802504177422018,0.2037831223598407,0.9386596227970379,0.1778201298006203,-3.391989788893853,0.7220537449123207,2.6378303571067936,0.7553008259363303
ev,-0.13617388124185165,0.03633651306189353,0.23704494909293677,-0.04710734634680451,-2.421948427577587,0.4216771389464904,1.980371746850596,-0.6241462898865235
iso,-2.9020517440621676,2.0948727708584536,-1.0590763915834813,-3.3998918600985246,-1.7156726323997002,0.8049648236709712,-0.3099900532714831,-1.231705982291396
sweet,0.06960251492962459,0.3111912327119749,0.5255766430786292,0.10553011270174786,0.5083772561763555,1.4219327332863456,1.686311220772183,0.4603521891334937
xwoba,-1.8648529876451563,4.418781900953531,3.785168792406279,-2.2232461973483444,-1.9016258300423465,3.2145096786445095,1.6296920970872522,-1.519520221470096
