outcome,width_in3_b,depth_in3_b,off_plate_in3_b,closed10_b,toe_open10_b,width_in3_z,depth_in3_z,off_plate_in3_z,closed10_z,toe_open10_z
whiff,-0.28464084941809775,-0.3749649149597871,0.2912324027558172,0.09583857398923648,-0.020700398588579895,-2.6991203461553157,-2.4103804564987166,1.450406930242202,0.5372332004498377,-0.14000448064652032
K,-0.23597855940240686,-0.3910976618022099,0.1617660642499923,0.13236733246155666,-0.24050137029073085,-1.9047734808930932,-2.227555492571371,0.6945299799597096,0.610903305293057,-1.3740939187983876
hr600,-0.42959831067386767,0.3856145983484031,-0.06402273469767007,-0.3789162028897403,-0.05096308900981099,-1.5599380700894094,0.8425827934246746,-0.11024338015373143,-0.7388446544311335,-0.11635904230552378
xhr600,-0.5814409688114004,0.5151596007554786,0.4107859232296589,-0.353110664667297,-0.027501041018266524,-2.7994322891036103,1.5652239276916309,0.8338091635576509,-0.9422840027480619,-0.08389160695926492
brl600,-1.173355093306794,0.669748646818424,1.4601053436730025,-0.19487642629438015,0.2522321742296273,-3.555129241712999,1.337743517227909,1.89681409517524,-0.3518972255194288,0.5079366565382584
brl,-0.3256998727777917,0.1361574210409432,0.3953833497805632,-0.05726111126787365,0.033873609872474016,-3.8904177588522586,1.0808005327343422,2.073052368214521,-0.4303840393010039,0.2778662600463506
hard,-0.5996333818316838,0.20877820272223063,0.9430143618884633,0.23269351046749498,0.11197068805097533,-3.486517031206391,0.7490091650954133,2.683135586240952,0.9283654753726487,0.5033560285473918
ev,-0.14266244956962193,0.052362868710655146,0.2440694849919721,-0.020607689967331477,0.04039750346547902,-2.5452456028396178,0.6144859617391338,2.063587214010216,-0.25005666578588065,0.5872722731077583
iso,-2.709608166009789,2.127802285380417,-1.4010360324708213,-4.015519366370805,-1.5099176961905454,-1.5268728615567226,0.815899078958823,-0.4053799412128325,-1.3177802740678788,-0.5928385430670257
sweet,0.09978818245845626,0.33232806168977264,0.5564455581725655,0.003891574750631316,-0.21699379408299524,0.6968450772841871,1.5567954658388856,1.7979844459283418,0.016299598414516826,-1.164496483262195
xwoba,-1.9399465175415895,4.5210038469575595,3.8571207340042712,-1.977602972355089,0.5215959548679336,-1.8801112776413573,3.3119313636478127,1.656321052031683,-1.2323296846137366,0.3964931556230626
