kind,name,eff_whiff,eff_K,eff_hr600,eff_xhr600,eff_brl600,eff_brl,eff_hard,eff_ev,eff_iso,eff_sweet,eff_xwoba
width:WIDER,"Turner, Justin",,,,,,,,,,,
depth:BACK,"Grandal, Yasmani",-10.09930723865463,0.29400191116337204,42.7684100415164,14.899109909150038,34.5045370060246,8.59502781319634,11.180599917453497,1.3293697472668171,335.6196877197427,4.197175433915865,106.6515139061107
width:NARROWER,"Stanton, Giancarlo",10.15030333914016,13.098150176463434,-16.73401228343295,0.06848822748796213,-29.037048579843557,-2.9137114875478947,-1.425380827766432,-0.7203443889870442,-48.692345236290755,-12.156725622811038,-25.590847540411573
depth:UP,"Springer, George",4.929336837769556,0.23406534823881553,29.68154197433774,26.162285583211137,49.74839164753625,11.4160866371724,9.321668391130586,3.438437939367448,181.90718138721286,-0.20651706524903846,53.44300094173382
depth:BACK,"Suárez, Eugenio",-2.7760640142451654,-6.300982342693203,6.453682398356974,11.171062490573505,2.562007642531719,-1.089219597901572,-3.2318392173343655,-3.170275031805459,60.354680099854114,4.975907076690862,84.98526683585659
depth:BACK,"Contreras, Willson",0.5519378122958996,-4.46545816282763,4.6094770212080665,3.8806007872545276,16.278317576751846,4.114980711530775,10.708047184889105,1.9989189976678752,94.99047329549175,0.17845165790299655,51.04026225517267
width:WIDER,"Machado, Manny",-7.2549234917098335,-7.972014058602885,23.59913956239174,11.21185516541433,35.98805802314496,7.460334492813363,3.9497369364945114,-0.9350307414172463,110.40074998983286,4.261044041175369,55.95859395731856
depth:UP,"Báez, Javier",9.024908056266904,8.765327622310881,5.660916241834041,-1.5761818074721043,-5.938051347686013,-0.43051421367935316,-10.551177095352989,-4.419408249852993,20.93106833877939,-7.203424603690816,-76.524537782201
width:NARROWER,"Bell, Josh",-2.76467759682897,0.07638129685351461,7.767017096236172,10.914293084246113,26.794166874193365,6.779284349837878,3.514635774266401,1.5324190573201009,80.6958358007927,-1.8068302376288505,11.530427470030908
depth:UP,"Betts, Mookie",1.8568952028512093,-7.573959748650812,2.290056663652603,13.482629803010987,26.237919175524965,5.709445451022141,3.0112974642963217,-0.5431071507094423,28.76971158721075,-3.0554922342287685,15.424840391876483
width:NARROWER,"Correa, Carlos",-3.092598958794162,-4.769734849844575,-10.373425314759686,0.4433448944278512,-0.8349991573693645,-0.7943622339409655,16.746481609082895,4.927863422073941,-68.36689844987843,6.046827559933167,62.376518591912735
depth:UP,"Taylor, Tyrone",5.937615819278517,1.4439394735442492,-5.407415784251569,4.212321484311103,12.457251757771436,2.5971623075729413,4.885279590723056,5.152773999759356,-88.32243922385678,1.3488846076329857,-9.980366149833529
width:WIDER,"Bellinger, Cody",,,,,,,,,,,
width:WIDER,"Heim, Jonah",0.43490106591161837,-2.3590045418719865,6.539013026130225,2.7009773221829536,-1.6804478843499147,-0.6906070451139052,-0.16800436013650066,0.5479295502545583,22.864432709849034,-2.3670258176615295,2.1522931435541706
width:WIDER,"Heim, Jonah",0.2182442404046845,-8.299258840478757,-7.77102976907341,-9.006630037578278,-33.42215024109356,-7.83687215348375,-18.82473499754038,-4.190331189917998,-110.46479285895293,-4.898787593613538,26.79016225817519
width:NARROWER,"Dubón, Mauricio",-2.5820472249066233,-4.153570516119705,-7.374165945878307,-7.84432841891707,-4.56808325126081,-1.2974147220877434,-7.35309239357473,-8.969462527681447,-77.43390281236624,0.3992485289690155,-1.3111391369021757
width:WIDER,"Dubón, Mauricio",2.3683351216236463,9.673807715206987,2.431464369144848,0.3424049772857414,3.6822279579595527,0.6540678050838789,-6.219446194069815,-2.490929842362623,50.481095765485406,23.94377897192461,46.43808860135047
depth:UP,"Dubón, Mauricio",2.3683351216236463,9.673807715206987,2.431464369144848,0.3424049772857414,3.6822279579595527,0.6540678050838789,-6.219446194069815,-2.490929842362623,50.481095765485406,23.94377897192461,46.43808860135047
width:WIDER,"McNeil, Jeff",,,,,,,,,,,
depth:UP,"Devers, Rafael",,,,,,,,,,,
width:NARROWER,"De La Cruz, Bryan",-0.5406509775827629,3.6005135419417975,-17.2759921597393,-20.154694495881706,-25.362673403023894,-5.7738313499043015,-6.452127253965027,-2.3632267388422554,-129.12146581091395,-3.1431407967239684,-34.76458215011324
width:WIDER,"Hill, Derek",-12.355936176034295,2.6661823045211044,14.483261838951101,12.328692147562876,18.014827283398,5.9508972627255385,11.312546177781236,3.0409713283754534,71.36365418667114,13.879442275465202,23.33187171414896
depth:UP,"Mullins, Cedric",-7.062398813358222,-8.47166234745978,-6.902018672314822,4.257045681989964,9.540230070006203,2.0432357439442312,2.009063815599699,3.527655888390197,-154.9137483718952,-15.160607191924473,31.918534301032977
depth:BACK,"Ruiz, Keibert",-0.9966406588761054,-2.0152051916930116,19.592645437586985,8.75006672016674,12.896296721354323,2.4101289259643592,-3.173656807762323,-0.9370377315143124,122.73029103823214,-20.62143759166726,-22.014560048283222
width:WIDER,"Contreras, William",-1.8096105546129715,0.004982292285166223,-18.26029238110033,-0.10460136003485454,-12.229296219898268,-2.0313015801020127,-10.769681040623965,-2.410641899349281,-99.82950487390869,-7.042667167434657,39.83205271302668
width:WIDER,"Contreras, William",4.7745178854326795,0.8241763490698216,3.1917102397931068,4.930311485007243,11.318660478327619,3.092294265681912,4.35584066406533,0.24637273018915665,34.42906958356239,-7.485609201176695,2.8691478859351456
width:NARROWER,"Varsho, Daulton",3.7927002330561255,0.3434771696440526,12.282195688458014,3.790542658732142,1.7262384166607303,0.44053970677364207,12.317467112208037,3.6856842441263873,56.86849605416426,-1.175274605208661,44.75054876090926
width:WIDER,"Nootbaar, Lars",0.2420320934906659,-1.638615323116468,-3.715806036673936,8.703357688801676,3.0647796913325642,0.5966871002770914,-12.175931683286262,-0.9089973787409946,-28.71974116915628,-15.01775077124831,-41.77176390449174
width:WIDER,"Nootbaar, Lars",-1.0974114976753886,-0.5608609346693203,27.956777074550875,15.299022298622317,36.48913152152008,8.63389743555867,7.234021244289101,1.976010080498547,218.01986872557333,20.831535389095507,74.28174571935047
width:WIDER,"Gonzalez, Romy",3.064756535015063,3.556543417978112,13.346457872392088,7.452140345370625,-17.594101551611875,-3.607068007506297,2.2533939817188418,3.37826259841765,-10.64107341132182,-0.13667331200546506,10.64675428145157
width:NARROWER,"Happ, Ian",-8.951270684276189,-9.92157821304368,14.930351551637132,-7.422834005060655,-8.04582850152011,-8.545851061285742,-2.202926494413423,-0.7031653541280235,73.74372012205713,-5.8535993361920475,-20.604977099572423
depth:UP,"Bader, Harrison",,,,,,,,,,,
width:WIDER,"Lukes, Nathan",0.5506146174844262,5.268627954111498,-14.374009281017795,-3.3842598356917497,-3.005744327036063,-0.5097256504810661,13.30801311523923,5.632895958996736,-42.204382533231716,6.395607772996595,23.20656497280592
depth:BACK,"McCarthy, Jake",0.4956898530452647,-3.9336110901598618,12.992051596938145,-8.562565656520901,-11.119936538945803,-2.8009727223392327,-4.716094795122627,-4.86505859008806,125.30143182313562,1.0626404139765981,-10.915357973031707
width:WIDER,"Tatis Jr., Fernando",-0.19942749858772313,-1.2917189963292885,23.979518773824623,15.208861427579535,-0.6057148016598184,-1.4794951986182032,-1.0958141319403651,1.2626617234054691,110.92026994327912,-10.910088624186521,19.942999981137106
width:NARROWER,"Tatis Jr., Fernando",-1.51629535911445,-2.2785929273865873,20.23794693757907,6.442449098493325,24.308678150777823,5.1887035192654345,20.294052345317123,7.328259198189167,192.62685104823956,4.132653808531199,41.28896736415099
depth:UP,"Guerrero Jr., Vladimir",-3.550546102195457,-1.1878588172628597,44.64037645853735,23.22735712866537,37.8665464718196,7.825516256315508,-5.612890721235966,-0.014910189435242693,335.42003761431675,17.28674685069225,90.82500731985861
width:WIDER,"Amaya, Miguel",-5.587402696358486,-7.5413351917010605,22.85793595839849,7.328750157435776,19.86410401792557,3.628002081959694,-5.023591711780247,-4.9014736141819615,136.55751640763953,6.15175570087955,49.17348028996255
width:WIDER,"Cruz, Oneil",-4.703655399160998,-1.3067934340105445,23.054461474427708,16.676047375563027,-24.289519277249973,-7.4095122649810445,-4.779853928385389,-5.2835174599885075,51.036803584987055,0.5775449415074343,43.95662785206244
depth:BACK,"Chisholm Jr., Jazz",0.045086209631585605,-4.158462671014899,17.870618835757423,-1.7583904386204567,-4.206885403492885,-1.6053446552597126,11.585882569506655,3.8527231158634274,99.13052100021653,9.768439054301986,19.2878439365364
width:NARROWER,"Chisholm Jr., Jazz",,,,,,,,,,,
depth:UP,"Chisholm Jr., Jazz",-3.35295716748543,-18.71093556310802,-13.404573720161013,-16.431795620101013,-38.3437503963746,-11.268920679192167,-6.082924967806191,-2.9949104776993587,-66.95813721406691,3.2188905249168336,15.614210466388617
depth:UP,"Ruiz, Esteury",3.4076368427355703,9.653868154503122,9.995415009440116,12.846039011684638,8.921726246415242,1.9732690095801582,0.195641056822911,-2.9265577286222806,-44.14756605331884,-17.595891817636804,-47.03710206602043
width:NARROWER,"Giménez, Andrés",1.9309170958896922,4.845289942867417,-16.783832880477938,-5.084579932212584,-1.6304330536919656,-0.36301727999861,4.640871834886201,1.2667411293597575,-46.71738695037358,6.117318721447056,18.577344156076407
width:WIDER,"Fermin, Freddy",-9.469929264544925,-5.636967391096928,15.427526680131804,6.669782032142347,22.233414200676943,4.607371720558998,12.510033287077079,-0.4789872920323731,157.86075407696072,3.2572946036243895,55.1248560873032
width:WIDER,"Lowe, Josh",8.244003583437822,4.559398617655852,10.772456206253949,8.9369893503419,1.5386847704463058,0.7669273335518585,-4.278916728739664,-3.7517804415900082,24.63718230533192,4.860603763230675,-30.0710821054088
width:NARROWER,"Lowe, Josh",6.350863742367174,12.919676287592548,12.54102325930858,-5.002374391562421,-7.644562649211783,-1.2654264855210045,-5.144069113536705,1.3201700160558303,100.60447997555103,9.447743378578169,-45.05457453403879
width:WIDER,"Lux, Gavin",-9.046955686065544,-4.855124004528203,6.871716287076848,1.9248288831664029,8.653283959686457,2.337221481401667,-3.9518987983253844,-0.16685675534334052,-26.70372644815447,-1.302830888325694,-44.7013114606322
width:WIDER,"Moniak, Mickey",2.7756784481927967,4.059640186522759,13.694756743313933,2.2234527658852645,11.144951833563432,2.9757563309606776,15.657428493236974,6.16152462254014,117.6462543203691,9.988384875527705,68.83784034897566
width:WIDER,"Adell, Jo",-4.846613760590239,-5.483706526636828,1.891528389530575,-1.2178079510976163,8.365794787112463,2.1831544924390394,0.16697664489613118,1.4179102094451443,45.23331892157906,-1.5361993241947154,55.56144777071684
width:WIDER,"Bichette, Bo",-3.7505960224924157,-2.6718082913284524,-2.223673194816504,5.317682467115249,6.787964667735608,2.068047439452547,-3.3550642559435744,-1.0554833228417244,-28.50428686105954,-2.2575725678315,-29.318158714566913
width:WIDER,"Naylor, Bo",3.16444579623473,1.3864103686234284,10.312080658354843,0.35627914727915844,-0.2959014741787165,-0.32238326447777066,10.7988230557436,-0.47064039199039476,45.273910760758525,0.8703652459146145,-2.4723772168537295
width:NARROWER,"Julien, Edouard",-5.5858586170960844,-11.053569986396376,3.930422923636276,10.381319284559751,15.000245650145773,3.750069221105085,1.8922797096518544,0.13663055868105756,65.60346038058773,-6.612606955493097,51.17402442046505
width:NARROWER,"García, Adolis",,,,,,,,,,,
depth:BACK,"Arozarena, Randy",-0.6468466717874639,1.9275870523234953,39.70454197562725,18.680022913547457,30.683806433726208,7.562026945454579,-0.5215726955505744,1.1568127340213956,166.51379694918108,13.967061914206376,34.29261815066779
width:NARROWER,"Reynolds, Bryan",-0.7283063662233354,-5.320987993881707,-8.079876417816218,2.388084659578621,7.294646840132012,2.9378388656608037,16.379064879681746,5.4138673332431555,-33.28269562977697,-8.987842953703407,52.28997140062874
width:WIDER,"Reynolds, Bryan",-2.5349948737907955,-9.099305092215824,-5.415857483596001,20.37979718006091,6.376315252181479,-1.1459440494821265,5.3239513373266005,2.9157649395329814,19.375802653228952,-4.6471715368792035,69.28666709242565
width:NARROWER,"Lewis, Royce",,,,,,,,,,,
width:NARROWER,"Lewis, Royce",,,,,,,,,,,
depth:UP,"Lewis, Royce",-4.737398534787707,3.0730937772373452,-9.748931574560652,-1.0208507622035485,-12.342399937046526,-3.731510322707981,-4.633806267251032,-1.2667638702962734,-75.17000631290597,3.2245552524768257,-18.263766293157705
width:NARROWER,"Turang, Brice",,,,,,,,,,,
width:WIDER,"Mitchell, Garrett",,,,,,,,,,,
width:WIDER,"Wells, Austin",-10.78850570331503,0.14450834353745723,6.21536300052024,3.047675895478421,5.210853184430359,2.24881314140472,-1.520990484889194,3.091206429102688,46.20201966946423,-3.9117172246984833,50.52276952020992
width:WIDER,"Espinal, Santiago",-0.8276642284943194,0.15092274910197956,-6.788559682142237,-6.720062364897844,-3.1625718830965,-0.43957427282168116,2.934819348159628,0.12042444983430867,-50.03509790915822,-2.0081827003346415,7.309052244733188
width:NARROWER,"Lopez, Nicky",0.6813866711789034,4.887834018080452,2.4359415827268873,8.444695741887898,27.308639697172854,6.472280383861707,12.898134558680567,2.3295146879784028,30.91647474773575,5.884114646125618,-4.1808990644172495
depth:BACK,"Lopez, Nicky",-0.8077268039864531,6.005579072008732,1.1926798005170909,5.234319118989564,22.435488072513774,5.746675919922701,11.019771702343325,2.096604852928775,-13.078604437493842,-9.950778615687629,-39.70925939329511
width:WIDER,"Wallner, Matt",-6.097281865357102,-3.434754513925136,4.436876319704401,9.310187767230563,12.988712963645192,3.381645601405901,-3.496920217955065,-2.7956215782729537,101.06368675361881,-6.6768288443272965,32.17346363319174
width:NARROWER,"Friedl, TJ",-2.652792585476404,-3.7218635416056203,8.923002310864145,9.736315473448792,8.427576904516023,1.760908820761968,-1.5236140475541737,-2.9079291364514797,16.985652898982455,3.971479597536739,16.426258148318166
width:WIDER,"Ramos, Heliot",1.9200849206693986,-4.128938043343531,23.15016823176116,17.976295253416172,20.05287529069505,4.404781889121583,1.506685160413026,-0.21209236194908598,106.69779591426192,1.612314191249517,45.60277965321245
width:WIDER,"Ramos, Heliot",4.813614288549441,2.568946906753967,-9.219340903374823,-16.51259788308119,-24.04269383555241,-4.170105077916283,-5.823806080063066,-0.6067728873594895,-12.190106016854827,-0.3949495084619834,-14.032610713860844
width:NARROWER,"García Jr., Luis",-1.4791100611967072,-2.2475373126402416,-9.383135506458993,1.523430220388088,22.872133547211995,4.238450537269308,5.364576225439928,1.518278252854185,-25.80864800164258,9.465263551735415,50.082601151290206
width:NARROWER,"Butler, Lawrence",,,,,,,,,,,
depth:UP,"Bailey, Patrick",-3.255318184506742,-2.3487381381995,-7.175518125997169,-8.618159687079162,-24.14929857839497,-7.265683385248446,3.596661836645507,3.3409345225221876,-37.19208619866079,-3.522566685917303,-15.830134235636088
width:WIDER,"Bailey, Patrick",-0.3650534767938396,4.191633388719037,33.641476447477025,7.399786090358555,18.96749823125051,5.784089931927969,6.614433147582845,3.7698940895714905,132.692934398999,4.931029307781198,31.91507397511733
width:WIDER,"Kelenic, Jarred",-0.08982869557912498,4.969639007449721,-3.759701438178338,-8.568888699075105,-0.4524557528483666,0.09833651745391714,1.9193079756370037,0.47973366448680255,-53.73128647877074,18.658402543687714,-17.68010728077974
width:WIDER,"Sosa, Lenyn",-1.9655155365427333,-3.4155478043841887,3.429991325720783,6.238213011441445,12.345249821696012,2.781673033590822,-3.453313639954705,-1.536756382742358,22.950646346400433,6.770414582050019,34.284379393931054
width:WIDER,"DeLuca, Jonny",-3.5663730273985057,-12.542496436025026,-6.519713409097463,-6.79132540284547,-5.864345594320169,-1.9509351843282126,3.467862750431242,-2.004414655815437,-18.044263229344793,5.64451227565431,1.6433501282181062
width:WIDER,"DeLuca, Jonny",-6.268170991596624,-0.741142897277412,-9.230526521578689,-6.574668870558942,-9.140371221538851,-2.238673372245189,2.660464564538703,4.147199055990581,-24.598811653238386,-13.224217857149243,-9.761194407924398
depth:BACK,"Caballero, José",-7.976328055276546,-5.613198421443144,14.114107874408534,5.79944398884117,27.13575964560459,6.786193968714582,10.85481572022426,3.499142630156751,58.202104027761294,-8.127760053780651,46.926316258704766
depth:BACK,"Rocchio, Brayan",-5.10513389222202,5.153921867671577,16.45554858128301,8.485276803405789,19.35047925042516,4.658984297485915,1.2917373539603632,-2.2473759984263144,84.1414506871256,9.908040068207635,3.367259496509569
width:NARROWER,"Alexander, Blaze",,,,,,,,,,,
width:NARROWER,"Tovar, Ezequiel",-1.6718184423780849,5.332729183788922,16.149108157481933,16.418345445817664,33.361022331136695,8.575475843557836,7.974710606955257,1.1349526789674904,102.20926517976864,5.05852826591113,58.011225546492554
width:NARROWER,"Tovar, Ezequiel",,,,,,,,,,,
width:NARROWER,"Rafaela, Ceddanne",3.431963721514041,3.444609289897268,-8.489698632174342,4.139453620875724,14.569043132220283,3.4183690993919136,18.6756183071291,4.171725190618775,18.440738655223836,-4.030186128006733,-30.30621128112887
width:WIDER,"Duran, Jarren",-0.8758482362402504,-0.978296664090309,2.4622282591105638,7.758343090874607,22.015199366628313,4.878476477037436,10.222351756906953,3.127599861998261,-13.062177685688518,-2.4871758550883634,27.32386237983995
width:NARROWER,"Duran, Jarren",-1.5670448679075029,-4.980256769987052,4.614334691309368,6.870244316129025,5.179247968116137,0.7121417746962866,-3.3825208234137927,-0.863098064099961,34.32601160489488,-1.4780376830931647,27.311414759624185
width:NARROWER,"Gelof, Zack",3.887236724512344,-9.455528576736027,-24.66114529230171,-21.825696175193514,-0.2830865816612711,-0.9520158142365489,-12.158203445399202,-2.191093670332573,-134.9638387120806,-22.264031117501688,-79.19307315618853
width:WIDER,"Cowser, Colton",2.0310525767130807,7.372799489097839,21.745904163714208,17.56269017878388,20.592779436275535,7.853439732367607,7.315258312617985,0.9639602100750544,135.54687378089235,7.713452812297773,-10.773031188919864
width:WIDER,"Cowser, Colton",-0.3072608519171296,3.05565161811977,25.094547150386475,3.7968128790246602,5.8689364454357476,1.0142601531878679,8.713155186775571,1.7642403124824078,186.7434242213551,23.150225599267532,18.027145314528532
width:WIDER,"Hernández, Heriberto",,,,,,,,,,,
depth:UP,"Hernández, Heriberto",,,,,,,,,,,
width:NARROWER,"Abrams, CJ",0.27027131852795216,3.432537120243489,-11.988804123690109,-0.806682551040856,-4.607682568076383,-0.54154266766246,-5.191170503657375,-2.4531070429656125,-19.925711775295945,-2.2452335860177834,10.284958355359784
width:NARROWER,"Carroll, Corbin",-2.889012870395651,-1.0089185971154837,8.690118625433755,13.854957888820143,34.768400351002946,8.573631277538677,4.094089317166416,2.1578132808851302,40.16971124980813,4.817545270311417,70.78719902527033
width:WIDER,"Baty, Brett",0.05294261893079133,0.4788525069800418,4.364661056249501,4.489133673884635,26.077763393990477,6.035493667370076,20.462398394934763,6.128506147242444,30.862357231444925,-0.4793490018415742,33.64938046246062
width:WIDER,"Canzone, Dominic",-5.939292040242976,-3.747651853932532,-11.48345465940644,-1.4233690330511743,-0.19011497868346794,-1.5634937447700927,-5.42480821429768,-1.2882231651475542,-6.070332608260699,10.354608003115885,43.03519663260909
width:WIDER,"Pagés, Pedro",4.301778116669629,0.13094224474049998,5.775042949425151,5.764221587913609,-1.5691051177935025,-0.6315457191165512,-16.853530867997762,-3.883057615793932,83.72982651251962,6.160208914601995,0.40680899036368956
depth:UP,"Neto, Zach",-3.2197118284127795,-5.199055045399026,-6.15866594827675,-6.6087254989491875,-14.408801303748877,-3.45109379074807,3.5704472446287316,0.5805839282609859,-21.918447739003426,-7.108213460277322,1.1389032209626961
width:NARROWER,"Ortiz, Joey",-1.7619322739412557,-0.6603357488239094,-31.601846234410313,-15.351584086481157,-34.919342149448994,-7.642162510980352,-4.754797174862025,-0.8534203496548592,-135.66699584214624,-2.760028395647241,-22.072650751323906
width:WIDER,"Horwitz, Spencer",4.649968939138226,4.269991056581363,-0.31661141416447364,-3.1332070751807377,-6.884043163389779,-1.8523819957866015,4.666235072942634,-2.531078121475894,-18.492252588842998,16.4407823814387,-17.79363701847123
width:NARROWER,"Johnston, Troy",-0.07093957768612169,0.1916777230897253,-4.3046964172317335,-0.831499728511469,-9.50794957067978,-2.5964314793178134,3.9558385235840547,0.47114666661278265,-61.246469344816646,5.418844032833148,-29.962034995466283
width:NARROWER,"Keith, Colt",,,,,,,,,,,
width:NARROWER,"Walker, Jordan",,,,,,,,,,,
width:NARROWER,"Winn, Masyn",4.938465283500955,-10.493612915773964,0.5502278463911043,4.074939818154945,-1.1348435186737724,-0.7826786076583439,-1.0369735813620093,-0.6445845839847819,-11.289674027472401,-18.60453458115933,2.43048337952472
width:NARROWER,"Caminero, Junior",9.918167675019923,1.1314862319416332,14.862693777142951,24.156090837617878,39.20149153312306,8.608026638828509,7.659652874502884,2.508761915977496,62.06630456537118,3.7028459815017034,66.10954641004157
width:WIDER,"Crow-Armstrong, Pete",-3.5988034779847906,3.706203026983204,-3.429837079082402,2.7198436544545035,1.7933535656756767,1.2464194748340436,9.73736485380424,3.2715137595476937,3.2413101295346216,10.73352846374968,49.779717597668
depth:BACK,"Crow-Armstrong, Pete",-0.5183507205721593,5.8916599225690245,-2.4935333531874058,5.363320090746711,-0.10377992431866545,0.445176755864018,16.53298191011642,3.7838989913689085,20.472082608946153,11.213923148736033,53.377933049085286
width:NARROWER,"Crow-Armstrong, Pete",-1.6996819190364243,-2.219122485920581,21.420078071711952,-5.251975774858209,1.3832438043201094,0.18341708910177257,-0.9952371772778692,-2.1023677865285206,218.31224131009628,2.0617084784151274,44.369055946848036
width:WIDER,"Karros, Kyle",1.919725314817116,-11.088952397206409,7.836042906409585,7.9995185832385385,24.594952528759663,5.6886627827932,-2.240446847588932,-0.3891242454620589,106.8206574465088,0.7933654476904635,50.30559840646822
width:NARROWER,"Schanuel, Nolan",,,,,,,,,,,
width:NARROWER,"Langford, Wyatt",2.1243986546279334,-2.754785784915281,16.32714980802141,8.410241357071179,15.758159278911675,4.147271172034313,7.714273888034425,2.4447922432571234,78.88580512453645,-3.869156189273551,71.57182204178957
width:WIDER,"Matthews, Brice",-12.487845201210849,2.365213439770277,22.068653158757343,0.6919717978519628,5.015158288454554,1.5873240248604399,-13.584988634885054,-7.698534124935673,107.38775031493176,-5.052966826050733,-37.48053198320055
width:NARROWER,"Smith, Cam",0.9337922088958157,3.06367903528721,12.673494645645725,9.87185643364237,-1.8929285535475024,1.2963088117545398,10.295474694832704,4.136085188098613,77.95358050580452,-6.550678919417711,12.722258593149078
width:WIDER,"Smith, Cam",,,,,,,,,,,
width:NARROWER,"Lee, Hao-Yu",-0.4582819251723147,7.88952512527578,1.7341752348456625,7.917625529744894,9.237613037103952,4.634232406563815,2.9662420026811356,1.335550228912831,44.00817462962066,-4.278129925915634,28.760161132531834
width:WIDER,"Kurtz, Nick",2.9744052519296784,11.49773589834889,-8.002143237924747,-3.7619383742221792,7.279957412004897,3.8196572557562485,6.239981366087535,-0.3992019596494941,-106.07752302468933,13.516839660587523,-33.521339402759935
width:WIDER,"Crawford, Justin",-5.0404424427521635,-0.4278398072373344,-0.45848254312732245,-0.4474693281753028,0.6208032678068447,0.47022551786533817,8.263618557655203,-0.1376489139020436,51.72017623784836,8.40043134178349,25.88559944729063
width:WIDER,"Antonacci, Sam",-5.249686472557842,-6.660033768140326,24.451142426926275,5.7170645697408045,15.054103355711515,2.8022704086730155,-4.676100689919771,-0.9033612984292574,124.245935694317,-7.8535408418805135,-7.279526701037021
width:NARROWER,"Meidroth, Chase",1.1014924022149626,-8.563518215612635,13.554143440095094,3.5872985560851207,12.49549375535615,2.9356688958697847,4.580747072560664,-1.3424585873072659,82.92965909397908,-11.265358497949364,-3.287926874568626
width:NARROWER,"McGonigle, Kevin",0.4862072271886919,-1.985434784902947,1.591669739167171,16.68968413832264,24.08908888251017,4.928282955100847,6.021472206821516,-1.148032217227719,79.82916445499637,4.863363494872832,67.06716621738343
width:WIDER,"Shaw, Matt",-3.2978120469375294,-3.8393325538073837,27.713198468977296,5.620281178582012,5.9041333010241,1.216722452868973,14.261689638538735,4.303537138914514,152.21050288141694,-9.597955509298853,-1.4705547039063092
width:WIDER,"Williamson, Ben",3.121182129930131,2.2695819524403062,-18.10490754573889,-13.228287640847716,-9.196622059481427,-2.1077612833910155,0.9737079493425815,-2.1798521723216475,-99.32505106010652,-14.174788083620925,-63.46350749497422
