outcome,wider_b,deeper_b,off_b,wider_z,deeper_z,off_z
whiff,-0.27625488394326964,-0.3903607772995409,0.33019548762297524,-2.6982782867487765,-2.551147495435443,1.6441833097032
K,-0.2454474753594288,-0.4168593203802739,0.19019946544349076,-2.0652582924067295,-2.396012414916687,0.8070913040242835
hr600,-0.4696050540795149,0.41702057151741856,-0.11257620403430674,-1.8111040509409548,0.9537465868138648,-0.19867590033005167
xhr600,-0.6266989899667986,0.5697797045299544,0.40583040668937953,-3.124831373538605,1.797510575637021,0.8315158694174392
brl600,-1.1579491897145187,0.7236111205319559,1.3744294605917804,-3.6099776093528453,1.488232476422381,1.7971516518904036
brl,-0.3253721369364867,0.15318310900479643,0.3779488005256517,-4.024261331754402,1.2598032043438114,1.9879107039126254
hard,-0.562943336568456,0.17573013510652924,0.9676019597017809,-3.3187198458175673,0.6448424174136875,2.729814887382131
ev,-0.1407587989787695,0.04376819016215242,0.22937766929628922,-2.5400367769085923,0.5256887676442602,1.9243772728059096
iso,-3.2419335357460612,2.623410619797335,-1.6399374132254771,-1.9689470801288602,1.0711536668766761,-0.49016493641926545
sweet,0.07987586158991423,0.2945493103752441,0.542759583002163,0.6024119092127708,1.374428468862256,1.7571359720826765
xwoba,-2.0895427250772687,4.76089732188605,3.4058432710283766,-2.207117980069323,3.621246421566853,1.4799593201676156
