name,side,lever,move,seasons,ex_xw,se,ex_K,se_K,every,n_off,off_ex_xw,batter,verdict
"Schwarber, Kyle",L,offp,2.1 in farther off the plate,"2025, 2026",62.04457475723119,20.162070342901117,5.290605734025064,2.2861363913398813,True,1,15.389010674824604,656941,WORKS (clear)
"Vientos, Mark",R,offp,2.1 in farther off the plate,"2024, 2025",34.999633217704506,26.34696889653577,-0.050817171054857876,2.987429533350367,True,1,-40.48474886969839,668901,"better every season, not clear"
"Mullins, Cedric",L,angle,6.9 deg more open,"2025, 2026",26.360069451336365,26.87295177544277,9.38293477033275,3.0470696685269805,False,1,-8.967052649980829,656775,no
"Young, Cole",L,angle,5.8 deg more open,"2025, 2026",22.385860816176976,26.750403177548417,-1.7313788248068849,3.0331741307875935,True,0,,702284,"better every season, not clear"
"Schanuel, Nolan",L,width,2.9 in wider,"2024, 2025",16.143169368000198,25.52570324620302,1.4453739408413024,2.894307881741599,False,1,-22.573128023225003,694384,no
"Gorman, Nolan",L,angle,7.8 deg more open,"2024, 2025, 2026",14.237993206714393,26.403579659162872,6.55310538988172,2.9938485132657355,False,0,,669357,no
"Gorman, Nolan",L,foot,9.9 deg front foot more open,"2024, 2025, 2026",14.237993206714393,26.403579659162872,6.55310538988172,2.9938485132657355,False,0,,669357,no
"Rosario, Amed",R,offp,2.2 in farther off the plate,"2025, 2026",12.272653070595183,37.10958998282051,-9.484406396364328,4.207781377833474,False,1,-6.521087779970664,642708,no
"Smith, Will",R,angle,6.5 deg more open,"2024, 2026",9.732776864727622,28.44156363356316,-0.5571331999985177,3.224931395608938,False,1,15.82652333122321,669257,no
"Smith, Will",R,foot,5.7 deg front foot more open,"2024, 2026",9.732776864727622,28.44156363356316,-0.5571331999985177,3.224931395608938,False,1,15.82652333122321,669257,no
"Freeman, Freddie",L,offp,2.0 in farther off the plate,"2024, 2026",-0.2619778713204631,21.58764626175392,0.7328421597121175,2.447779562466633,False,1,19.878771454988218,518692,no
"Butler, Lawrence",L,width,5.6 in wider,"2024, 2025, 2026",-6.823049649197315,22.050345086800252,-3.1808495252283464,2.5002440467273503,False,0,,671732,no
"Ohtani, Shohei",L,foot,8.5 deg front foot more open,"2024, 2025, 2026",-17.597864521996417,17.0904508941719,0.746127486291831,1.9378516724265955,False,0,,660271,no
"Benintendi, Andrew",L,angle,6.0 deg more closed,"2025, 2026",-18.58145456514461,33.86263949127458,-6.734892638976219,3.839616226469658,False,1,36.62849138477897,643217,no
"Ohtani, Shohei",L,angle,7.8 deg more open,"2024, 2025",-31.597516929504526,20.26183636322135,0.5401942941420461,2.2974486586712732,False,1,16.921124006955118,660271,no
"Pederson, Joc",L,offp,2.4 in farther off the plate,"2024, 2026",-38.14184848371705,43.4123085708738,-16.792318823510524,4.92243389533132,False,0,,592626,no
"Pederson, Joc",L,depth,2.8 in deeper,"2024, 2026",-38.14184848371705,43.4123085708738,-16.792318823510524,4.92243389533132,False,0,,592626,no
"Devers, Rafael",L,depth,2.4 in deeper,"2024, 2025",-38.45879120135349,21.058900545726246,-3.007235662174405,2.3878261547749706,False,1,-56.39691291560289,646240,no
"Anthony, Roman",L,offp,2.1 in farther off the plate,"2025, 2026",-39.912652846633215,33.97743063332181,-2.173034280400767,3.8526321619750137,False,0,,701350,no
"García Jr., Luis",L,offp,2.2 in farther off the plate,"2024, 2026",-41.49220656631188,28.85771310619596,-0.18956745430170122,3.2721177429156616,False,1,-66.79358567559083,671277,no
