batter,side,year,r,lever,size,dir,name,whiff_U,n_whiff_U,whiff_A,n_whiff_A,whiff_B,n_whiff_B,chase_U,n_chase_U,chase_A,n_chase_A,chase_B,n_chase_B,sweet_U,n_sweet_U,sweet_A,n_sweet_A,sweet_B,n_sweet_B,K_U,n_K_U,K_A,n_K_A,K_B,n_K_B,xwoba_U,n_xwoba_U,xwoba_A,n_xwoba_A,xwoba_B,n_xwoba_B,bat_speed_U,n_bat_speed_U,bat_speed_A,n_bat_speed_A,bat_speed_B,n_bat_speed_B,top_U,n_top_U,top_A,n_top_A,top_B,n_top_B,xw_base,wh_base,slump_xw,slump_wh,y_whiff,v_whiff,y_chase,v_chase,y_sweet,v_sweet,y_K,v_K,y_xwoba,v_xwoba,y_bat_speed,v_bat_speed,y_top,kind
457759,R,2024,251,width,5.233840743686432,WIDER,"Turner, Justin",15.568862275449101,167.0,17.16417910447761,134.0,13.377926421404682,299.0,24.30939226519337,181.0,25.675675675675677,148.0,22.61904761904762,336.0,37.096774193548384,62.0,55.319148936170215,47.0,37.03703703703704,108.0,14.942528735632184,87.0,19.718309859154928,71.0,19.631901840490798,163.0,313.81149161917136,87.0,371.43646226703765,71.0,316.57584935358574,163.0,64.67820512820511,156.0,63.515702479338856,121.0,64.53851851851847,270.0,41.506805631752435,192.0,41.43566568805179,161.0,41.282089979841544,384.0,316.57584935358574,13.377926421404682,-2.764357734414375,2.190935854044419,,25.01226874608991,,27.0809690906376,,89.352693891558,,46.08780961631861,,3597.749781447305,,0.36995700890019084,,width:WIDER
518735,L,2024,186,depth,6.54456500685491,BACK,"Grandal, Yasmani",17.142857142857142,70.0,11.881188118811881,101.0,23.076923076923077,78.0,27.142857142857142,70.0,22.5,120.0,36.7816091954023,87.0,27.272727272727273,33.0,35.55555555555556,45.0,23.529411764705884,34.0,11.904761904761905,42.0,16.923076923076923,65.0,20.930232558139537,43.0,267.3604126984128,42.0,371.913956892432,65.0,254.5803025299935,43.0,69.00952380952378,63.0,69.31702127659574,94.0,68.72537313432836,67.0,38.605018384072324,84.0,37.771485929679166,162.0,38.25931130986819,92.0,254.5803025299935,23.076923076923077,12.780110168419299,-5.934065934065934,-10.09930723865463,44.97638613861386,-4.291707032151563,49.875,4.197175433915865,125.46969696969698,0.29400191116337204,70.62,106.6515139061107,5512.804615384616,0.6807447587845232,0.6683634751773051,-0.5409418108098911,depth:BACK
519317,R,2024,243,width,-3.8470595433006594,NARROWER,"Stanton, Giancarlo",27.741935483870968,155.0,38.064516129032256,155.0,34.9112426035503,169.0,30.434782608695652,184.0,29.34131736526946,167.0,32.98429319371728,191.0,46.2962962962963,54.0,29.545454545454547,44.0,34.04255319148936,47.0,26.50602409638554,83.0,36.144578313253014,83.0,32.142857142857146,84.0,373.24418217988966,83.0,334.3623101276239,83.0,390.9902435219102,84.0,80.29720279720284,143.0,81.20728476821179,151.0,80.59936708860751,158.0,43.159180819778946,176.0,44.96858564674469,176.0,43.07895050367658,189.0,390.9902435219102,34.9112426035503,-17.74606134202054,-7.169307119679331,10.15030333914016,23.9941935483871,-6.555433362692742,25.18728846654517,-12.156725622811038,98.52588383838385,13.098150176463434,43.41686746987952,-25.590847540411573,3389.248192771085,0.7144595466497563,0.343254156439587,2.563823713954889,width:NARROWER
543807,R,2024,176,depth,-5.421994175301453,UP,"Springer, George",19.25133689839572,187.0,25.96401028277635,389.0,20.9366391184573,363.0,18.954248366013072,153.0,25.49019607843137,408.0,24.41860465116279,344.0,32.30769230769231,65.0,29.45205479452055,146.0,33.793103448275865,145.0,19.387755102040817,98.0,21.327014218009477,211.0,16.751269035532996,197.0,337.68554080604014,98.0,357.58422115522484,211.0,297.80462477653043,197.0,72.22573099415204,171.0,71.1723646723647,351.0,70.18885245901639,305.0,44.57538597432732,163.0,44.13815623474731,410.0,44.266618006195095,370.0,297.80462477653043,20.9366391184573,39.880916029509706,-1.6853022200615797,4.884758928509337,14.724451837290186,6.3348177368779215,19.816176470588236,-0.17586139569398895,53.111301369863014,0.36259423746134645,26.925050778605282,55.23407276688081,2101.848544346649,-0.8770335572119329,0.21925461088618986,-0.2838223937712282,depth:UP
575929,R,2025,515,depth,9.956033924214715,BACK,"Contreras, Willson",22.3463687150838,179.0,25.459317585301836,381.0,27.615062761506277,239.0,31.28491620111732,179.0,29.6875,384.0,33.60655737704918,244.0,44.61538461538461,65.0,44.0,125.0,36.25,80.0,23.0,100.0,25.365853658536587,205.0,26.229508196721312,122.0,388.6246189938754,100.0,387.50569435601966,205.0,308.10108885679387,122.0,75.23132530120479,166.0,75.41725067385447,371.0,75.00940170940173,234.0,41.542373505466045,184.0,42.1450787401324,398.0,41.52712371888499,235.0,308.10108885679387,27.615062761506277,80.52353013708154,-5.268694046422478,0.7757566036522947,15.269256147450847,0.24420783464424423,18.060623254189945,0.9380869501469842,55.86000000000001,-3.5702529901071056,26.807268292682927,50.87634249404861,2092.6540975609755,-0.028962570915150115,0.21982331211639014,0.4589146240926805,depth:BACK
592518,R,2024,170,width,6.780786284774305,WIDER,"Machado, Manny",26.203208556149733,187.0,17.33668341708543,398.0,23.49397590361446,332.0,26.701570680628272,191.0,30.86053412462908,337.0,28.181818181818183,330.0,32.35294117647059,68.0,37.106918238993714,159.0,33.6,125.0,23.958333333333332,96.0,14.427860696517413,201.0,23.463687150837988,179.0,297.8693362713675,96.0,357.1822000401231,201.0,317.298175796551,179.0,73.22130177514792,169.0,74.92760416666665,384.0,73.84980842911877,261.0,45.051032364435,205.0,43.463228388714604,333.0,44.33808165413282,329.0,317.298175796551,23.49397590361446,-19.42883952518349,2.709232652535274,-7.2549234917098335,14.616353827963346,4.226944256191556,18.087529324032502,4.261044041175369,50.15226137624862,-7.972014058602885,27.732929104477613,55.95859395731856,2164.9138992537314,1.6017977003462676,0.2148268999630178,-1.3823127932728088,width:WIDER
595879,R,2024,146,depth,-9.665183482297556,UP,"Báez, Javier",19.696969696969695,132.0,29.838709677419356,124.0,30.379746835443036,158.0,40.0,135.0,46.3235294117647,136.0,45.78313253012048,166.0,26.865671641791046,67.0,19.565217391304348,46.0,35.08771929824562,57.0,13.75,80.0,25.37313432835821,67.0,25.609756097560975,82.0,284.60407533643894,80.0,196.20588552453052,67.0,267.46976744799923,82.0,75.01016949152542,118.0,73.03839285714288,112.0,73.80086206896551,116.0,43.06238591953444,114.0,41.57424710206998,107.0,42.37010139434069,133.0,267.46976744799923,30.379746835443036,17.134307888439707,-10.682777138473341,9.024908056266904,29.083870967741937,6.111569784328905,32.54656862745098,-7.203424603690816,87.58233290071384,8.765327622310881,49.41503731343283,-76.524537782201,3857.482947761194,-1.7526182624710784,0.4387420550847459,-1.5019758361565239,depth:UP
605137,L,2024,149,width,-6.295041598491281,NARROWER,"Bell, Josh",27.516778523489933,149.0,24.305555555555557,288.0,23.30827067669173,133.0,29.197080291970803,137.0,30.035335689045937,283.0,27.659574468085108,141.0,41.07142857142857,56.0,35.64356435643565,101.0,25.53191489361702,47.0,22.5,80.0,22.377622377622377,143.0,20.833333333333332,72.0,344.4391907726046,80.0,312.2098282083162,143.0,283.3860942760943,72.0,70.08391608391607,143.0,69.42805755395683,278.0,70.68526315789475,95.0,45.16015262774124,121.0,44.67324964924116,250.0,44.79121275191748,129.0,283.3860942760943,23.30827067669173,61.05309649651031,4.208507846798202,-2.76467759682897,18.93697217561521,-0.7122713038342241,23.886409945577878,-1.8068302376288505,66.3072400990099,0.07638129685351461,35.1225,11.530427470030908,2741.765506993007,-0.7727977084551917,0.26698245459576403,-0.40317122476687217,width:NARROWER
605141,R,2024,240,depth,-5.777147909779295,UP,"Betts, Mookie",14.52991452991453,117.0,16.176470588235293,204.0,15.238095238095237,105.0,25.899280575539567,139.0,25.123152709359605,203.0,18.79194630872483,149.0,43.18181818181818,44.0,37.5,104.0,29.78723404255319,47.0,18.333333333333332,60.0,9.75609756097561,123.0,14.705882352941176,68.0,341.7725984631313,60.0,335.08292314753055,123.0,303.7302216741452,68.0,67.11111111111107,108.0,67.84731182795694,186.0,68.95869565217392,92.0,38.45171958370559,148.0,37.82475793008026,222.0,38.40033655907039,181.0,303.7302216741452,15.238095238095237,38.04237678898613,-0.7081807081807074,1.8568952028512093,25.009030920060333,0.11090565386337947,26.72537831803523,-3.0554922342287685,77.25852272727273,-7.573959748650812,44.67878048780488,15.424840391876483,3487.7568292682927,0.7449940590554718,0.36897087813620083,-0.24922757071732987,depth:UP
621043,R,2025,538,width,-3.3540804513373175,NARROWER,"Correa, Carlos",23.076923076923077,169.0,17.027863777089784,323.0,17.50841750841751,297.0,31.794871794871796,195.0,26.79045092838196,377.0,32.19178082191781,292.0,29.850746268656717,67.0,35.97122302158273,139.0,30.833333333333332,120.0,21.875,96.0,15.217391304347826,184.0,18.471337579617835,157.0,327.2821970123902,96.0,378.76451580268343,184.0,296.9801813925635,157.0,73.36521739130437,161.0,73.57384105960278,302.0,72.5490974729242,277.0,43.15924551568788,195.0,42.7977975169004,405.0,43.97869116076729,296.0,296.9801813925635,17.50841750841751,30.302015619826705,5.568505568505568,-3.092598958794162,16.76037518090388,-5.444882624449605,17.156498673740053,6.046827559933167,52.838236873188016,-4.769734849844575,28.56114130434783,62.376518591912735,2229.566576086957,0.3199561681482983,0.24006543334293123,-0.4186591964427297,width:NARROWER
621438,R,2025,502,depth,-5.383199213692723,UP,"Taylor, Tyrone",16.91176470588235,136.0,23.220973782771537,267.0,19.318181818181817,88.0,25.56390977443609,133.0,30.303030303030305,264.0,33.333333333333336,63.0,43.10344827586207,58.0,44.554455445544555,101.0,36.36363636363637,33.0,20.73170731707317,82.0,23.448275862068964,145.0,22.22222222222222,45.0,308.7115118392597,82.0,294.2596967416447,145.0,257.443374533107,45.0,69.5473282442748,131.0,69.75175097276266,257.0,69.59404761904761,84.0,43.81128593668715,160.0,44.298714800854505,276.0,40.53607077123103,72.0,257.443374533107,19.318181818181817,51.26813730615271,-2.406417112299465,5.937615819278517,20.637768506278917,6.202757474741124,24.93122009569378,1.3488846076329857,64.83633492659611,1.4439394735442492,34.399377628259046,-9.980366149833529,2685.316450798991,-0.02482492305934597,0.2905418956247959,0.3897142223155978,depth:UP
641355,L,2024,245,width,6.727004316535357,WIDER,"Bellinger, Cody",19.23076923076923,182.0,18.974358974358974,195.0,19.07894736842105,304.0,35.82887700534759,187.0,29.35323383084577,201.0,34.451219512195124,328.0,35.22727272727273,88.0,32.87671232876713,73.0,29.05982905982906,117.0,12.037037037037036,108.0,16.3265306122449,98.0,17.72151898734177,158.0,292.7657665395938,108.0,351.0189922783646,98.0,265.06302310003997,158.0,66.25714285714284,168.0,67.418085106383,188.0,68.45748299319726,294.0,45.718376695674664,191.0,45.06825179461126,208.0,45.53327845925702,317.0,265.06302310003997,19.07894736842105,27.702743439553842,0.15182186234817863,,19.753461538461544,,22.76159310399872,,59.867489103362395,,35.069047619047616,,2737.5928571428567,,0.28416090425531926,,width:WIDER
641680,L,2024,158,width,3.5220006389808596,WIDER,"Heim, Jonah",18.26086956521739,115.0,18.9873417721519,237.0,17.058823529411764,170.0,32.0,125.0,33.7962962962963,216.0,33.333333333333336,159.0,31.818181818181817,44.0,30.107526881720432,93.0,29.23076923076923,65.0,19.672131147540984,61.0,18.0327868852459,122.0,21.59090909090909,88.0,273.9986401849517,61.0,282.98793883984865,122.0,294.6215750793733,88.0,69.30366972477066,109.0,69.2369863013699,219.0,68.54632352941177,136.0,42.625485369036475,111.0,41.69684770146993,198.0,42.21398897733653,162.0,294.6215750793733,17.058823529411764,-20.622934894421633,1.2020460358056262,0.43490106591161837,24.01620253164557,2.9138659870962824,27.848333333333333,-2.3670258176615295,79.97525659824046,-2.3590045418719865,44.30655737704918,2.1522931435541706,3458.7000000000003,0.26569717157245376,0.3464054291818525,-0.6258432088868375,width:WIDER
641680,L,2025,569,width,7.562675977282645,WIDER,"Heim, Jonah",17.92452830188679,106.0,21.518987341772153,158.0,21.463414634146343,205.0,32.72727272727273,110.0,28.30188679245283,159.0,30.057803468208093,173.0,30.952380952380953,42.0,31.818181818181817,66.0,37.83783783783784,74.0,19.29824561403509,57.0,10.465116279069768,86.0,22.33009708737864,103.0,244.93502535094143,57.0,299.8425116122148,86.0,260.62591157140366,103.0,67.50784313725494,102.0,68.19133333333326,150.0,67.60362694300514,193.0,43.311568934903335,112.0,42.033569488084865,175.0,43.20106543576257,188.0,260.62591157140366,21.463414634146343,-15.690886220462232,-3.538886332259551,-0.035483245760411286,29.312228325770242,-2.809305929443148,33.91337907375644,-4.68482170875213,93.06818181818183,-8.850059059202488,52.56168910648715,30.47032818296396,4103.119828641371,0.712177229125421,0.41523176470588247,-1.3915206204763202,width:WIDER
643289,R,2024,235,width,-4.792933035909982,NARROWER,"Dubón, Mauricio",19.745222929936304,157.0,16.145833333333332,192.0,17.449664429530202,298.0,34.959349593495936,123.0,44.29530201342282,149.0,41.46341463414634,246.0,31.48148148148148,54.0,32.5,80.0,29.166666666666668,120.0,18.055555555555557,72.0,11.702127659574469,94.0,16.0,150.0,256.48526178278667,72.0,267.77451125204567,94.0,265.3708467769897,150.0,68.61208053691279,149.0,67.543956043956,182.0,68.75214285714287,280.0,39.703255738550254,109.0,40.53085701220599,118.0,40.29944707330528,199.0,265.3708467769897,17.449664429530202,-8.885584994203043,2.295558500406102,-2.5820472249066233,21.529423765923568,8.94845067378567,32.72548698641349,0.3992485289690155,74.09548611111111,-4.153570516119705,44.19308510638298,-1.3111391369021757,3449.842021276596,-0.8758157069944431,0.30771721734641205,1.043445011251924,width:NARROWER
643289,R,2025,530,width,9.25679693337009,WIDER,"Dubón, Mauricio",13.793103448275861,116.0,15.032679738562091,306.0,13.20754716981132,106.0,38.46153846153846,91.0,37.58620689655172,290.0,36.170212765957444,94.0,18.51851851851852,54.0,43.16546762589928,139.0,29.09090909090909,55.0,6.557377049180328,61.0,12.716763005780347,173.0,6.451612903225806,62.0,243.37926958105638,61.0,321.90818226795807,173.0,265.88963978494627,62.0,67.77522123893806,113.0,67.00383275261323,287.0,68.1757894736842,95.0,40.38485856265231,74.0,40.55932948264747,265.0,41.00538408403743,88.0,265.88963978494627,13.20754716981132,-22.51037020388989,0.5855562784645407,2.3683351216236463,22.10756423258959,0.3334202245421134,31.8342175066313,23.94377897192461,61.42136290967227,9.673807715206987,39.9527338197669,46.43808860135047,3118.82774566474,-0.6634344416884843,0.31094323332613866,0.038674420534552556,width:WIDER
643289,R,2025,530,depth,-3.8314234586498905,UP,"Dubón, Mauricio",13.793103448275861,116.0,15.032679738562091,306.0,13.20754716981132,106.0,38.46153846153846,91.0,37.58620689655172,290.0,36.170212765957444,94.0,18.51851851851852,54.0,43.16546762589928,139.0,29.09090909090909,55.0,6.557377049180328,61.0,12.716763005780347,173.0,6.451612903225806,62.0,243.37926958105638,61.0,321.90818226795807,173.0,265.88963978494627,62.0,67.77522123893806,113.0,67.00383275261323,287.0,68.1757894736842,95.0,40.38485856265231,74.0,40.55932948264747,265.0,41.00538408403743,88.0,265.88963978494627,13.20754716981132,-22.51037020388989,0.5855562784645407,2.3683351216236463,22.10756423258959,0.3334202245421134,31.8342175066313,23.94377897192461,61.42136290967227,9.673807715206987,39.9527338197669,46.43808860135047,3118.82774566474,-0.6634344416884843,0.31094323332613866,0.038674420534552556,depth:UP
643446,L,2024,132,width,5.376935664214329,WIDER,"McNeil, Jeff",14.594594594594595,185.0,15.40880503144654,318.0,7.462686567164179,67.0,28.143712574850298,167.0,29.844961240310077,258.0,22.07792207792208,77.0,44.44444444444444,81.0,27.272727272727273,132.0,31.25,32.0,14.285714285714286,105.0,13.664596273291925,161.0,7.142857142857143,42.0,304.303582010582,105.0,254.41808403069757,161.0,299.1744195011338,42.0,67.1520958083832,167.0,67.76245733788397,293.0,65.82040816326531,49.0,41.987701119147964,174.0,41.37605344990347,254.0,41.83841584125927,85.0,299.1744195011338,7.462686567164179,5.129162509448179,7.131908027430415,,15.899263131055584,,21.750104442278236,,47.58733164983165,,28.351304347826087,,2213.1860869565216,,0.23700373996035243,,width:WIDER
646240,L,2024,247,depth,-4.492664873359768,UP,"Devers, Rafael",30.555555555555557,216.0,38.333333333333336,120.0,28.837209302325583,430.0,30.805687203791468,211.0,28.87323943661972,142.0,29.333333333333332,450.0,40.298507462686565,67.0,31.428571428571427,35.0,43.97163120567376,141.0,27.722772277227723,101.0,29.032258064516128,62.0,24.03846153846154,208.0,290.4285996703014,101.0,326.07967526306703,62.0,404.02968163896736,208.0,70.69853658536584,205.0,70.12410714285708,112.0,72.18902743142145,401.0,41.11996227458242,188.0,41.31378203757184,124.0,41.21726253330611,423.0,404.02968163896736,28.837209302325583,-113.60108196866594,1.7183462532299743,,24.105277777777776,,25.97840598090916,,103.90298507462686,,46.90089428297669,,3661.221558607474,,0.3480717987804879,,depth:UP
650559,R,2024,180,width,-3.817840249783899,NARROWER,"De La Cruz, Bryan",26.16822429906542,214.0,26.585365853658537,410.0,27.741935483870968,465.0,33.83838383838384,198.0,32.55813953488372,387.0,30.752688172043012,465.0,42.25352112676056,71.0,38.46153846153846,130.0,33.76623376623377,154.0,24.752475247524753,101.0,29.949238578680202,197.0,25.862068965517242,232.0,324.3868471608014,101.0,287.5646809556396,197.0,336.53487469597576,232.0,71.22330097087392,206.0,70.27373737373743,396.0,71.42975609756097,410.0,42.6217011207958,169.0,43.272855101089235,343.0,42.80570468520815,436.0,336.53487469597576,27.741935483870968,-12.148027535174378,-1.5737111848055463,-0.5406509775827629,13.224973786186458,-2.826639461213496,16.834038054968286,-3.1431407967239684,52.01936619718311,3.6005135419417975,26.98579685379706,-34.76458215011324,2106.5905613911646,-0.7741817240109544,0.1860439467490439,0.5815948277315591,width:NARROWER
660688,L,2024,174,depth,3.4332160340285327,BACK,"Ruiz, Keibert",10.526315789473685,114.0,10.78838174273859,241.0,14.084507042253522,142.0,39.325842696629216,89.0,40.58577405857741,239.0,31.884057971014492,138.0,56.89655172413793,58.0,33.9622641509434,106.0,26.470588235294116,68.0,8.955223880597014,67.0,9.01639344262295,122.0,15.294117647058824,85.0,353.2253588920385,67.0,295.3587119972975,122.0,257.5990705882353,85.0,65.48761904761902,105.0,66.61330472103006,233.0,65.80964912280702,114.0,36.78262631357979,87.0,40.603061021073366,196.0,40.62879939755673,146.0,257.5990705882353,14.084507042253522,95.62628830380322,-3.558191252779837,-0.9966406588761052,24.027817208997593,2.676388399483173,34.00122232147055,-20.62143759166726,63.72072218607677,-2.0152051916930116,41.66138977244923,-22.014560048283222,3252.2104477611942,1.1195558124403824,0.3482995708154507,3.4967193571198303,depth:BACK
661388,R,2025,588,width,6.707650331843453,WIDER,"Contreras, William",23.979591836734695,196.0,21.25,320.0,21.188630490956072,387.0,25.128205128205128,195.0,23.03030303030303,330.0,27.727272727272727,440.0,34.21052631578947,76.0,30.833333333333332,120.0,34.45945945945946,148.0,18.095238095238095,105.0,18.39080459770115,174.0,17.12962962962963,216.0,328.15609844568286,105.0,362.5032541753574,174.0,323.29971241322806,216.0,73.97329842931939,191.0,72.37993421052639,304.0,71.57506775067755,369.0,42.607400548955745,206.0,41.29447517150905,357.0,42.49830365532292,453.0,323.29971241322806,21.188630490956072,4.856386032454793,2.790961345778623,-1.8096105546129715,15.29859375,-2.2866242415514217,17.98951048951049,-7.042667167434657,51.337171052631575,0.004982292285166334,27.515172413793106,39.83205271302668,2147.9151724137932,-1.738638661910467,0.21492142291264815,-1.5165495759739234,width:WIDER
662139,L,2024,184,width,-8.51521116780767,NARROWER,"Varsho, Daulton",25.294117647058822,170.0,24.65753424657534,365.0,20.527859237536656,341.0,24.725274725274726,182.0,28.940568475452196,387.0,24.175824175824175,364.0,27.272727272727273,55.0,30.89430894308943,123.0,32.17391304347826,115.0,31.11111111111111,90.0,24.06417112299465,187.0,25.824175824175825,182.0,202.5697377492878,90.0,296.7821702390109,187.0,268.6899295226544,182.0,71.56851851851853,162.0,73.50628571428575,350.0,72.52184615384614,325.0,37.54365207511592,196.0,39.3740279927498,361.0,38.35935601864142,400.0,268.6899295226544,20.527859237536656,-66.12019177336657,4.766258409522166,3.7927002330561255,16.03318694601128,7.4767787303572995,17.81305903398927,-1.175274605208661,62.85254988913527,0.3434771696440526,29.65529411764706,44.75054876090926,2314.97935828877,1.701654419444663,0.22765037037037042,2.125978848166324,width:NARROWER
663457,L,2025,606,width,5.300918711556697,WIDER,"Nootbaar, Lars",20.666666666666668,150.0,20.71005917159763,169.0,21.5311004784689,209.0,23.71794871794872,156.0,22.77227722772277,202.0,22.14022140221402,271.0,41.53846153846154,65.0,26.582278481012658,79.0,26.923076923076923,78.0,19.318181818181817,88.0,17.59259259259259,108.0,26.717557251908396,131.0,328.0375754528855,88.0,287.1248294840993,108.0,266.7853319217502,131.0,70.73776223776234,143.0,71.58616352201255,159.0,73.26649484536085,194.0,41.78493216329188,195.0,40.34373128131608,256.0,40.9944841790118,334.0,266.7853319217502,21.5311004784689,61.25224353113532,-0.8644338118022326,0.2420320934906659,23.400254437869826,-0.9821271122106878,25.0504569687738,-15.01775077124831,66.9873417721519,-1.638615323116468,37.15833333333333,-41.77176390449174,2900.6886363636363,0.8094783702251049,0.33485380657078784,-1.4197788587411275,width:WIDER
663853,R,2024,207,width,5.848848693968996,WIDER,"Gonzalez, Romy",24.0,100.0,29.333333333333332,225.0,23.157894736842106,95.0,34.883720930232556,86.0,36.53846153846154,208.0,37.719298245614034,114.0,25.806451612903224,31.0,28.125,64.0,41.02564102564103,39.0,26.666666666666668,45.0,31.372549019607842,102.0,17.307692307692307,52.0,303.1534048840048,45.0,316.38626294620434,102.0,340.2536482463896,52.0,73.05612244897964,98.0,73.0545871559633,218.0,73.50561797752808,89.0,42.02417447076159,72.0,40.95630225941513,169.0,42.342354413046856,101.0,340.2536482463896,23.157894736842106,-37.100243362384845,0.8421052631578938,2.973349265036364,26.860166666666665,0.9107295164077573,36.24049642218247,-0.9081171579575722,114.38067036290323,2.913537388051811,57.70470588235294,15.391828013946082,4504.598823529412,-0.06864315087318502,0.37289449541284414,-0.9017265635573508,width:WIDER
664056,R,2025,616,depth,-4.575346105223449,UP,"Bader, Harrison",23.121387283236995,173.0,26.666666666666668,165.0,30.65134099616858,261.0,30.97826086956522,184.0,40.76433121019108,157.0,36.933797909407666,287.0,40.67796610169491,59.0,42.592592592592595,54.0,29.41176470588235,85.0,25.53191489361702,94.0,31.764705882352942,85.0,30.49645390070922,141.0,341.5639882877867,94.0,257.56895238095143,85.0,285.94129485580555,141.0,73.03609467455617,169.0,72.92499999999997,156.0,72.91210937500003,256.0,38.59278050029718,183.0,38.86115469432793,130.0,38.31561834576005,275.0,285.94129485580555,30.65134099616858,55.62269343198113,-7.5299537129315866,,22.01884393063584,,26.02828163943506,,84.72339924670433,,40.36573216520651,,3151.06760951189,,0.31078032544378703,,depth:UP
664770,L,2025,600,width,3.876552366604905,WIDER,"Lukes, Nathan",11.728395061728396,162.0,13.761467889908257,218.0,10.743801652892563,242.0,33.53658536585366,164.0,32.58426966292135,178.0,36.27450980392157,204.0,29.11392405063291,79.0,36.58536585365854,82.0,27.272727272727273,99.0,11.34020618556701,97.0,18.69158878504673,107.0,11.11111111111111,126.0,303.11194658770796,97.0,321.39464292778683,107.0,291.49737501324796,126.0,67.2408805031447,159.0,68.6663414634146,205.0,66.22577777777781,225.0,41.51283377918294,186.0,39.453615399595726,212.0,41.138538406578476,208.0,291.49737501324796,10.743801652892563,11.614571574460001,0.984593408835833,0.550614617484426,20.008749575263337,-1.566182084777156,25.832762400657717,6.395607772996595,59.36843933312752,5.268627954111497,35.41451006840736,23.20656497280592,2764.560670584835,1.6008720285888647,0.2815346525540728,-2.139335267968801,width:WIDER
665487,R,2025,585,width,5.518671446577862,WIDER,"Tatis Jr., Fernando",24.85549132947977,173.0,25.297619047619047,336.0,25.432098765432098,405.0,21.658986175115206,217.0,24.181360201511335,397.0,23.408624229979466,487.0,40.90909090909091,66.0,26.923076923076923,130.0,30.18867924528302,159.0,20.192307692307693,104.0,20.0,195.0,17.748917748917748,231.0,381.8312361843867,104.0,360.01185266416655,195.0,348.25683812280266,231.0,73.13888888888889,162.0,73.1581993569132,311.0,73.27994652406417,374.0,46.03128611879632,233.0,45.014396843895135,408.0,45.76534290660185,484.0,348.25683812280266,25.432098765432098,33.57439806158402,-0.5766074359523294,-0.19942749858772313,16.28321893063584,0.3653942181178045,15.715446493865281,-10.910088624186521,54.56818181818182,-1.2917189963292883,26.565,19.942999981137106,2073.741923076923,0.4840571197745369,0.2366830713350006,-0.9542739195299639,width:WIDER
665489,R,2024,172,depth,-3.611659938219755,UP,"Guerrero Jr., Vladimir",24.299065420560748,214.0,18.781725888324875,394.0,21.465968586387433,382.0,29.66507177033493,209.0,30.75,400.0,23.023255813953487,430.0,27.47252747252747,91.0,43.18181818181818,176.0,32.37410071942446,139.0,11.965811965811966,117.0,11.818181818181818,220.0,19.51219512195122,205.0,389.8999276198472,117.0,461.2482827049109,220.0,378.1558092385499,205.0,74.37487437185936,199.0,74.66068601583113,379.0,74.90814332247558,307.0,44.12051940726803,217.0,43.93288190923874,394.0,44.57593094757428,462.0,378.1558092385499,21.465968586387433,11.744118381297255,2.8330968341733147,-3.550546102195457,13.409156032069832,0.9799634154806149,16.06273923444976,17.28674685069225,39.82244318181819,-1.1878588172628597,23.590000000000003,90.82500731985861,1841.5046853146855,0.612289978721521,0.19320439930523334,-0.031773395521340925,depth:UP
665804,R,2024,188,width,9.813116883783444,WIDER,"Amaya, Miguel",21.49532710280374,107.0,18.433179723502302,217.0,24.034334763948497,233.0,30.303030303030305,99.0,30.34825870646766,201.0,31.30841121495327,214.0,27.027027027027028,37.0,34.69387755102041,98.0,36.144578313253014,83.0,20.754716981132077,53.0,13.223140495867769,121.0,23.140495867768596,121.0,234.30247978436677,53.0,323.7020896662796,121.0,292.4742828686465,121.0,70.24271844660194,103.0,72.90297029702971,202.0,71.72328767123288,219.0,39.932730175456015,99.0,40.25087429287101,189.0,39.71578620550969,211.0,292.4742828686465,24.034334763948497,-58.17180308427976,-2.5390076611447583,-5.587402696358486,25.9483268013265,1.6969058233775314,33.24287652645862,6.15175570087955,88.9358108108108,-7.5413351917010605,48.88713550600343,49.17348028996255,3816.2733821924216,2.544700501541075,0.36956659136787473,0.7202937732042255,width:WIDER
665833,L,2024,157,width,7.889356189849202,WIDER,"Cruz, Oneil",38.9937106918239,159.0,31.014492753623188,345.0,29.961089494163424,257.0,35.55555555555556,180.0,29.722921914357684,397.0,35.273972602739725,292.0,36.734693877551024,49.0,39.473684210526315,114.0,29.62962962962963,81.0,33.333333333333336,84.0,31.147540983606557,183.0,36.231884057971016,138.0,345.74127380952376,84.0,376.5849449162747,183.0,290.25007507223984,138.0,76.99389312977095,131.0,77.54048338368585,331.0,76.24240506329114,158.0,46.46701115893802,175.0,46.05598604965603,403.0,45.49439845370036,301.0,290.25007507223984,29.961089494163424,55.49119873728392,9.032621197660475,-4.703655399160999,17.085283018867926,-6.663814552412247,17.804156171284635,0.5775449415074339,69.70394736842105,-1.3067934340105445,31.29590163934426,43.95662785206244,2443.0499999999997,0.5948642537915972,0.26861121745347205,-0.2471697645510716,width:WIDER
665862,L,2024,185,depth,6.0410297103972574,BACK,"Chisholm Jr., Jazz",28.497409326424872,193.0,27.19298245614035,342.0,26.17283950617284,405.0,34.63414634146341,205.0,28.04232804232804,378.0,30.837004405286343,454.0,21.666666666666668,60.0,33.61344537815126,119.0,31.08108108108108,148.0,29.78723404255319,94.0,23.88888888888889,180.0,23.943661971830984,213.0,292.29286156997495,94.0,334.24457787858375,180.0,316.0434356700134,213.0,71.80229885057469,174.0,70.87255520504733,317.0,70.54109195402299,348.0,43.18300536572727,188.0,43.27817528120729,373.0,44.0711137918045,446.0,316.0434356700134,26.17283950617284,-23.750574100038477,2.3245698202520337,0.045086209631585605,15.072254795018637,-6.394806069798431,16.589430894308943,9.768439054301986,59.88602941176471,-4.158462671014899,29.178085106382976,19.287843936536397,2277.7270212765957,-0.9197681084262761,0.22441632220167523,0.47981331336538596,depth:BACK
666139,L,2025,603,width,6.604179959735397,WIDER,"Lowe, Josh",26.72811059907834,217.0,31.640625,256.0,22.065727699530516,426.0,40.90909090909091,198.0,38.46153846153846,221.0,34.5679012345679,405.0,31.666666666666668,60.0,40.0,65.0,36.71875,128.0,27.659574468085108,94.0,31.067961165048544,103.0,23.4375,192.0,257.63721504152943,94.0,262.62675950274286,103.0,315.6054704523282,192.0,71.68461538461543,208.0,72.05243902439031,246.0,71.1579081632653,392.0,45.7818280867207,171.0,43.85500155982934,195.0,44.90363251879902,378.0,315.6054704523282,22.065727699530516,-57.96825541079875,4.662382899547826,8.244003583437822,15.833222026209679,-0.8786574768185473,21.1137392019745,4.860603763230675,76.5625,4.559398617655852,36.66128898987812,-30.0710821054088,2861.8878950630033,0.36315173171537934,0.22368603424015018,-1.8692202736961483,width:WIDER
666158,L,2025,523,width,6.319905319825054,WIDER,"Lux, Gavin",25.85034013605442,147.0,12.549019607843137,255.0,18.42105263157895,228.0,26.785714285714285,168.0,17.454545454545453,275.0,15.5893536121673,263.0,37.77777777777778,45.0,40.38461538461539,104.0,38.8235294117647,85.0,28.0,75.0,20.52980132450331,151.0,22.962962962962962,135.0,295.6596399999998,75.0,282.32541595270095,151.0,321.4152717146148,135.0,68.05703703703705,135.0,69.35306122448976,245.0,68.84009216589861,217.0,39.91164888571869,177.0,39.42447353584982,340.0,40.18998812070587,329.0,321.4152717146148,18.42105263157895,-25.755631714614992,7.429287504475472,-9.046955686065544,19.94235294117647,-5.072248646396875,21.143181818181816,-1.302830888325694,76.05208333333334,-4.855124004528203,35.956450331125836,-44.7013114606322,2806.866119205298,0.8960714543477962,0.28964444444444454,-0.49400635461870623,width:WIDER
666160,L,2024,159,width,4.963540962352496,WIDER,"Moniak, Mickey",28.03030303030303,132.0,25.742574257425744,303.0,23.157894736842106,190.0,40.56603773584906,106.0,38.732394366197184,284.0,34.63687150837989,179.0,24.390243902439025,41.0,39.04761904761905,105.0,29.82456140350877,57.0,26.31578947368421,57.0,24.836601307189543,153.0,27.906976744186046,86.0,172.85628018292752,57.0,302.0776763964877,153.0,285.10581787167655,86.0,72.89680000000001,125.0,72.07883959044368,293.0,72.40670391061452,179.0,41.17007157368275,79.0,40.850496408871116,240.0,41.318812780094646,160.0,285.10581787167655,23.157894736842106,-112.24953768874903,4.872408293460925,2.7756784481927967,20.22462871287129,2.28420123987327,28.565971299495086,9.988384875527705,81.01219512195122,4.059640186522758,43.38699690402477,68.83784034897569,3386.9164086687306,-0.5075479488716773,0.28772666211604103,0.05274433374075577,width:WIDER
666176,R,2024,187,width,3.031351166105722,WIDER,"Adell, Jo",26.55367231638418,177.0,24.566473988439306,346.0,32.47126436781609,348.0,31.137724550898202,167.0,28.49462365591398,372.0,30.54054054054054,370.0,24.074074074074073,54.0,31.896551724137932,116.0,30.693069306930692,101.0,28.571428571428573,84.0,23.59550561797753,178.0,31.547619047619047,168.0,229.84621334089158,84.0,331.7255610805877,178.0,332.2770555957378,168.0,75.51190476190476,168.0,75.48978978978981,333.0,76.0617021276596,329.0,45.823860293393196,157.0,43.668004194739105,367.0,45.638414134290976,352.0,332.2770555957378,32.47126436781609,-102.43084225484623,-5.91759205143191,-4.846613760590239,15.88035416870775,-1.80849209567486,19.131012169209967,-1.5361993241947154,64.82878352490422,-5.483706526636828,31.57247191011236,55.56144777071684,2464.639887640449,-0.16307470304523833,0.22576970720720724,-1.97916356283477,width:WIDER
666310,L,2025,595,width,10.51531092630379,WIDER,"Naylor, Bo",12.612612612612613,111.0,19.672131147540984,183.0,19.91701244813278,241.0,18.75,128.0,29.09090909090909,165.0,28.451882845188283,239.0,43.75,48.0,40.0,70.0,34.72222222222222,72.0,16.417910447761194,67.0,22.22222222222222,99.0,28.09917355371901,121.0,334.19004306771654,67.0,288.50125021627593,99.0,249.08606944490487,121.0,71.53644859813086,107.0,71.49421965317927,173.0,71.44420600858368,233.0,39.402696854651204,158.0,38.72013020036085,192.0,39.28223175502741,270.0,249.08606944490487,19.91701244813278,85.10397362281168,-7.304399835520167,3.16444579623473,26.91417811253877,6.784039514210847,30.590198863636367,0.8703652459146145,83.890625,1.3864103686234284,45.09253731343284,-2.4723772168537224,3520.0559023066485,0.49809048877397755,0.3813375830587219,-0.6906503279619794,width:WIDER
666969,R,2024,247,width,-3.733358507218693,NARROWER,"García, Adolis",36.36363636363637,253.0,30.927835051546392,194.0,30.933333333333334,375.0,37.786259541984734,262.0,31.73076923076923,208.0,29.698375870069604,431.0,33.333333333333336,69.0,42.30769230769231,52.0,30.708661417322833,127.0,30.90909090909091,110.0,32.18390804597701,87.0,24.607329842931936,191.0,312.99176623990786,110.0,325.7143242322317,87.0,293.4789689629437,191.0,70.64398340248955,241.0,69.40531914893623,188.0,71.55960451977401,354.0,40.41898741355113,216.0,41.21751849971395,196.0,40.93615685655602,392.0,293.4789689629437,30.933333333333334,19.512797276964136,5.430303030303033,,16.935309278350516,,19.016992072812684,,80.55706521739131,,37.0903448275862,,2895.3812539184955,,0.23870628807274658,,width:NARROWER
668227,R,2025,546,depth,5.976924013517113,BACK,"Arozarena, Randy",24.761904761904763,210.0,27.5,400.0,29.947916666666668,384.0,23.430962343096233,239.0,24.705882352941178,425.0,25.0,468.0,25.641025641025642,78.0,38.19444444444444,144.0,34.18803418803419,117.0,22.131147540983605,122.0,26.576576576576578,222.0,29.166666666666668,216.0,327.56667237222746,122.0,344.56939740352595,222.0,314.8542843605929,216.0,71.19035532994921,197.0,71.90983606557378,366.0,71.17972602739725,365.0,39.97594967729109,266.0,40.61222014757222,469.0,39.30097153387001,524.0,314.8542843605929,29.947916666666668,12.712388011634573,-5.186011904761905,-0.6468466717874639,13.503875000000003,-0.5953650537240183,14.414176716711788,13.967061914206376,47.21354166666667,1.9275870523234953,22.885068675232613,34.29261815066779,1786.475675675676,0.950063247254544,0.19685322875925776,0.7570422844390989,depth:BACK
668804,L,2025,596,width,-5.498951202151737,NARROWER,"Reynolds, Bryan",27.47252747252747,182.0,25.79185520361991,221.0,26.5993265993266,297.0,30.681818181818183,176.0,29.46058091286307,241.0,26.642335766423358,274.0,43.10344827586207,58.0,33.87096774193548,62.0,49.494949494949495,99.0,28.40909090909091,88.0,25.0,104.0,25.170068027210885,147.0,306.47273692638794,88.0,369.472131369392,104.0,317.03302070973587,147.0,70.34385964912286,171.0,70.84646464646457,198.0,71.4395683453237,278.0,37.841222397037285,172.0,39.08212951312675,234.0,37.56045971866578,279.0,317.03302070973587,26.5993265993266,-10.560283783347927,0.8732008732008723,-0.7283063662233354,18.631561085972855,-1.734022359544475,21.67778668427009,-8.987842953703407,79.71357063403782,-5.320987993881707,37.800000000000004,52.28997140062874,2950.7790209790214,0.5981488212226352,0.27475558213716117,1.174183155485872,width:NARROWER
668904,R,2025,609,width,-3.704936036585117,NARROWER,"Lewis, Royce",30.697674418604652,215.0,25.668449197860962,187.0,19.34156378600823,243.0,34.13461538461539,208.0,33.333333333333336,165.0,30.263157894736842,228.0,31.34328358208955,67.0,34.72222222222222,72.0,40.0,100.0,26.41509433962264,106.0,25.510204081632654,98.0,12.096774193548388,124.0,237.70387694003227,106.0,269.620137242796,98.0,377.8600660045583,124.0,72.56067961165046,206.0,72.80227272727275,176.0,72.95087719298249,228.0,42.082967945360714,213.0,43.06258136261269,172.0,42.187063767131356,214.0,377.8600660045583,19.34156378600823,-140.15618906452602,11.356110632596423,,18.593187414500687,,23.964597902097907,,68.8300684079602,,35.38382749326146,,2762.1654986522913,,0.2656225452338924,,width:NARROWER
668930,L,2024,256,width,-5.630596039227427,NARROWER,"Turang, Brice",12.376237623762377,202.0,16.40625,128.0,10.498687664041995,381.0,30.34825870646766,201.0,30.17241379310345,116.0,31.635388739946382,373.0,31.506849315068493,73.0,32.0,50.0,34.0,150.0,17.171717171717173,99.0,12.698412698412698,63.0,19.306930693069308,202.0,303.2020172431382,99.0,297.3596031746027,63.0,295.7524960627958,202.0,64.39106145251401,179.0,64.86034482758623,116.0,65.77965116279073,344.0,37.682854647205964,215.0,39.47973191397837,114.0,38.525038444777046,420.0,295.7524960627958,10.498687664041995,7.449521180342401,1.8775499597203815,,23.733427444306933,,29.978769943386517,,80.49760273972603,,46.800000000000004,,3653.345454545455,,0.3581726786746293,,width:NARROWER
669289,R,2025,518,width,5.172031506014623,WIDER,"Espinal, Santiago",14.646464646464647,198.0,11.737089201877934,213.0,10.833333333333334,120.0,25.943396226415093,212.0,25.728155339805824,206.0,20.54794520547945,146.0,32.18390804597701,87.0,34.831460674157306,89.0,31.818181818181817,66.0,14.285714285714286,112.0,11.11111111111111,108.0,6.410256410256411,78.0,215.61208730158722,112.0,268.6616805555559,108.0,302.2913974358974,78.0,67.05934065934069,182.0,68.01804123711335,194.0,67.78849557522122,113.0,41.534728330131806,244.0,40.593905025305006,234.0,41.33551346224239,170.0,302.2913974358974,10.833333333333334,-86.67931013431019,3.813131313131313,-0.827664228494319,18.12194835680751,0.8354437131210042,21.10482689137205,-2.0081827003346415,54.296784192173575,0.15092274910197956,32.770833333333336,7.309052244733188,2558.1875,0.47320088454605697,0.2684702616970659,-1.0589844580389003,width:WIDER
670032,L,2024,211,width,-3.0091040836394427,NARROWER,"Lopez, Nicky",22.033898305084747,118.0,19.469026548672566,226.0,16.725978647686834,281.0,29.32330827067669,133.0,23.6734693877551,245.0,32.142857142857146,252.0,27.083333333333332,48.0,32.63157894736842,95.0,35.8974358974359,117.0,13.432835820895523,67.0,15.503875968992247,129.0,18.543046357615893,151.0,279.3049552238803,67.0,276.87428910724907,129.0,261.625507269544,151.0,63.62818181818177,110.0,63.4272727272726,209.0,63.32570281124497,249.0,35.938203318874955,139.0,35.98799628605204,272.0,36.068864050893865,244.0,261.625507269544,16.725978647686834,17.679447954336297,5.307919657397914,0.6813866711789034,23.986995650217487,-5.851891017406342,25.57894736842105,5.884114646125618,74.91036184210526,4.887834018080452,40.859979173897955,-4.1808990644172495,3189.6499826449153,0.0069499334539323,0.3498107655502393,0.1755146201746854,width:NARROWER
670032,L,2024,204,depth,4.723244565099691,BACK,"Lopez, Nicky",23.68421052631579,114.0,18.57707509881423,253.0,17.421602787456447,287.0,30.232558139534884,129.0,24.363636363636363,275.0,31.3953488372093,258.0,38.297872340425535,47.0,30.476190476190474,105.0,31.2,125.0,14.0625,64.0,15.384615384615385,143.0,17.391304347826086,161.0,298.5173281250001,64.0,274.9308132505951,143.0,254.415564629773,161.0,63.14351851851848,108.0,63.697435897435774,234.0,63.326800000000006,250.0,36.01910594754693,124.0,36.0257774261365,307.0,36.016637674367956,259.0,254.415564629773,17.421602787456447,44.10176349522712,6.262607738859344,-0.8077268039864531,23.661842105263155,-5.6312496114600545,25.11120507399577,-9.950778615687629,73.57446808510639,6.005579072008732,40.753125000000004,-39.70925939329511,3181.308631993007,0.42181069347107397,0.3411677350427351,0.267817939974816,depth:BACK
670242,L,2025,535,width,5.162223851585534,WIDER,"Wallner, Matt",34.57943925233645,107.0,32.84023668639053,338.0,41.791044776119406,134.0,33.980582524271846,103.0,26.944444444444443,360.0,28.244274809160306,131.0,38.23529411764706,34.0,31.52173913043478,92.0,31.57894736842105,38.0,28.571428571428573,56.0,29.585798816568047,169.0,28.35820895522388,67.0,347.93490000900584,56.0,333.62997528704034,169.0,330.95625112074333,67.0,75.50285714285715,105.0,75.82460567823343,317.0,75.5728,125.0,45.83919252355008,95.0,45.036244880432136,362.0,45.131747355228576,137.0,330.95625112074333,41.791044776119406,16.978648888262512,-7.211605523782957,-6.097281865357101,22.880599181551734,-7.760166177709353,27.53276699029126,-6.6768288443272965,96.22202685421995,-3.434754513925136,42.83653846153846,32.17346363319174,3343.9460059171597,0.22653012765744834,0.31962839116719255,-0.6368646214836773,width:WIDER
670770,L,2025,510,width,-4.283244870581147,NARROWER,"Friedl, TJ",17.75147928994083,169.0,14.935064935064934,308.0,11.585365853658537,164.0,13.839285714285714,224.0,17.961165048543688,412.0,19.51219512195122,164.0,32.0,75.0,34.61538461538461,156.0,34.5679012345679,81.0,17.857142857142858,112.0,14.349775784753364,223.0,14.953271028037383,107.0,300.52761854441445,112.0,307.5975699374917,223.0,284.376074180779,107.0,68.39938271604939,162.0,68.23745704467349,291.0,69.06026490066226,151.0,38.258500377060045,300.0,39.04496207950501,524.0,37.99653172687865,209.0,284.376074180779,11.585365853658537,16.151544363635423,6.166113436282291,-2.652792585476404,17.040754437869822,6.22416087368426,15.195691747572814,3.971479597536739,47.16250000000001,-3.7218635416056203,24.167320627802688,16.426258148318166,1886.572029147982,-0.36232372653455797,0.24225439098892712,0.6036520999459946,width:NARROWER
671218,R,2025,604,width,4.955808587442412,WIDER,"Ramos, Heliot",20.105820105820104,189.0,24.56896551724138,232.0,22.427440633245382,379.0,25.462962962962962,216.0,31.85483870967742,248.0,29.197080291970803,411.0,33.333333333333336,78.0,34.065934065934066,91.0,36.36363636363637,143.0,22.123893805309734,113.0,20.3125,128.0,23.529411764705884,221.0,287.4497493514211,113.0,341.4858293032279,128.0,313.3805611781677,221.0,73.55745856353587,181.0,73.07566371681425,226.0,73.12377049180323,366.0,38.84234143174214,240.0,36.87135015695063,237.0,38.244436032853876,444.0,313.3805611781677,22.427440633245382,-25.930811826746606,-2.321620527425278,1.6464862875661308,17.85419061302682,6.706294574373279,19.0994623655914,0.8444656437131568,56.875,-4.235552188190471,30.02169524336283,40.19408866470021,2343.5817063053096,-0.4985972144808997,0.2508354153424926,-1.8274175868527593,width:WIDER
671277,L,2025,507,width,-3.078523168410907,NARROWER,"García Jr., Luis",19.774011299435028,177.0,18.823529411764707,340.0,20.161290322580644,124.0,37.83783783783784,185.0,40.2555910543131,313.0,36.95652173913044,138.0,31.428571428571427,70.0,40.0,140.0,32.20338983050848,59.0,16.304347826086957,92.0,14.367816091954023,174.0,12.162162162162161,74.0,325.8432044564052,92.0,370.15147481819196,174.0,329.227143201442,74.0,71.7,172.0,71.9884498480243,329.0,70.72758620689655,116.0,41.543837866189975,161.0,41.77853200900037,274.0,41.35140978960322,128.0,329.227143201442,20.161290322580644,-3.383938745036801,-0.38727902314561646,-2.042954575295207,15.975196909272185,3.0295837787530573,18.963647353423713,8.645952515717356,51.1875,-2.48045860135319,29.939955022488757,50.63133420587983,2337.200824587706,-0.060714182326660204,0.22320033399307282,-0.0017577787128534028,width:NARROWER
672275,L,2025,557,depth,-6.179924284080506,UP,"Bailey, Patrick",26.74418604651163,86.0,24.186046511627907,215.0,25.268817204301076,186.0,27.058823529411764,85.0,25.592417061611375,211.0,29.25531914893617,188.0,41.666666666666664,24.0,32.87671232876713,73.0,33.333333333333336,63.0,30.232558139534884,43.0,29.20353982300885,113.0,31.067961165048544,103.0,292.6956864249732,43.0,260.6491466824347,113.0,263.0089765793218,103.0,71.58874999999998,80.0,70.3152380952381,210.0,70.54861878453038,181.0,42.033864635121546,87.0,40.85034162203056,226.0,41.3736010416683,201.0,263.0089765793218,25.268817204301076,29.686709845651365,1.4753688422105533,-3.255318184506742,30.27174418604651,-1.9032936144792605,36.39141343741288,-3.522566685917303,132.25385273972603,-2.3487381381995,57.84745832475818,-15.830134235636088,4515.742498456472,-1.193380212635068,0.43518125000000013,-1.3040570928310902,depth:UP
672284,L,2024,215,width,7.903820251828691,WIDER,"Kelenic, Jarred",29.545454545454547,176.0,30.65326633165829,199.0,31.940298507462686,335.0,25.423728813559322,177.0,28.35820895522388,201.0,31.94888178913738,313.0,27.272727272727273,66.0,50.0,58.0,40.70796460176991,113.0,25.96153846153846,104.0,33.333333333333336,96.0,28.07017543859649,171.0,298.8822703264112,104.0,288.47924659846194,96.0,343.360505906165,171.0,71.73757575757566,165.0,71.6614130434782,184.0,72.06624605678238,317.0,43.99803058527941,193.0,42.39028377588098,216.0,43.74576635425059,302.0,343.360505906165,31.940298507462686,-44.4782355797538,-2.3948439620081388,-0.08982869557912498,19.910097361809044,0.8655871296485778,23.427776372375412,18.658402543687714,77.37852664576803,4.969639007449721,36.09375,-17.68010728077974,2817.5841346153848,0.2558800310340672,0.2898044960474309,-1.2518000946245678,width:WIDER
672820,R,2024,179,width,6.519447150299307,WIDER,"Sosa, Lenyn",19.135802469135804,162.0,16.901408450704224,284.0,21.21212121212121,66.0,34.61538461538461,156.0,40.14598540145985,274.0,39.130434782608695,69.0,39.682539682539684,63.0,44.44444444444444,108.0,46.15384615384615,26.0,21.176470588235293,85.0,18.705035971223023,139.0,32.5,40.0,328.8155283407433,85.0,320.2422689747131,139.0,262.95863214285714,40.0,71.52967741935485,155.0,70.39277978339351,277.0,68.23333333333333,63.0,40.99370633798612,152.0,40.00426935014732,238.0,41.33195912350607,79.0,262.95863214285714,21.21212121212121,65.85689619788616,-2.076318742985407,-1.9655155365427333,18.02641497130934,5.5758728553355885,22.18206064008984,6.770414582050019,60.03472222222222,-3.4155478043841887,34.16023698688108,34.28437939393105,2666.648429961913,-0.7761618875514721,0.2536610224758356,-0.8409353874449635,width:WIDER
676356,R,2024,212,width,6.435042146118938,WIDER,"DeLuca, Jonny",25.663716814159294,113.0,20.307692307692307,325.0,21.611721611721613,273.0,38.392857142857146,112.0,39.413680781758956,307.0,36.76470588235294,272.0,31.25,32.0,36.507936507936506,126.0,30.526315789473685,95.0,31.48148148148148,54.0,16.666666666666668,162.0,23.076923076923077,143.0,267.9209753086422,54.0,285.283700162083,162.0,267.03146485003793,143.0,69.17809523809524,105.0,70.12964169381111,307.0,70.18333333333334,258.0,39.53907139567653,92.0,38.49780692814109,265.0,39.69035904012237,251.0,267.03146485003793,21.611721611721613,0.8895104586042635,4.051995202437681,-3.566373027398506,22.177886997957796,-0.9335088542817069,26.86991042345277,5.64451227565431,93.60677083333334,-12.542496436025026,44.48888888888889,1.6433501282181062,3472.933333333333,1.1467860605775229,0.3222188925081434,-0.859607296611528,width:WIDER
676609,R,2024,140,depth,5.052678407075621,BACK,"Caballero, José",32.544378698224854,169.0,25.56053811659193,223.0,32.08955223880597,134.0,33.165829145728644,199.0,31.349206349206348,252.0,38.51851851851852,135.0,41.81818181818182,55.0,35.0,80.0,26.53061224489796,49.0,30.434782608695652,92.0,27.2,125.0,23.18840579710145,69.0,248.2117244290605,92.0,293.19375302551396,125.0,338.0688797978019,69.0,69.02857142857142,140.0,68.48050000000003,200.0,69.90384615384615,78.0,37.135239648577304,193.0,37.46929309614036,264.0,36.28369220941863,121.0,338.0688797978019,32.08955223880597,-89.85715536874142,0.4548264594188822,-7.976328055276546,19.342043675537987,-1.1839064956277245,19.830402010050257,-8.127760053780651,73.29119318181819,-5.613198421443144,33.999182608695655,46.926316258704766,2654.076052173913,-0.6562263588524312,0.3061275000000001,0.4127031059235683,depth:BACK
677587,L,2024,144,depth,6.441943744824414,BACK,"Rocchio, Brayan",16.949152542372882,118.0,12.92517006802721,147.0,20.833333333333332,96.0,32.11678832116788,137.0,29.069767441860463,172.0,23.762376237623762,101.0,35.714285714285715,42.0,46.55172413793103,58.0,46.34146341463415,41.0,13.559322033898304,59.0,21.176470588235293,85.0,14.285714285714286,56.0,302.6527514124295,59.0,302.2176250590627,85.0,326.09232692307694,56.0,67.94736842105264,114.0,68.9042553191489,141.0,68.58461538461539,65.0,37.09928863808017,127.0,37.644854541767295,178.0,36.88726407813323,109.0,326.09232692307694,20.833333333333332,-23.439575510647444,-3.8841807909604498,-5.10513389222202,28.408898305084744,-2.470080972196615,28.91465795280937,9.908040068207635,98.0603448275862,5.153921867671577,51.73663010967098,3.367259496509569,4038.713300099701,0.9219271889353055,0.3999426091825309,0.5831707016202903,depth:BACK
677942,R,2025,614,width,-6.4528700737312725,NARROWER,"Alexander, Blaze",25.789473684210527,190.0,25.165562913907284,151.0,35.374149659863946,147.0,20.207253886010363,193.0,30.0,150.0,24.0,150.0,45.6140350877193,57.0,34.883720930232556,43.0,25.0,48.0,32.407407407407405,108.0,33.333333333333336,75.0,31.325301204819276,83.0,320.7110823001549,108.0,296.4591859019015,75.0,291.9158317544324,83.0,71.3108695652174,184.0,70.26742424242424,132.0,71.92592592592592,135.0,38.60597998573544,230.0,39.606717547891655,146.0,39.070196939400915,161.0,291.9158317544324,35.374149659863946,28.795250545722467,-9.584675975653418,,22.102005925409554,,26.124870466321244,,97.46022031823745,,40.707333333333345,,3177.7340000000004,,0.32800222332015816,,width:NARROWER
678662,R,2024,191,width,-7.183818464726301,NARROWER,"Tovar, Ezequiel",30.4,250.0,29.637526652452024,469.0,31.992687385740403,547.0,45.63106796116505,206.0,44.0,400.0,46.2962962962963,432.0,36.36363636363637,77.0,43.66197183098591,142.0,39.1025641025641,156.0,26.363636363636363,110.0,30.555555555555557,216.0,29.487179487179485,234.0,227.03325734348863,110.0,320.2360657254747,216.0,287.24479568119114,234.0,70.28846153846148,234.0,71.27354260089685,446.0,69.57758985200847,473.0,36.40944570134174,140.0,38.8476160080346,295.0,37.7720933254247,314.0,287.24479568119114,31.992687385740403,-60.21153833770251,-1.5926873857404047,-1.1246252395216976,11.403125373134328,0.7259687269030111,16.21638349514563,4.212879661641837,47.84491037131883,5.863674136330172,24.721666666666668,59.76398447526536,1929.845909090909,1.0358291250909815,0.16426296424054276,2.7758701610605416,width:NARROWER
678662,R,2025,620,width,-5.586855978439942,NARROWER,"Tovar, Ezequiel",32.28346456692913,254.0,31.34328358208955,134.0,26.666666666666668,195.0,35.874439461883405,223.0,41.5929203539823,113.0,43.125,160.0,43.93939393939394,66.0,32.55813953488372,43.0,42.622950819672134,61.0,29.245283018867923,106.0,26.229508196721312,61.0,24.41860465116279,86.0,259.8057965141447,106.0,284.71739836649215,61.0,363.5159013144366,86.0,70.6469635627531,247.0,70.96141732283475,127.0,70.76827956989246,186.0,39.02222802895721,169.0,41.12025885935137,86.0,39.35049978781774,122.0,363.5159013144366,26.666666666666668,-103.7101048002919,5.6167979002624655,,21.198301798096136,,29.401166712964798,,91.74550739957718,,46.535818125579965,,3632.722641509434,,0.3005746756351813,,width:NARROWER
678882,R,2024,222,width,-6.052225288110989,NARROWER,"Rafaela, Ceddanne",23.67149758454106,207.0,34.11764705882353,340.0,32.057416267942585,418.0,45.36082474226804,194.0,53.71024734982332,283.0,45.6973293768546,337.0,37.3134328358209,67.0,34.69387755102041,98.0,31.85185185185185,135.0,19.565217391304348,92.0,29.577464788732396,142.0,26.94300518134715,193.0,311.9965068373077,92.0,271.27371942441897,142.0,264.0700331163423,193.0,69.44846938775507,196.0,69.164705882353,323.0,69.24772727272725,396.0,39.976314100996056,134.0,40.23965298766276,177.0,39.5398159284428,246.0,264.0700331163423,32.057416267942585,47.92647372096542,-8.385918683401524,3.431963721514041,14.452598039215687,7.797726018968945,19.157498816072277,-4.030186128006733,60.02798507462686,3.444609289897268,32.27351500306185,-30.30621128112887,2519.3653704837725,-0.10305071831601964,0.20667608359133133,1.0106932451725492,width:NARROWER
680776,L,2025,569,width,8.078349238207043,WIDER,"Duran, Jarren",29.19254658385093,161.0,26.72176308539945,363.0,26.781857451403887,463.0,24.378109452736318,201.0,30.295566502463053,406.0,33.83947939262473,461.0,42.857142857142854,56.0,37.03703703703704,135.0,32.31707317073171,164.0,24.210526315789473,95.0,24.299065420560748,214.0,25.0,240.0,355.5407290420796,95.0,340.47853281450597,214.0,313.9275255302349,240.0,73.94133333333326,150.0,74.75565217391298,345.0,73.80357142857142,448.0,41.80234254419001,216.0,41.960591741250965,428.0,42.12144242362878,466.0,313.9275255302349,26.781857451403887,41.61320351184469,2.410689132447043,-0.8758482362402504,16.672727272727272,4.451321399653516,16.401183736489966,-2.4871758550883634,60.35069444444444,-0.978296664090309,27.38594195769798,27.32386237983995,2137.827063453025,1.1629679029973097,0.2411439130434783,0.36488701876257146,width:WIDER
680869,R,2024,192,width,-6.75570628133633,NARROWER,"Gelof, Zack",35.960591133004925,203.0,35.01483679525222,337.0,32.95454545454545,264.0,31.25,192.0,28.658536585365855,328.0,28.225806451612904,248.0,53.333333333333336,45.0,32.142857142857146,112.0,29.761904761904763,84.0,44.21052631578947,95.0,30.481283422459892,187.0,33.333333333333336,138.0,319.47463230578376,95.0,255.61671847521498,187.0,253.91882276546977,138.0,70.99361702127659,188.0,71.23684210526322,323.0,70.79221789883267,257.0,41.98392030283331,195.0,42.48106827183843,327.0,41.11640591320998,248.0,253.91882276546977,32.95454545454545,65.55580954031399,3.006045678459472,3.887236724512344,14.678297349841399,-5.791986435703739,18.206935975609756,-22.264031117501688,74.41145833333334,-9.455528576736027,28.60160990712074,-79.19307315618853,2232.7256740782436,0.013545849575006486,0.21214948784665047,0.6892450966084894,width:NARROWER
681297,L,2025,583,width,3.8099376999720818,WIDER,"Cowser, Colton",32.41379310344828,145.0,33.20754716981132,265.0,28.804347826086957,184.0,25.925925925925927,162.0,22.727272727272727,330.0,25.263157894736842,190.0,32.6530612244898,49.0,40.0,75.0,30.76923076923077,65.0,33.72093023255814,86.0,39.86486486486486,148.0,31.77570093457944,107.0,295.69545091979467,86.0,293.4403776909708,148.0,293.31457576619806,107.0,72.92554744525548,137.0,72.74816326530616,245.0,72.71802325581395,172.0,41.11405728606192,192.0,40.868492847668676,386.0,41.250681984741576,221.0,293.31457576619806,28.804347826086957,2.3808751535966053,3.6094452773613206,2.0310525767130807,19.84165256994144,-1.3553157552801889,20.29292929292929,7.713452812297773,80.6,7.372799489097839,33.125487115022004,-10.773031188919864,2585.872815839095,0.18869210404830528,0.2869182481751826,-0.34713800630825026,width:WIDER
681715,R,2025,615,width,7.906213074372758,WIDER,"Hernández, Heriberto",27.5,160.0,26.612903225806452,124.0,38.5,200.0,21.348314606741575,178.0,21.014492753623188,138.0,21.12676056338028,213.0,20.689655172413794,58.0,32.55813953488372,43.0,32.394366197183096,71.0,27.47252747252747,91.0,20.54794520547945,73.0,27.82608695652174,115.0,279.5742863480442,91.0,381.04498620207426,73.0,316.1509944251313,115.0,72.94266666666667,150.0,72.1938596491227,114.0,72.17384615384616,195.0,39.41949456944374,201.0,38.62884447853086,151.0,39.19878834685937,244.0,316.1509944251313,38.5,-36.57670807708706,-11.0,,26.618558467741938,,28.365901319003424,,96.73767040898156,,44.48219178082192,,3472.410537407798,,0.3892147368421054,,width:WIDER
681715,R,2025,615,depth,-4.388220074793651,UP,"Hernández, Heriberto",27.5,160.0,26.612903225806452,124.0,38.5,200.0,21.348314606741575,178.0,21.014492753623188,138.0,21.12676056338028,213.0,20.689655172413794,58.0,32.55813953488372,43.0,32.394366197183096,71.0,27.47252747252747,91.0,20.54794520547945,73.0,27.82608695652174,115.0,279.5742863480442,91.0,381.04498620207426,73.0,316.1509944251313,115.0,72.94266666666667,150.0,72.1938596491227,114.0,72.17384615384616,195.0,39.41949456944374,201.0,38.62884447853086,151.0,39.19878834685937,244.0,316.1509944251313,38.5,-36.57670807708706,-11.0,,26.618558467741938,,28.365901319003424,,96.73767040898156,,44.48219178082192,,3472.410537407798,,0.3892147368421054,,depth:UP
682998,L,2024,210,width,-4.82938077646741,NARROWER,"Carroll, Corbin",19.17808219178082,146.0,17.451523545706372,361.0,19.714285714285715,350.0,22.513089005235603,191.0,22.453222453222452,481.0,26.818181818181817,440.0,26.865671641791046,67.0,31.818181818181817,154.0,29.41176470588235,153.0,20.408163265306122,98.0,20.434782608695652,230.0,18.055555555555557,216.0,305.9315071579769,98.0,365.5053487340842,230.0,308.8614052432454,216.0,72.79708029197089,137.0,72.95964912280708,342.0,73.2538011695906,342.0,37.01974463379802,227.0,37.266302669183624,544.0,37.262847624928746,474.0,308.8614052432454,19.714285714285715,-2.929898085268462,-0.5362035225048949,-2.889012870395651,17.887751868857436,-0.7112202461774084,16.128702202000635,4.817545270311417,51.16434871099051,-1.0089185971154837,26.219627329192548,70.78719902527033,2046.7811180124224,0.11594201772173704,0.2577331604558843,0.5399096164304538,width:NARROWER
683146,L,2025,589,width,3.754853238804024,WIDER,"Baty, Brett",22.115384615384617,104.0,24.18032786885246,244.0,23.028391167192428,317.0,26.08695652173913,115.0,23.846153846153847,260.0,22.80130293159609,307.0,33.333333333333336,39.0,33.333333333333336,87.0,34.51327433628319,113.0,23.728813559322035,59.0,25.757575757575758,132.0,22.89156626506024,166.0,328.0351221345957,59.0,363.61760064893974,132.0,320.28495191167724,166.0,71.05312499999984,96.0,73.86651982378847,227.0,74.18311688311688,308.0,45.699637360732,140.0,44.34537860539342,288.0,44.71279855584714,348.0,320.28495191167724,23.028391167192428,7.750170222918484,-0.9130065518078112,0.05294261893079133,25.501395018915513,-0.23901247301202977,27.65468227424749,-0.4793490018415742,88.70689655172414,0.4788525069800418,44.188983050847455,33.64938046246062,3449.521802773498,2.707998809192866,0.3736688463656389,-1.3469460862320464,width:WIDER
686780,R,2025,583,width,12.348203300319293,WIDER,"Pagés, Pedro",25.233644859813083,107.0,27.649769585253456,217.0,25.099601593625497,251.0,40.24390243902439,82.0,43.91534391534392,189.0,31.899641577060933,279.0,34.375,32.0,38.57142857142857,70.0,30.232558139534884,86.0,32.6530612244898,49.0,29.906542056074766,107.0,27.941176470588236,136.0,252.59127093126793,49.0,275.6271229535363,107.0,255.7580137253455,136.0,73.4653465346535,101.0,71.3808612440192,209.0,71.28416666666674,240.0,39.691171908481124,73.0,37.48320100082161,177.0,39.543656901795266,291.0,255.7580137253455,25.099601593625497,-3.166742794077578,0.13404326618758589,4.301778116669629,25.9483268013265,6.517979797846099,38.556910569105696,6.160208914601995,108.7734375,0.13094224474049998,53.61068090787717,0.40680899036368956,4185.007209612817,-2.065562265148517,0.3702333128049648,-2.3154939848056695,width:WIDER
687263,R,2024,150,depth,-9.97201372896437,UP,"Neto, Zach",23.626373626373628,182.0,23.65930599369085,317.0,29.26829268292683,205.0,34.04255319148936,188.0,31.940298507462686,335.0,34.92063492063492,189.0,35.294117647058826,68.0,27.205882352941178,136.0,33.84615384615385,65.0,19.565217391304348,92.0,18.617021276595743,188.0,30.76923076923077,104.0,356.6642239665406,92.0,324.63883779083363,188.0,276.41217004056966,104.0,70.60119047619047,168.0,69.66254416961132,283.0,70.69671052631578,152.0,42.358430822235306,175.0,40.10601934509321,330.0,41.99471429433601,167.0,276.41217004056966,29.26829268292683,80.25205392597093,-5.641919056553203,-3.3576828521320836,16.083396020383404,-2.6057456317761494,18.31081295649413,-7.1523311073361455,52.69301470588235,-5.227963074307055,29.168825161887142,-2.4393043832345356,2277.0041628122112,-0.6428073342041223,0.23914553886925802,-2.2528069599290745,depth:UP
687401,R,2025,558,width,-5.864295659225558,NARROWER,"Ortiz, Joey",15.09433962264151,159.0,13.28125,256.0,16.72473867595819,287.0,38.63636363636363,132.0,36.51452282157676,241.0,27.986348122866893,293.0,29.850746268656717,67.0,30.08130081300813,123.0,32.03125,128.0,15.662650602409638,83.0,10.884353741496598,147.0,17.816091954022987,174.0,262.45328913476067,83.0,275.53988281350274,147.0,286.4336188451042,174.0,72.1551948051948,154.0,70.83855421686754,249.0,71.71223021582732,278.0,40.62688047160198,151.0,41.2093439284904,278.0,40.81777240030339,369.0,286.4336188451042,16.72473867595819,-23.98032971034354,-1.6303990533166797,-1.7619322739412557,18.959150206367926,-1.9563283407725305,25.85392304790645,-2.760028395647241,55.07371678194394,-0.6603357488239086,33.96557659208262,-22.072650751323906,2651.4526678141137,-1.300314439700339,0.26495153340635275,0.5736351800774614,width:NARROWER
690993,L,2024,247,width,-5.77235127780061,NARROWER,"Keith, Colt",24.58100558659218,179.0,26.623376623376622,154.0,16.943521594684384,301.0,28.0,175.0,32.35294117647059,136.0,29.11764705882353,340.0,37.68115942028985,69.0,37.5,56.0,40.74074074074074,135.0,25.77319587628866,97.0,23.076923076923077,78.0,17.48633879781421,183.0,298.50369192040336,97.0,275.6304229615985,78.0,344.3047317928549,183.0,70.18292682926825,164.0,71.03287671232874,146.0,70.28327645051196,293.0,39.92211006180938,190.0,40.93064669265339,139.0,39.95967042292835,333.0,344.3047317928549,16.943521594684384,-45.801039872451554,7.637483991907796,,22.463547486033523,,28.81323529411765,,77.27581521739131,,41.675257731958766,,3253.2930214115786,,0.32639721850985637,,width:NARROWER
691023,R,2025,613,width,-5.3565157050649645,NARROWER,"Walker, Jordan",33.55263157894737,152.0,37.5,112.0,29.11392405063291,158.0,37.423312883435585,163.0,34.710743801652896,121.0,32.121212121212125,165.0,26.53061224489796,49.0,31.428571428571427,35.0,28.846153846153847,52.0,32.05128205128205,78.0,32.8125,64.0,28.395061728395063,81.0,265.26428395775764,78.0,311.7874085113881,64.0,271.00519624181663,81.0,77.13243243243247,148.0,77.43738317757006,107.0,77.59025974025975,154.0,45.24015557289853,137.0,45.33469535527421,121.0,45.979345083902764,160.0,271.00519624181663,29.11392405063291,-5.740912284058993,4.43870752831446,,28.837006578947367,,31.75074785783096,,116.99999999999999,,51.253125000000004,,4000.9694711538464,,0.40595336574892665,,width:NARROWER
691026,R,2024,183,width,-6.6254766346399645,NARROWER,"Winn, Masyn",15.966386554621849,238.0,19.11764705882353,408.0,14.102564102564102,312.0,36.69724770642202,218.0,27.727272727272727,440.0,30.670926517571885,313.0,42.666666666666664,75.0,28.49462365591398,186.0,41.46341463414634,123.0,25.68807339449541,109.0,13.247863247863247,234.0,16.56441717791411,163.0,278.26447927255566,109.0,312.61182416723267,234.0,308.42059213070064,163.0,68.95585585585587,222.0,69.86455696202533,395.0,68.25972696245736,293.0,42.22433691656648,214.0,41.882235175216024,487.0,42.46522574840946,352.0,308.42059213070064,14.102564102564102,-30.15611285814498,1.8638224520577467,5.2169589727516374,12.370955882352941,-8.67097012015916,15.126042535446206,-18.951198178755764,44.69274193548388,-10.59509141039762,24.2302752293578,0.8939117841748185,1891.486450247001,0.8812023662116999,0.17738486144372226,0.00033411177079684107,width:NARROWER
691406,R,2025,556,width,-5.091957738902167,NARROWER,"Caminero, Junior",21.693121693121693,189.0,29.587155963302752,436.0,18.7192118226601,406.0,29.1005291005291,189.0,33.333333333333336,408.0,33.57664233576642,411.0,27.848101265822784,79.0,30.128205128205128,156.0,30.303030303030305,165.0,20.90909090909091,110.0,20.754716981132077,212.0,18.51851851851852,216.0,310.46775505048925,110.0,377.04094957372956,212.0,335.1642028885883,216.0,77.24228571428577,175.0,78.08321167883209,411.0,76.87892030848326,389.0,42.59420742460509,190.0,43.25172801849908,384.0,42.493208663902365,406.0,335.1642028885883,18.7192118226601,-24.69644783809906,2.9739098704615934,9.933999597752175,14.103911824668705,5.086494613177929,17.071078431372552,3.347987495251871,45.5498417721519,1.0473123380250922,24.879056603773584,67.18486666476723,1942.132229845626,0.9543805593085608,0.2053994160583942,0.6688347186040449,width:NARROWER
691718,L,2024,210,width,4.3760794424271126,WIDER,"Crow-Armstrong, Pete",26.153846153846153,130.0,27.69607843137255,408.0,27.642276422764226,246.0,43.24324324324324,111.0,39.53488372093023,344.0,42.21105527638191,199.0,30.612244897959183,49.0,39.705882352941174,136.0,26.666666666666668,75.0,18.75,64.0,23.58974358974359,195.0,29.41176470588235,119.0,256.3087632912112,64.0,320.1306473649502,195.0,232.31486366016455,119.0,70.49756097560976,123.0,68.83246753246749,385.0,70.68521739130436,230.0,39.76778492758162,89.0,39.88466549322656,273.0,39.24542604015599,162.0,232.31486366016455,27.642276422764226,23.993899631046673,-1.4884302689180728,-3.5988034779847906,18.861951357466065,-0.3024056189440598,26.2747485857951,10.73352846374968,66.31433823529412,3.706203026983204,37.393125,49.779717597668,2919.0171634615385,-2.0074897358698167,0.2704452328159646,-0.02272882410212737,width:WIDER
691718,L,2024,208,depth,12.33378119595084,BACK,"Crow-Armstrong, Pete",28.467153284671532,137.0,27.65432098765432,405.0,26.25,240.0,47.41379310344828,116.0,39.29618768328446,341.0,40.20618556701031,194.0,29.166666666666668,48.0,40.28776978417266,139.0,26.31578947368421,76.0,21.21212121212121,66.0,22.84263959390863,197.0,28.205128205128204,117.0,239.54474016117442,66.0,328.098864142971,197.0,228.16475876546653,117.0,70.3169230769231,130.0,68.86377952755902,381.0,70.84222222222223,225.0,39.7595504935785,87.0,39.86458310943068,273.0,39.28064592280646,164.0,228.16475876546653,26.25,11.379981395707887,2.2171532846715323,-0.5183507205721593,18.164839145715057,-3.923659563893958,25.47489634947922,11.213923148736033,66.95087679856115,5.8916599225690245,36.44619289340102,53.377933049085286,2845.096862021228,-1.6945639104537313,0.26009621441550584,0.3123604437258862,depth:BACK
694384,L,2024,252,width,-3.9390376716453304,NARROWER,"Schanuel, Nolan",13.25301204819277,166.0,8.333333333333334,84.0,13.927576601671309,359.0,23.46938775510204,196.0,16.379310344827587,116.0,19.09090909090909,440.0,40.625,64.0,31.11111111111111,45.0,47.333333333333336,150.0,21.428571428571427,98.0,11.666666666666666,60.0,14.678899082568808,218.0,278.8997733990146,98.0,341.67666189312484,60.0,372.03040668139016,218.0,63.411038961039026,154.0,64.04800000000007,75.0,64.61526479750775,321.0,40.47555912355968,223.0,41.98555886954728,131.0,40.59682480608098,497.0,372.03040668139016,13.927576601671309,-93.13063328237558,-0.6745645534785378,,33.33960843373494,,30.25862068965517,,90.40755208333336,,48.41571428571429,,3779.4728571428573,,0.4998445454545456,,width:NARROWER
694671,R,2024,219,width,-3.77190737493698,NARROWER,"Langford, Wyatt",19.745222929936304,157.0,23.582089552238806,335.0,19.747899159663866,238.0,23.5,200.0,22.167487684729064,406.0,23.843416370106763,281.0,32.30769230769231,65.0,32.30769230769231,130.0,29.807692307692307,104.0,22.340425531914892,94.0,21.025641025641026,195.0,17.26618705035971,139.0,285.0065391134623,94.0,366.4119903443726,195.0,326.21857518119157,139.0,73.92402597402592,154.0,73.56049382716058,324.0,73.62217391304347,230.0,40.416823414566714,220.0,40.281916430517406,437.0,39.76160956024582,308.0,326.21857518119157,19.747899159663866,-41.21203606772929,-0.002676229727562429,2.1243986546279334,17.395163038311626,-2.284319510347104,16.45603448275862,-3.869156189273551,55.125,-2.754785784915281,28.40808510638298,71.57182204178957,2217.618559738134,-0.4993929924484988,0.24151473063973072,0.20617545783938385,width:NARROWER
701358,R,2025,601,width,-6.684670515499963,NARROWER,"Smith, Cam",26.845637583892618,149.0,25.619834710743802,121.0,24.719101123595507,445.0,29.78723404255319,141.0,27.67295597484277,159.0,34.62532299741602,387.0,34.69387755102041,49.0,36.111111111111114,36.0,37.69230769230769,130.0,27.63157894736842,76.0,26.5625,64.0,27.586206896551722,203.0,217.08302568676774,76.0,297.4736486547549,64.0,334.03124443754314,203.0,72.6268965517241,145.0,74.81848739495781,119.0,73.14345794392517,428.0,39.91445127814418,164.0,40.62977886359919,155.0,41.00866358441311,375.0,334.03124443754314,24.719101123595507,-116.9482187507754,2.1265364602971104,0.9337922088958157,27.8483831604637,0.47108552224545,29.506222400642315,-6.550678919417709,115.10416666666666,3.06367903528721,51.86101973684211,12.722258593149078,4048.423519736842,2.159215684857134,0.38571845841785,0.7758827018118911,width:NARROWER
807713,R,2025,536,width,3.8785305372033423,WIDER,"Shaw, Matt",16.853932584269664,178.0,15.789473684210526,266.0,21.367521367521366,117.0,33.11258278145695,151.0,29.05982905982906,234.0,26.20689655172414,145.0,40.298507462686565,67.0,32.142857142857146,112.0,30.232558139534884,43.0,18.88888888888889,90.0,16.778523489932887,149.0,22.058823529411764,68.0,314.70027377226114,90.0,300.586882600941,149.0,299.3375559657061,68.0,68.47365269461076,167.0,68.96929133858268,254.0,68.12941176470589,102.0,41.489744662362966,163.0,40.58253358599009,273.0,41.387974941030016,159.0,299.3375559657061,21.367521367521366,15.362717806555054,-4.513588783251702,-3.2978120469375294,17.437699586043763,-6.454628452007984,24.025725929699444,-9.597955509298853,56.98111007462686,-3.8393325538073837,32.112617449664434,-1.4705547039063092,2506.8052348993288,0.7211125198562243,0.2502150148521855,-0.7992319593403365,width:WIDER
