name,dir,d_width_in,d_stride_len_in,d_width_land_in,d_whiff,d_bat_speed,d_swing_len,d_K_pct,d_xwcon,d_chase
"Stanton, Giancarlo",NARROWER,-4.127192317346704,-0.9806808696439635,-3.4259920642992725,4.337329337329344,0.848958904109594,0.5874885844748867,3.2520325203252014,-132.83751882004321,-3.5998591053187674
"Vázquez, Christian",WIDER,5.628696256194104,-5.423428713787235,1.1342386609975392,-7.315389924085576,1.6189269774042572,-0.05681094818974497,-10.524334551794507,-92.77452111270765,-8.16496697840082
"Díaz, Elias",NARROWER,-8.99726579734319,2.9053378423102103,-1.2303056638490801,-0.16370184437410984,2.451558501334816,0.3111458292237108,-10.747500581260173,138.67115406695422,15.004728917972447
"Farmer, Kyle",WIDER,6.502050140395447,-10.442038059697184,0.8343841942457786,-7.592075521872092,0.16153254346824042,0.06140944760732303,-1.0617760617760617,108.72519050858256,-4.54212454212454
"Machado, Manny",WIDER,2.8891495504064757,-1.7835209439734818,1.0431888386779349,-6.138237159162966,1.1521529279282987,0.18636636415208496,-8.664565330759809,28.41411092135411,1.3955878012701106
"Duvall, Adam",WIDER,2.3878011180390075,-1.8008127197393407,0.3773951287634034,2.85021224984839,1.7272819243192714,-0.010017329922900942,15.202672621283586,-33.452044339480324,5.955169233714265
"Ahmed, Nick",WIDER,3.441484620645255,-2.4797806312236936,0.8585914321633155,4.166932143994902,0.032385665397868024,-0.06443205445810918,9.019611464311382,40.0071121671171,4.845924425569805
"Bell, Josh",NARROWER,-5.301183700190361,5.5667207491552375,-0.8144951104592408,0.20989001763076232,-1.8351987746428051,-0.039898541061137216,3.0657721880693956,94.66927423941854,3.632618423778279
"Bell, Josh",NARROWER,-4.688522986001001,0.9697265931111225,-0.3953669218855609,-6.369820655534941,2.9332689136260512,0.0918912767127047,-4.75912975912976,93.55035451877558,3.3705541770057934
"Bell, Josh",WIDER,5.995716691536728,1.1449996184115285,1.8325605146159276,-4.545454545454547,0.654798139871744,-0.21158754194261054,-9.775001644123902,91.30241858455025,0.7826464918501195
"Gallo, Joey",WIDER,4.881742771988762,-0.8890996309756751,2.319171440212898,-10.528756957328383,-1.5518700787401514,-0.08551509186351769,-17.435897435897438,-166.08371080434296,3.624608150470218
"Correa, Carlos",NARROWER,0.061786772899175446,-0.5839561933163671,0.17441597711405876,-0.014644441572983169,0.7439111815578912,-0.17315595414422624,-1.9341494593572186,45.902234703086094,-7.666291846986418
"Ward, Taylor",NARROWER,-5.154933860799545,9.137805516279595,0.5939032383284655,5.918587667492222,0.5883454659180671,-0.19716422764898933,2.7586849552268724,55.02739680149148,4.8369898000759015
"Ibáñez, Andy",NARROWER,-3.8319944168642586,2.81086999041986,-0.40366098498562053,-0.5087440381558039,-0.08202976821256414,0.06080113822469624,-2.8556386183056883,-5.2985558372033665,11.074090225150368
"Cronenworth, Jake",WIDER,7.9916870260582975,-5.578381569972521,2.3483356361347276,-2.6264842540010314,-1.0415505638404028,0.004618266017767603,6.986086887359491,-3.7415718507197084,10.092225390195164
"Bauers, Jake",WIDER,6.663733865381349,-5.453324208657897,1.0510360207471123,-17.121439280359823,3.6761947468583713,0.12178736256539402,-13.115499791516626,-62.865797057496536,-3.159947299077732
"Bellinger, Cody",WIDER,4.330133119483232,-3.9122697310476404,0.3489884129983025,-12.440114979239858,-0.2153658659584181,-0.08992841877566438,-14.911375489347906,52.92095242003063,7.131634752579927
"Heim, Jonah",WIDER,2.121582252626606,-1.501171109457566,0.09086971467866789,0.4354508196721305,0.15496873892959684,-0.03185526917335402,-4.6466092722261365,9.855906860145808,4.068991758207218
"Heim, Jonah",WIDER,6.599894209559121,-3.1456117311541902,2.244636029176725,-1.4348858688481343,0.7763462959177048,0.15739585439049542,-12.899965511593617,-9.206462042012447,-4.823125121938176
"Heim, Jonah",WIDER,6.212054546013675,-5.318012071126997,1.1829569161559164,-10.53191489361702,-0.030546449174792656,0.13273301694532957,-4.593049003562143,4.838983510159835,-17.011158649398705
"Rosario, Amed",NARROWER,-5.743289897625814,5.236618145361486,-2.003871267865719,10.02094972067039,0.41504784122503224,0.06636982331315888,23.251366818795834,-76.03574818295544,11.913799226354357
"Dubón, Mauricio",NARROWER,-0.6917335945202865,-4.320335464432873,-0.9455630474659813,-3.0602006688963215,-1.1036170422330116,-0.175688579730088,-7.606797648873387,-24.64901394360919,0.910449280118776
"Dubón, Mauricio",WIDER,5.87822560628981,5.8322590889277155,-0.04160368037920392,3.773847653530149,-1.0006134062349332,0.01871488883374095,8.693531478309378,18.683854896485627,-3.991722374169953
"McNeil, Jeff",WIDER,1.0510680080044281,-1.1836960693803817,0.5918052042268087,4.9936724014091745,1.8334141348847197,0.5786453042755548,2.18516526208834,-23.943798943357194,7.588654946378526
"De La Cruz, Bryan",NARROWER,-3.1896836506020207,0.9028620522172615,-1.1652751196730264,-1.2725546058879402,-1.21149558342114,-0.03572914219543133,3.366111319212852,-39.50888282954071,1.943496602432056
"Hill, Derek",WIDER,14.038594053511346,-13.038158811172815,0.18160327763242634,-2.878787878787879,-0.6181529840543192,-0.19103468588145667,4.074994407206347,8.325242859214143,1.1088034002026248
"Wong, Connor",WIDER,4.316630136071012,-1.0765821425702455,0.4182121718431162,4.510875388406728,0.8486117793816135,0.3440907956874266,18.084662647893047,131.94096475232377,-2.5543302104050696
"Laureano, Ramón",NARROWER,-12.618726289236946,8.746588671123334,-2.504568097701984,0.7177033492822957,-1.1326525069448792,-0.22645393548233805,-4.458580699891524,136.51107919285602,15.318503302397911
"Bruján, Vidal",NARROWER,-8.15951212987898,4.899953322817776,-0.4589260540367519,-3.1001174781360135,0.5513563393598986,-0.028363219763597236,-0.3861135456227487,41.52133290687999,-1.3640916633111217
"Ruiz, Keibert",WIDER,10.225106957371324,-14.994715293308204,1.5204217090028962,-3.127853881278538,0.29242378277002956,0.042308243754856534,-5.287430906032203,186.16119945101897,10.940266517565934
"Ruiz, Keibert",WIDER,6.977415181854511,-0.6551205956387811,0.31407085884149666,-7.3021318304337175,1.1637724898168074,-0.2935033061172305,-9.605916442408173,48.7772727272727,2.1234186821345347
"Contreras, William",WIDER,3.7024280701685015,-3.001126817236848,0.34878958725911247,-4.371427000879507,0.4813436769341024,-0.001455717860666006,0.6162834526950611,-55.66343007479253,4.400765950814371
"Contreras, William",WIDER,6.089033936136513,-5.006619590347718,1.4916557353332678,2.153010033444815,-0.6128569746735337,0.04226073189409707,2.171905096122895,64.8913867111196,-4.448848751412022
"Contreras, William",WIDER,-0.8600322398915026,1.1445859405580592,0.06675492675314842,1.8482790554097868,0.28434816699882504,-0.008276559200319333,1.6628218791044667,-31.485143521343616,-1.696578981007839
"Varsho, Daulton",NARROWER,-10.88200978418589,5.489422296085973,-1.9554420689812844,4.996568879739236,1.6743976157361686,0.029379190879230244,-1.3013714950153457,96.56830955092647,5.861367061735162
"Perkins, Blake",NARROWER,-5.553357056474901,-1.2163658817944913,-2.297328484395713,0.540806293018683,0.31023383776870617,-0.032998761726451775,0.973275630889308,-63.87356065600943,-1.6311736970131818
"Nootbaar, Lars",WIDER,5.096440755610136,-4.5786703655335685,0.7638291595599398,0.1970443349753701,-1.6486700353708699,-0.17414328028301096,-8.863232634325815,2.6612660346689267,-0.3914959813326462
"Nootbaar, Lars",WIDER,7.256860088165784,-5.62957620939266,1.0985043345801202,1.2059369202226335,-0.18139788525310507,-0.019008278674792933,3.8388186368203137,27.600366370746883,7.603468010375334
"Raleigh, Cal",NARROWER,0.2848001830692404,-0.8954881275905286,-1.5181556331121726,0.8646710391938797,-0.3317699335365063,0.14405900093597435,-3.463203463203463,2.211715613121612,2.5376324891872457
"Fortes, Nick",NARROWER,-4.063516206272382,3.0459327148348754,-0.5923521607272235,5.033249254758083,1.749686481309496,0.4819893815483063,6.297559085625728,-72.88668667271506,-9.119082052667547
"Gonzalez, Romy",WIDER,5.185718297416187,-1.336354265619054,1.3355198012797942,14.830043859649123,-0.12485573136366668,-0.13223369156179388,16.35613096913407,16.154140313523328,2.721955024586606
"Gonzalez, Romy",NARROWER,-3.7622722044533923,-0.5143786470737393,-1.588835215595715,-4.811138682106424,-2.7786022790046303,-0.10563147955447683,9.165977391783844,70.01411826381383,9.218702236011431
"Mangum, Jake",WIDER,4.496781083901219,-3.3077327543061372,1.2964165720686367,-3.3905065815716,1.9715835876687322,0.059535732565260346,-9.022537524710387,-5.100119874156178,-5.538694249636805
"Happ, Ian",NARROWER,-0.58188250184228,-1.405538135584468,-1.2942845070367497,-10.722647104729202,0.5264184339015969,-0.11897310141878226,-1.5619067370486306,-52.92385551372291,-2.302720457866826
"Lukes, Nathan",WIDER,3.493415439494438,-1.3021177713358547,1.5013893820796014,0.3973389641940823,2.044581809086594,-0.0007154392747441563,4.251208594984071,63.51076786679016,0.4130875294428691
"Tatis Jr., Fernando",WIDER,4.617771048691463,-3.5790823947766164,0.09712591244631597,-1.0416666666666679,-0.792032166809463,-0.07048845870921916,4.904891140325461,52.34566959641154,4.807909457299701
"Tatis Jr., Fernando",NARROWER,-5.987794190482756,13.771507479062858,0.12230111314270431,-5.79691947095262,2.303782867607282,0.09823241451163689,-5.245230097017771,27.47238312419762,-3.8203352088051936
"Amaya, Miguel",WIDER,11.227256944203802,-23.282245388446217,-2.7117497399681767,-3.924809593258793,1.521815290372487,0.2778159837340537,-7.294127385852214,24.01367618249924,8.321675467606092
"Cruz, Oneil",WIDER,4.315568093950141,-2.434276820431636,-0.8366612980570807,0.810102278181887,1.0719844732492874,-0.06747154431905678,-5.63643183313048,21.657486314049322,-6.303083568824814
"Chisholm Jr., Jazz",NARROWER,-4.489830453226645,4.782362735669759,-0.5465692446444308,-5.066847267163318,3.289798495326721,0.24504336321119702,-5.41406508023082,61.994273870150494,0.7471938245769394
"Chisholm Jr., Jazz",NARROWER,-5.751894241952698,5.269897061748814,-0.3005437011580767,2.118928240666815,0.41460614493408343,0.14964406199091407,7.573599985394765,72.61575495313758,0.8781084439634839
"Fermín, José",WIDER,8.410729134767955,-7.708034720573133,0.13047131685166846,-2.020860495436766,0.5789119337499358,-0.23038719134224195,-10.00117380416889,11.451114709105696,3.603560388018334
"Giménez, Andrés",WIDER,5.018436605923618,-10.380733822573859,-0.023064975781636576,-0.882352941176471,0.1453171966461042,0.012505932605598957,-3.5835023664638292,61.547358469182655,0.06410256410255855
"Giménez, Andrés",NARROWER,-4.26258131898723,8.00186982244297,-0.41704771220746295,2.1871829702357424,0.308277404514385,0.014410166040075723,4.235936892689306,63.29754573527225,-3.597553973357826
"Fermin, Freddy",WIDER,4.668037473286535,-7.748465563651164,-2.5731291715668334,2.741935483870968,0.24865611412545263,0.22594475307976314,-0.7329883824234429,124.36556935125327,5.755504014489425
"Jones, Nolan",WIDER,5.455448626067927,-2.124401935691246,1.8496586172813494,-12.857142857142858,-1.3685714683341814,-0.3846458356217619,1.6947068083431702,-61.04442505283299,-5.7886924170998775
"Lowe, Josh",WIDER,3.1478635578301564,-3.730068559141243,0.1578765842897667,11.16138763197587,0.9539719311869987,0.060627244487539755,11.991737082595847,-39.28440531581407,3.6142546203749717
"Lowe, Josh",NARROWER,-7.055659484813447,3.243259142963945,-0.8791851742475814,8.852599914052426,-1.6616541851281141,-0.15459649714249046,20.28455837073447,101.11392447599445,-16.17889791772473
"Lux, Gavin",NARROWER,-2.52855584961155,2.416511747241863,0.17398405021610586,3.1358391732144106,0.9520180789215971,0.09058685946612144,-3.5397888449724704,78.78439234767814,6.176673604853569
"Lux, Gavin",WIDER,9.046923016115269,-6.254700613361525,1.9310850857205466,-0.5414634146341442,0.28824914226575515,-0.17380747705473,-1.7094859829418816,-6.618763701716375,-1.6154341125370948
"Moniak, Mickey",WIDER,5.9806625085642615,-3.001404830147383,2.105819618576575,0.0,-0.22609814608443912,0.12417509967636509,-6.282564477536017,94.31267108612536,5.273441665504777
"Adell, Jo",WIDER,1.690189869102099,-1.5363381653221335,-0.04217438353046532,-3.691739732348868,-0.4492944993764354,-0.23354452606713494,-8.970433196076069,25.41631422245149,0.11681670170068514
"Bichette, Bo",NARROWER,-2.907122454799989,1.603073576383541,-0.6317353134876029,-2.7406898357222325,-0.185050781485657,-0.03881925546623677,1.058372612039621,-28.197546297318752,0.14714336218661117
"Bichette, Bo",WIDER,2.434684684784184,-2.476073783832268,0.3595918233534263,0.015500644078485948,-1.2629363701887257,-0.24517916631142267,1.0788808019052922,15.879887542486472,2.5001403686200305
"Naylor, Bo",WIDER,11.432220809252918,-17.597258678306392,-1.6724368945961245,0.5681818181818166,0.533979481148549,0.3019126289859937,-5.227333766635546,39.323920950881245,3.977145189266402
"Julien, Edouard",NARROWER,-6.24061994305039,3.615989317564761,-1.7351649256687978,-5.7147562582345195,-0.09357341876872738,-0.09828679133366602,-2.860000136060897,-50.89758747541765,-1.3587507318353396
"Myers, Dane",NARROWER,-2.4632394923867516,1.1227308628048007,-0.7930635116470768,3.097704166865544,-1.487427281123459,-0.18864900438573784,-7.710490562791097,-42.72711020073916,5.830642552542255
"Reynolds, Bryan",NARROWER,-3.7888232617242608,4.109870990512222,-3.023764188830995,-1.4732142857142847,0.4765041378639836,0.04324409544880847,-4.068959686147185,40.71337239472052,-0.31804538736928833
"Reynolds, Bryan",WIDER,3.484647648773006,-3.386976575215177,1.6031466468906075,-6.2200956937799035,-0.278458183038353,-0.17300529924073604,-8.84149484919826,39.5676313478171,-4.956495117785437
"Reynolds, Bryan",NARROWER,-4.052783811275269,1.427834471102643,-1.7833152074469325,4.9172794117647065,-0.005869472084043537,-0.03045752446915717,14.631200442559464,74.97322065936174,8.118772074373627
"Vientos, Mark",WIDER,6.813579159301561,-9.695399618498412,-0.4907475348074115,-3.6575228595178757,-1.5070573356436512,-0.30213939211294427,9.961617694893203,35.74661170760055,-6.5084753828011905
"Lewis, Royce",NARROWER,-11.349364135674087,2.452450625476841,-0.5755844859967567,1.5681166970565243,2.425736638450175,0.14348906889689506,-4.130217804581896,-2.5082855207176635,-0.10971144145543832
"Mitchell, Garrett",WIDER,2.573351726134913,-1.982770756861445,0.10264535681167075,-2.782970511970092,-0.15828115055300884,0.10096780243698689,5.765369907053049,69.217333730581,-2.3358851529337947
"Senzel, Nick",WIDER,5.339351013482613,-3.778754314851893,0.3223044797089969,-13.659531090723753,-0.8665931337955044,-0.09156183320187594,-13.471263021678837,-111.31864817022074,-2.328733108549624
"Wells, Austin",WIDER,2.1376636373329383,0.7462729733146922,1.8553192742278455,-10.764027782828467,0.12012484056194239,-0.19854064291499984,-8.03679540148537,-11.813839983880143,-5.583794222506583
"Espinal, Santiago",WIDER,3.290820103441636,-2.75343330322014,1.2509217024619588,-0.37810757160412045,1.1171936389949906,0.2138718375965638,1.979078569163871,16.384297189625016,4.2282274440595735
"Gorman, Nolan",NARROWER,-6.577613332991515,4.73885926387668,0.045405579473317914,-27.428571428571427,1.2665355298746022,0.24959429554954315,-18.280632411067195,129.68376068376068,-7.291666666666668
"Call, Alex",WIDER,5.787203370794401,-4.52532431381286,0.9708759178497459,-5.068442471328156,0.47616152844116755,0.3657620495006517,2.1711366538952745,-53.106209150326805,2.2189742226946585
"Lopez, Nicky",NARROWER,-4.3359547775551235,0.7266599905619611,-0.4153822593852041,3.5087719298245617,0.17967194713101264,0.0822272327885365,-2.3008429969932838,-33.29735622797148,-7.392694142123574
"Wallner, Matt",WIDER,2.4487735522300795,2.0737472390446854,-0.3657589443338978,-10.340136054421766,0.6845759504968214,-0.041202832153267366,0.844270727652642,12.50653749158397,-0.716589504775591
"Walls, Taylor",NARROWER,-8.729669762903143,6.409126388875732,-1.679390460951403,4.288645690834475,1.6425582080754282,0.021325330841502677,-1.7918771142002683,117.04523226803283,3.3611758005064196
"Friedl, TJ",NARROWER,-4.859304553990075,4.5783753215957255,0.7397045234724047,3.3767926988265966,-0.44816912005298093,0.013931928795340554,0.2720862847718344,-9.700804348416852,-2.8756247818202674
"Ramos, Heliot",WIDER,4.317056827118442,-1.8401050723118075,1.4806354381016433,3.6020674588373183,-0.21687577501860744,-0.010340833565078533,0.2040851486940518,60.47094713800351,4.584296857611637
"Ramos, Heliot",WIDER,0.6528346320472238,2.8543855947307684,2.6251636248234362,7.237207237207237,1.7212216163315759,-0.14536641412688933,13.470384084345397,49.64275118820581,-19.53232952686678
"García Jr., Luis",NARROWER,-1.1629290612235827,2.3897633509705294,0.8219127588176036,1.8808063102541617,0.4119444215301655,-0.006683091177847267,8.048369906395203,37.595446195197326,7.884972532722273
"Butler, Lawrence",NARROWER,-5.022068836129115,-2.4558032634141114,-4.274502324870994,-9.833234236529915,0.1860173109809864,0.013002203716577121,-11.52201525569609,74.61615096733595,-1.8857313977978443
"Butler, Lawrence",NARROWER,-4.024643124210016,3.49709968494912,-0.8559307085624042,-1.8888002128225594,-0.26210047305634987,-0.15996051684076917,-2.4190504193335016,-21.670892793207486,-1.9200227437245623
"Bailey, Patrick",WIDER,4.596392484783067,-5.394028778995006,-0.18292671739416022,-1.6637914510254959,0.052329313090709206,0.1584898695875303,3.21271647469111,53.69307262129962,-11.713778568929271
"Kelenic, Jarred",WIDER,7.33898721805792,-4.7899471659247475,0.646290279954286,-8.566250503423277,1.85588211048767,0.06036419555517103,-6.951834025643009,16.6234903082007,0.5865146151726464
"Kirk, Alejandro",NARROWER,-6.549825013653777,6.5526191376406935,-0.19256392320036753,-0.5999700014999263,1.8507162596118292,0.03349444554531278,-0.09478521303511656,75.53008608330902,4.580159763447114
"Perdomo, Geraldo",NARROWER,-6.989587420686107,4.728985649727342,-2.91150967824629,0.9523809523809526,0.8786734775321321,-0.10286009473893465,-3.641284470777558,-12.146596029716193,-6.878751500600238
"Canario, Alexander",NARROWER,-3.154175897907958,1.8935008132801023,-2.3914383636807273,3.6149162861491604,-0.2950456053068109,0.14305555555555394,8.006535947712415,145.1407407407408,7.6298701298701275
"Sosa, Lenyn",WIDER,3.588550834177802,-2.627983855741215,0.8791386265741252,-4.93305144467935,2.3421795925171693,-0.1993486466854808,-13.692736653933416,-35.499229473947764,1.1478967050251185
"Jung, Josh",NARROWER,-6.159878243132937,1.739620951442138,-1.427978141609934,-5.96153846153846,-0.3322282864772461,-0.08494784407954459,-0.2713613386225546,6.097466144321629,-3.7461429255007204
"DeLuca, Jonny",WIDER,6.369889410458715,-4.86364089722769,0.49912485857110767,-1.1848923434289311,-0.07528765288900274,0.0626705143463333,-6.25483084714498,15.597289522211383,2.6173663439333694
"DeLuca, Jonny",WIDER,1.4977142018659109,-0.33355213430292174,0.9216990353222769,-4.762571788765932,-1.070919923545702,-0.0151087855047356,1.8618547065507158,-60.53774612061005,4.217057276288678
"Feduccia, Hunter",NARROWER,-3.88363397988703,2.8042581184583426,-0.02221473634101301,-4.882293227630878,1.9526320967003414,0.032749840963040455,-11.889169151448971,17.051035669346675,-8.91757582812697
"Schneider, Davis",NARROWER,-4.90143750291978,5.576863017631613,-0.8047280122261142,14.117199391171994,0.6661028090481551,0.22242402621426027,3.473745794939301,156.7172029100792,9.347130104844382
"Rocchio, Brayan",WIDER,4.331895978523619,0.2622925099417719,0.9567107509250334,4.859744094488189,1.181768971916469,-0.008885598160989439,10.134642260626514,-90.42829542140572,14.783457471516648
"Valenzuela, Brandon",WIDER,6.7446836284049745,-7.347579529248675,0.6101197360535693,-8.240946045824092,0.17375223823512442,0.2650451896536081,-0.12380857050704464,116.76361172702639,-4.098148361813767
"Mead, Curtis",NARROWER,-2.5146608049455708,10.558506635407447,6.267657110075845,6.2857142857142865,0.30182835820895093,0.3855223880597025,-0.7575757575757613,50.615475269055025,-6.027397260273972
"Tovar, Ezequiel",NARROWER,-4.225541203123377,2.305531673316877,-1.0891688816855165,-1.792416989590457,1.6628359997750266,-0.02170673477512164,4.899824837919443,6.678702551167703,-0.7295407302317187
"Rafaela, Ceddanne",NARROWER,-7.115843922174754,6.734510842328955,-1.3694621894841035,5.888111522999008,-0.6143726515312409,0.170476098461962,9.958459968709143,31.987916746545636,10.521258688508645
"Barger, Addison",WIDER,12.433958574010383,-16.319386668830063,1.3366707939045668,7.461316548649357,-1.3232140522486162,-0.376225504805074,-5.466661072196633,8.44257113547485,-4.234058261276438
"Duran, Jarren",NARROWER,-14.449402001770956,13.227112572220356,-1.8223055497853267,0.40071996968548973,2.767586219750399,0.12554620397370986,-1.5498470911264803,44.64416325665297,-4.8936618738877655
"Duran, Jarren",WIDER,4.014921127055121,-3.4795774835403925,0.5303364243823623,0.5309607519552273,0.5027233009612075,0.012350606978827727,-2.6979099989740796,-26.826391560358502,-0.5780405742736221
"Duran, Jarren",NARROWER,-0.48376587654801995,0.22897468293659884,0.18204988581198478,4.145551801801805,-0.31728795939106647,-0.17533668802887092,-3.4716888960101393,-15.583521745391693,-6.450995014710692
"Jeffers, Ryan",NARROWER,-2.7753835139665526,3.389193166090436,-0.3817225979083432,1.6098484848484844,1.9201058201058032,0.11248134581468072,5.333333333333332,-12.785714285714278,5.472972972972972
"Gelof, Zack",NARROWER,-7.869061147696534,5.9046972151235195,-0.9830827031283818,0.15131300641046863,0.13296834030327886,-0.17963798609393944,-4.28306078130359,-47.654772457569095,0.3744912025987084
"Cowser, Colton",WIDER,2.081671775918604,-2.31864885236412,-0.7988193828361076,0.3289473684210513,-0.39537647075322013,-0.05381252892422772,12.40734572810404,14.01188723659999,-2.5256922944616456
"Cowser, Colton",WIDER,6.071328920369336,-6.78602166036892,0.06030913209432498,-1.9345238095238138,-1.2849939856042454,-0.07266493025241072,13.373114861009213,-34.34608015362488,8.725381990611062
"Norby, Connor",NARROWER,-5.616493664763915,6.048147584778693,-0.5041281646388143,-20.556946182728407,0.4527573529411768,-0.1674632352941181,-15.359477124183002,149.6388508891929,-0.020475020475014816
"Baldwin, Brooks",WIDER,10.86676149960391,-8.685454383619774,1.799602065405466,-2.403115501519757,-0.15464062599799888,0.09466262101360456,-5.778182793286604,50.66777353573889,0.32440967326161285
"Fry, David",WIDER,2.795159910848902,-2.8102514284946842,0.1119223161491405,8.872835046772252,-0.2500356279922187,0.024837570872887405,-3.059203273789038,106.40803572844555,12.20057582524224
"Fry, David",NARROWER,-5.132695360586261,7.642319006268069,1.7935554211119396,-9.807664072823375,1.4847520581010514,0.20121083497858017,-14.330843017893372,28.64938335046247,0.5302790734445395
"Marte, Noelvi",NARROWER,-3.8616949955240365,4.6789746207838405,-0.03784526871539384,-6.695156695156694,1.244177215189879,0.008872266973533272,-2.6757113246655386,126.7073557653004,-0.21306818181817988
"Abrams, CJ",NARROWER,-8.1576446530145,6.720554524337011,-0.5363857076695879,3.5567190226876093,0.05271131374722415,-0.021324196682149577,7.5964033118509455,-0.27137290447956275,-1.0378865527207637
"Carroll, Corbin",NARROWER,-5.141909524410398,3.231003433667926,-1.5233114518375928,-1.1336364784640658,-0.19745884376156653,0.0973152909749393,2.0896454381716403,79.94718151577092,-3.6997943952119208
"Volpe, Anthony",WIDER,6.713214530660455,-6.498794900298208,-1.0601304235662141,-5.379371665678718,-3.508830329207953,-0.35183687832709243,-4.557817700971224,9.734893048442245,8.450683165381356
"Baty, Brett",WIDER,0.5621324856400136,0.8865465488296387,0.8258504572903504,2.593330598370745,0.5261215550991807,0.1158379237141478,8.282895739070259,163.94026037989363,3.376946742477756
"Baty, Brett",WIDER,9.457308857196072,-4.593882685279414,1.6994975585438965,4.244186046511629,-0.5463819902098948,-0.29341255168692815,-2.9995804363462035,-33.83811285613609,-11.590603585019704
"Canzone, Dominic",NARROWER,-6.420336970339527,4.487045866355398,0.09881213665249078,12.64945652173913,-0.15105539457258033,0.14738212899651426,10.573422122744669,22.850042336653473,3.4231870229007697
"Canzone, Dominic",WIDER,4.378886988569462,-0.5229691425997061,-0.2341491935633968,-4.350282485875706,-1.1993475759858683,0.010926599655387115,1.882937741183902,-73.16981778203422,1.0801182557764974
"Pagés, Pedro",WIDER,14.15428079416641,-13.015567358322597,1.803423189457959,3.1649421789409615,-0.9218389629993169,-0.11033322596951312,1.8930537963814338,-48.25094498725383,14.004218225227397
"Pagés, Pedro",NARROWER,-11.338093437856408,6.246106443510058,-2.284848406138181,2.158095942779628,2.2832842227800256,0.20811961148095737,6.910593100586343,-5.788534858387777,-9.881343218290898
"Lee, Brooks",NARROWER,-0.9150623487343026,0.8007151068126621,0.32982800456557726,2.1727644961035537,-1.1758589106755153,0.2794409934288815,13.07311320533212,-43.28024433630037,6.214611377952046
"Ortiz, Joey",NARROWER,-4.7194527704114435,1.1327971207706486,-1.4804335973747484,-1.1806442457783461,-1.9722779997133841,-0.33593884406530883,-6.416476463538274,-31.125598879013125,11.374413939447216
"Horwitz, Spencer",WIDER,3.1594156086122958,-4.38596508244429,-0.032969560317319235,3.3396253811528993,-1.4162018255578062,-0.2278397565922905,1.6091954022988517,-19.798245614035068,3.949169110459433
"Johnston, Troy",NARROWER,-3.5096925241634587,-1.7235627218284648,0.10924154143545195,2.1696111389266406,0.6658198578305843,0.010343709820735292,-4.428413263238202,-26.32760034607594,2.083103701238187
"Hassell III, Robert",NARROWER,-4.648380700036441,-7.181694176701168,-2.3406405580416205,-8.800690250215702,0.06959825025900557,0.29822723609991986,8.351648351648347,-7.661873826439887,-7.632568863002064
"Walker, Jordan",WIDER,3.7527779412194455,-0.4146236450671381,2.7604497842493743,-3.11250713877784,1.2246104783376666,0.13944545704460687,-8.35606155936427,-111.7833263510683,2.0223744917864863
"Winn, Masyn",NARROWER,-6.1020396925380975,7.593304400359305,-0.47564824885389356,4.298379478235596,1.4746518933097548,0.1288849311332827,-4.127422370720987,-2.407982674806078,-8.732116078555059
"Caminero, Junior",NARROWER,-5.312782784892544,5.778624180269585,-0.5452539474164197,6.169378481383756,1.4760113307992953,0.18472481593325973,0.6775014235586454,82.11134940918845,-2.671169411045714
"Crow-Armstrong, Pete",WIDER,0.6116272587452336,-3.4552433309643824,-0.04583685832815121,0.8701472556894245,-1.905345015072129,0.0180286957206075,-6.9148090506739415,107.97114804861133,-3.693029807891641
"Crow-Armstrong, Pete",NARROWER,-12.533013385155343,9.492862835674089,-1.436544233445538,-3.4576081598604667,0.47221091403005744,0.2699513420190103,0.6529703764021306,44.788473676575904,-7.108244852987095
"Karros, Kyle",WIDER,5.845238230414324,-1.1584124523188892,2.863121912815487,2.974007020865379,1.2111165321264963,0.015819546167747944,-4.1670721060980895,-13.753330631580582,2.503804485224425
"Basallo, Samuel",WIDER,11.190437124242742,-7.725331788367878,0.9341330046546545,-4.372469635627532,-0.5017501672208766,0.07580051742919469,2.687758722649317,-71.15647548358078,6.754794004851625
"Tawa, Tim",NARROWER,-7.083248655016849,6.908413667362726,-0.8152696643352186,3.143763453041803,-0.23572755236217802,-0.10556119094580563,3.557378694364999,123.10787808368457,1.0454597149201632
"Schanuel, Nolan",WIDER,4.585240158324265,-4.039895252487749,-0.04467880962555881,0.9540401526464244,1.0191776726338873,0.17460534925972837,0.945700140701943,-34.661503887269134,17.02940669938862
"Langford, Wyatt",NARROWER,-3.2920776796604336,1.7332253648121068,-0.9463799721815178,2.303143479614068,-0.5341064154321344,0.08032010998005745,1.1825128263414264,88.67264144581685,-3.3036476870637017
"Langford, Wyatt",WIDER,3.95593144764635,-2.4425558820485236,0.9544399899369509,-11.498257839721255,-0.07976415094340439,0.03380503144654057,-4.775280898876403,22.958333333333258,-2.133825079030565
"Goodman, Hunter",WIDER,2.7125668492183372,-4.924428783941067,-0.7811860224916387,1.2869198312236314,0.7057561798509084,0.15144652262439529,6.355519480519483,-81.0658081750675,8.67852735499794
"Smith, Cam",NARROWER,-6.816358617868737,5.7434823565296185,1.911867413370615,-1.0344365536647437,2.3569514190431278,0.3563360677878782,-1.1231462326969925,-57.62567000710658,-6.271947917132735
"Smith, Cam",WIDER,3.6110508004970256,0.7174297412398101,1.1037281109185741,-3.642651814588575,0.1137450278331329,-0.09879947333383488,-5.257383017315767,-71.62045195296537,-3.408282113127843
"Church, Nathan",NARROWER,-4.55872472994611,1.9312784666892533,-0.989606404556234,-4.9909356616966996,-0.799251855828274,-0.11770628969065022,-3.6419267533480575,-69.90961006202855,-2.605922430530228
"Lee, Hao-Yu",NARROWER,-11.337535825996923,7.293307981866199,-2.4947724845910955,-0.961894191638919,0.09646365933025436,-0.23125474336448804,7.317618295211833,-5.892217756667947,-10.575038723762365
"Kurtz, Nick",WIDER,3.738210664249788,-1.9470661023005196,0.3541960349455522,4.363083401567437,-0.5268684491088464,-0.017181435280898327,19.166838867197423,-71.16932561414484,11.515504029899724
"Crawford, Justin",WIDER,4.871128735621269,-8.764017467985338,-1.8608520546872214,-4.550511793502448,1.0095370018460557,-0.03955979257622211,-8.414761103029292,6.115013061130014,-4.114598886578804
"Antonacci, Sam",WIDER,3.020984987231259,0.03397739480265116,0.6533886255281729,-1.2758687801396977,-0.7052175226097006,-0.24606364210780196,1.4053494404110953,-78.48865700233534,0.9955656325714202
"Griffin, Konnor",NARROWER,-4.944629406452897,8.170198053036163,-1.218148772381106,-3.774427694025686,1.1892775742775825,0.06461741961742007,-6.755601875977071,6.496277915632788,8.175878975317964
"Meidroth, Chase",NARROWER,-10.963762581714299,12.48999632451605,-0.16793196304718094,-1.4520371041151527,0.2270026241332488,0.09839901751851876,-6.145750469335987,13.438003972224692,2.76811852975181
"McGonigle, Kevin",NARROWER,-6.926905942543762,5.649457107720881,-1.7612818524574152,0.3344600604874586,0.22703262152866444,-0.04104004878990786,0.322728064296534,45.542502146874995,3.17328430231656
"Shaw, Matt",WIDER,2.867777370866982,6.36740119225815,1.6876828137403947,-0.7255594817432254,2.035821862158656,0.3711982227059414,-2.196843030706166,-4.187682984700473,2.3987834141917688
