bsy,batter,side,year,name,event_date,k,n_games,move,persist,dir
457759R2024,457759,R,2024,"Turner, Justin",2024-09-08,114,132,4.961456856225405,5.233840743686432,WIDER
519317R2024,519317,R,2024,"Stanton, Giancarlo",2024-08-31,85,107,-4.2500491445456205,-3.8470595433006594,NARROWER
543877R2024,543877,R,2024,"Vázquez, Christian",2024-05-14,21,88,6.332675321472987,5.924810745939432,WIDER
553869R2025,553869,R,2025,"Díaz, Elias",2025-08-08,79,94,-6.87247557873857,-7.202762959323405,NARROWER
571657R2024,571657,R,2024,"Farmer, Kyle",2024-08-28,66,88,4.607092309383898,6.197204883529565,WIDER
575929R2026,575929,R,2026,"Contreras, Willson",2026-04-25,25,125,4.407872496661259,5.662956360100267,WIDER
592518R2024,592518,R,2024,"Machado, Manny",2024-06-19,60,143,6.319223663452831,6.780786284774305,WIDER
594807R2024,594807,R,2024,"Duvall, Adam",2024-07-24,72,92,7.663029447722106,6.008118750306714,WIDER
605113R2024,605113,R,2024,"Ahmed, Nick",2024-06-24,33,60,4.300201718473442,3.8452393182175655,WIDER
605137L2024,605137,L,2024,"Bell, Josh",2024-05-29,42,123,-7.458145579100371,-6.295041598491281,NARROWER
605137R2025,605137,R,2025,"Bell, Josh",2025-06-24,27,70,-7.728541654317812,-3.611141085180204,NARROWER
605137R2026,605137,R,2026,"Bell, Josh",2026-06-15,45,98,7.572559717324992,6.028722539536737,WIDER
608336L2024,608336,L,2024,"Gallo, Joey",2024-05-17,20,69,4.169539213109552,4.8977412124396835,WIDER
621043R2025,621043,R,2025,"Correa, Carlos",2025-06-22,64,142,-4.0537808188368345,-3.3540804513373175,NARROWER
621493R2025,621493,R,2025,"Ward, Taylor",2025-05-02,29,156,-4.966465646102954,-4.744631989554968,NARROWER
628451R2025,628451,R,2025,"Ibáñez, Andy",2025-07-28,41,83,-4.279963430569978,-4.193419330705957,NARROWER
630105L2026,630105,L,2026,"Cronenworth, Jake",2026-06-29,29,101,6.767033304537652,8.141840331145758,WIDER
641343L2025,641343,L,2025,"Bauers, Jake",2025-05-12,24,81,5.8203952533100605,5.820337313974925,WIDER
641355L2024,641355,L,2024,"Bellinger, Cody",2024-09-02,102,125,6.292698671395318,6.727004316535357,WIDER
641355L2025,641355,L,2025,"Bellinger, Cody",2025-05-05,30,150,4.349411546779955,5.340668213645316,WIDER
641680L2024,641680,L,2024,"Heim, Jonah",2024-06-07,48,118,4.8764120306224115,3.5220006389808596,WIDER
641680L2025,641680,L,2025,"Heim, Jonah",2025-07-23,70,105,9.765312102869398,7.562675977282645,WIDER
641680L2026,641680,L,2026,"Heim, Jonah",2026-08-17,56,71,9.650990402164638,11.44376245475053,WIDER
641680R2025,641680,R,2025,"Heim, Jonah",2025-07-23,42,68,7.834520212172041,4.893844566296451,WIDER
641680R2026,641680,R,2026,"Heim, Jonah",2026-05-31,15,60,-4.007170359172321,-4.7406721495351505,NARROWER
642350R2024,642350,R,2024,"Siri, Jose",2024-04-28,19,118,-7.800350876831445,-6.613822075303538,NARROWER
642350R2026,642350,R,2026,"Siri, Jose",2026-09-02,70,86,6.422684134455267,5.871419071230008,WIDER
642708R2024,642708,R,2024,"Rosario, Amed",2024-08-30,78,93,-5.0629708125253785,-4.509814118950857,NARROWER
643289R2024,643289,R,2024,"Dubón, Mauricio",2024-08-23,93,122,-5.987770474168357,-4.792933035909982,NARROWER
643289R2025,643289,R,2025,"Dubón, Mauricio",2025-06-14,38,118,13.748740224707642,9.25679693337009,WIDER
643376R2026,643376,R,2026,"Jansen, Danny",2026-04-21,15,60,4.1557832217878214,4.469245809499789,WIDER
643446L2024,643446,L,2024,"McNeil, Jeff",2024-05-12,33,117,5.3192555822321665,5.376935664214329,WIDER
645277L2025,645277,L,2025,"Albies, Ozzie",2025-09-03,130,146,-8.028579035934374,-8.832057329147109,NARROWER
650559R2024,650559,R,2024,"De La Cruz, Bryan",2024-06-29,74,141,-4.931987267691717,-3.817840249783899,NARROWER
656537R2026,656537,R,2026,"Hill, Derek",2026-06-21,42,81,13.100128885934208,13.229336939866506,WIDER
657136R2026,657136,R,2026,"Wong, Connor",2026-05-13,16,68,4.450425271877442,4.105332418625338,WIDER
657656R2024,657656,R,2024,"Laureano, Ramón",2024-06-15,23,84,-10.28554566936473,-10.392982697679564,NARROWER
660644L2024,660644,L,2024,"Bruján, Vidal",2024-07-22,57,78,-7.372590605752375,-7.225528782691185,NARROWER
660688L2024,660688,L,2024,"Ruiz, Keibert",2024-05-24,23,111,15.057732414034493,14.083839354952328,WIDER
660688L2026,660688,L,2026,"Ruiz, Keibert",2026-05-07,21,95,9.434746292542147,6.890130419638854,WIDER
661388R2024,661388,R,2024,"Contreras, William",2024-05-05,28,150,4.951182132520639,5.481038989259201,WIDER
661388R2025,661388,R,2025,"Contreras, William",2025-08-11,110,148,5.2073715206197235,6.707650331843453,WIDER
661388R2026,661388,R,2026,"Contreras, William",2026-06-21,66,137,6.403865197398034,3.8666910879799232,WIDER
662139L2024,662139,L,2024,"Varsho, Daulton",2024-07-03,69,124,-6.027968695724134,-8.51521116780767,NARROWER
663368L2024,663368,L,2024,"Perkins, Blake",2024-07-27,67,95,-4.261769396955081,-5.584077218086605,NARROWER
663457L2025,663457,L,2025,"Nootbaar, Lars",2025-08-29,101,126,6.0430120992172185,5.300918711556697,WIDER
663457L2026,663457,L,2026,"Nootbaar, Lars",2026-08-19,59,83,5.66005290025543,7.399791869865982,WIDER
663624R2025,663624,R,2025,"Mountcastle, Ryan",2025-08-09,50,85,5.026258629327579,6.024672889569175,WIDER
663647R2026,663647,R,2026,"Hayes, Ke'Bryan",2026-04-20,17,73,-5.174075696340694,-3.53969959110119,NARROWER
663697R2024,663697,R,2024,"India, Jonathan",2024-04-30,19,144,-4.262825578800022,-4.810599266986749,NARROWER
663728L2024,663728,L,2024,"Raleigh, Cal",2024-05-11,26,138,-8.757473154834567,-4.569363099009983,NARROWER
663743R2026,663743,R,2026,"Fortes, Nick",2026-08-15,82,97,-4.66019766809999,-4.092023813039333,NARROWER
663853R2024,663853,R,2024,"Gonzalez, Romy",2024-07-26,41,85,4.118471119177876,5.848848693968996,WIDER
663853R2025,663853,R,2025,"Gonzalez, Romy",2025-06-03,16,91,-6.034304548705087,-5.351545527102456,NARROWER
663968L2026,663968,L,2026,"Mangum, Jake",2026-05-17,19,107,4.200826106765369,4.452299161434038,WIDER
664023L2026,664023,L,2026,"Happ, Ian",2026-05-26,47,143,-5.395683390498647,-3.2435373642083825,NARROWER
664770L2025,664770,L,2025,"Lukes, Nathan",2025-08-23,94,123,4.590430713026819,3.876552366604905,WIDER
664770L2026,664770,L,2026,"Lukes, Nathan",2026-04-20,15,116,4.038664836435405,4.880420511389435,WIDER
664774L2025,664774,L,2025,"Wade Jr., LaMonte",2025-04-16,15,74,-5.210184161849664,-5.378722592584275,NARROWER
665487R2025,665487,R,2025,"Tatis Jr., Fernando",2025-08-08,110,153,7.65700996661452,5.518671446577862,WIDER
665487R2026,665487,R,2026,"Tatis Jr., Fernando",2026-06-09,62,152,-8.644971561489967,-8.176770554751084,NARROWER
665750R2026,665750,R,2026,"Taveras, Leody",2026-08-14,59,78,4.162146963681259,3.1590561189159416,WIDER
665804R2024,665804,R,2024,"Amaya, Miguel",2024-07-07,53,103,8.898567076334576,9.813116883783444,WIDER
665833L2024,665833,L,2024,"Cruz, Oneil",2024-06-06,50,140,7.7539575040873245,7.889356189849202,WIDER
665862L2025,665862,L,2025,"Chisholm Jr., Jazz",2025-06-16,39,129,-4.5086456014184115,-4.363153969841591,NARROWER
665862L2026,665862,L,2026,"Chisholm Jr., Jazz",2026-05-15,43,131,-6.440405763503453,-5.548557719208532,NARROWER
665877R2026,665877,R,2026,"Fermín, José",2026-05-29,26,107,8.242866605063387,8.058518965730627,WIDER
665926L2025,665926,L,2025,"Giménez, Andrés",2025-06-04,35,96,5.506109319767095,6.282537867023414,WIDER
665926L2026,665926,L,2026,"Giménez, Andrés",2026-05-31,55,138,-5.630423699187496,-5.685439728154549,NARROWER
665953R2026,665953,R,2026,"Chaparro, Andrés",2026-06-20,15,76,-5.148175664315971,-6.404282251575957,NARROWER
666023R2026,666023,R,2026,"Fermin, Freddy",2026-06-02,31,75,6.135953903650336,4.603927491152952,WIDER
666134L2024,666134,L,2024,"Jones, Nolan",2024-08-20,39,67,6.87482161630621,5.747979920147568,WIDER
666139L2025,666139,L,2025,"Lowe, Josh",2025-08-26,81,108,8.210760200696523,6.604179959735397,WIDER
666139L2026,666139,L,2026,"Lowe, Josh",2026-08-07,67,103,-7.297005272714102,-7.227611084535852,NARROWER
666158L2024,666158,L,2024,"Lux, Gavin",2024-05-04,17,131,-7.657571414625057,-9.14017548403817,NARROWER
666158L2025,666158,L,2025,"Lux, Gavin",2025-06-07,55,138,5.035660190959785,6.319905319825054,WIDER
666160L2024,666160,L,2024,"Moniak, Mickey",2024-06-08,42,117,4.057473931132478,4.963540962352496,WIDER
666176R2024,666176,R,2024,"Adell, Jo",2024-07-06,72,122,4.003680673707592,3.031351166105722,WIDER
666182R2025,666182,R,2025,"Bichette, Bo",2025-05-03,31,137,-4.615858821428574,-5.309053370969195,NARROWER
666182R2026,666182,R,2026,"Bichette, Bo",2026-07-01,84,152,4.45694771835262,3.8289398382295374,WIDER
666310L2025,666310,L,2025,"Naylor, Bo",2025-08-18,90,119,7.828548273407655,10.51531092630379,WIDER
666397L2025,666397,L,2025,"Julien, Edouard",2025-08-01,28,61,-6.610786856614052,-5.874340951802676,NARROWER
666397L2026,666397,L,2026,"Julien, Edouard",2026-06-09,52,80,-6.785050943495779,-6.162761423496345,NARROWER
666969R2024,666969,R,2024,"García, Adolis",2024-09-04,126,147,-4.204244741695639,-3.733358507218693,NARROWER
667472R2025,667472,R,2025,"Myers, Dane",2025-04-28,17,100,-7.368468450001245,-8.019806286936909,NARROWER
667472R2026,667472,R,2026,"Myers, Dane",2026-07-17,51,100,-5.447883292306802,-3.8633810483907425,NARROWER
668804L2025,668804,L,2025,"Reynolds, Bryan",2025-08-19,115,146,-5.700842342369114,-5.498951202151737,NARROWER
668804L2026,668804,L,2026,"Reynolds, Bryan",2026-08-17,104,135,5.429485120128568,4.034799219061895,WIDER
668804R2024,668804,R,2024,"Reynolds, Bryan",2024-06-01,30,91,-6.27915287134816,-6.33853091534769,NARROWER
668901R2024,668901,R,2024,"Vientos, Mark",2024-06-17,25,108,4.305811090135759,5.484280185365741,WIDER
668904R2025,668904,R,2025,"Lewis, Royce",2025-09-01,79,103,-5.305218811076028,-3.704936036585117,NARROWER
668904R2026,668904,R,2026,"Lewis, Royce",2026-05-17,30,120,-8.129483087176414,-9.56575703163168,NARROWER
668930L2024,668930,L,2024,"Turang, Brice",2024-09-13,132,147,-4.941745500356284,-5.630596039227427,NARROWER
669003L2026,669003,L,2026,"Mitchell, Garrett",2026-08-29,112,131,4.939292945620135,4.916472230336588,WIDER
669222R2024,669222,R,2024,"Senzel, Nick",2024-06-26,57,74,4.179167352299963,4.89118826837467,WIDER
669224L2026,669224,L,2026,"Wells, Austin",2026-07-10,63,117,5.54868898112483,3.2686313583187143,WIDER
669289R2025,669289,R,2025,"Espinal, Santiago",2025-06-02,47,100,4.697204580874143,5.172031506014623,WIDER
669357L2026,669357,L,2026,"Gorman, Nolan",2026-08-25,61,81,-8.361574405730597,-10.797759876078914,NARROWER
669743R2026,669743,R,2026,"Call, Alex",2026-08-15,54,69,4.738890629661743,4.452929746035867,WIDER
670032L2024,670032,L,2024,"Lopez, Nicky",2024-07-30,82,114,-4.430057280094097,-3.0091040836394427,NARROWER
670242L2025,670242,L,2025,"Wallner, Matt",2025-06-19,31,102,7.0657559547849615,5.162223851585534,WIDER
670764L2025,670764,L,2025,"Walls, Taylor",2025-06-17,46,80,-5.203785703821325,-6.3131176419272705,NARROWER
670770L2025,670770,L,2025,"Friedl, TJ",2025-05-25,47,150,-4.590038463548865,-4.283244870581147,NARROWER
671218R2025,671218,R,2025,"Ramos, Heliot",2025-08-27,129,157,4.404697572643695,4.955808587442412,WIDER
671218R2026,671218,R,2026,"Ramos, Heliot",2026-07-28,67,105,4.311903008316833,4.327361951920903,WIDER
671277L2025,671277,L,2025,"García Jr., Luis",2025-05-22,41,135,-4.401391225917031,-3.078523168410907,NARROWER
671732L2024,671732,L,2024,"Butler, Lawrence",2024-06-30,38,112,-5.442142821595887,-3.92827953860807,NARROWER
671732L2026,671732,L,2026,"Butler, Lawrence",2026-05-17,40,137,-6.942152745597152,-6.566660519172487,NARROWER
672275L2025,672275,L,2025,"Bailey, Patrick",2025-09-05,100,119,7.248311427140486,7.128244338284205,WIDER
672275L2026,672275,L,2026,"Bailey, Patrick",2026-07-02,49,90,5.9974047304199125,5.746133311209345,WIDER
672284L2024,672284,L,2024,"Kelenic, Jarred",2024-08-03,87,120,7.451402983981943,7.903820251828691,WIDER
672386R2024,672386,R,2024,"Kirk, Alejandro",2024-05-29,24,94,-4.257309011596057,-6.061111932319097,NARROWER
672695R2026,672695,R,2026,"Perdomo, Geraldo",2026-07-20,47,83,-5.1152468175703305,-5.819068764377995,NARROWER
672744R2025,672744,R,2025,"Canario, Alexander",2025-08-22,57,74,-11.304049996972651,-4.839812888672849,NARROWER
672820R2024,672820,R,2024,"Sosa, Lenyn",2024-06-28,35,96,6.960708602076789,6.519447150299307,WIDER
673962R2025,673962,R,2025,"Jung, Josh",2025-07-21,74,130,-4.7596929392777625,-5.852226121330112,NARROWER
675961R2026,675961,R,2026,"Williams, Alika",2026-06-30,15,70,4.98487880701779,4.43537992661453,WIDER
676356R2024,676356,R,2024,"DeLuca, Jonny",2024-07-31,52,98,7.1246739966527315,6.435042146118938,WIDER
676356R2026,676356,R,2026,"DeLuca, Jonny",2026-07-18,52,96,4.104825712673012,3.490433108592029,WIDER
676439L2026,676439,L,2026,"Feduccia, Hunter",2026-06-26,40,84,-6.76444169271517,-5.625073611588974,NARROWER
676572R2025,676572,R,2025,"Wagaman, Eric",2025-09-06,123,138,5.558141162351522,6.074754889288091,WIDER
676914R2025,676914,R,2025,"Schneider, Davis",2025-07-02,23,74,-9.029460389462589,-4.519270340874193,NARROWER
677587R2026,677587,R,2026,"Rocchio, Brayan",2026-05-02,17,98,4.385009271417893,4.847667422053085,WIDER
677942R2025,677942,R,2025,"Alexander, Blaze",2025-09-06,48,67,-4.43278811322002,-6.4528700737312725,NARROWER
678218L2026,678218,L,2026,"Valenzuela, Brandon",2026-05-09,16,69,4.617114216878363,5.849040892164329,WIDER
678554R2025,678554,R,2025,"Mead, Curtis",2025-05-08,23,87,-11.062701588483176,-4.087518945722191,NARROWER
678662R2024,678662,R,2024,"Tovar, Ezequiel",2024-07-10,81,147,-6.556136054575205,-7.183818464726301,NARROWER
678662R2025,678662,R,2025,"Tovar, Ezequiel",2025-09-12,80,95,-4.56836394970675,-5.586855978439942,NARROWER
678882R2024,678882,R,2024,"Rafaela, Ceddanne",2024-08-10,107,145,-5.073213109875137,-6.052225288110989,NARROWER
680718L2024,680718,L,2024,"Barger, Addison",2024-07-28,21,67,9.808287791060799,12.090350344278459,WIDER
680776L2024,680776,L,2024,"Duran, Jarren",2024-05-02,25,153,-8.718099533409273,-12.456069010780801,NARROWER
680776L2025,680776,L,2025,"Duran, Jarren",2025-07-23,98,154,10.074705033703216,8.078349238207043,WIDER
680776L2026,680776,L,2026,"Duran, Jarren",2026-08-18,114,143,-8.28532579496996,-7.008945375490779,NARROWER
680777R2026,680777,R,2026,"Jeffers, Ryan",2026-08-08,54,85,-4.260931299975741,-3.036292338346872,NARROWER
680779R2026,680779,R,2026,"Davis, Henry",2026-04-25,17,85,6.628613030701061,8.966638977969382,WIDER
680869R2024,680869,R,2024,"Gelof, Zack",2024-07-11,66,131,-4.055409845446135,-6.75570628133633,NARROWER
681297L2025,681297,L,2025,"Cowser, Colton",2025-08-06,53,88,4.282233348839913,3.8099376999720818,WIDER
681297L2026,681297,L,2026,"Cowser, Colton",2026-08-07,91,124,4.928062897408051,5.720952750947266,WIDER
681351R2026,681351,R,2026,"O'Hoppe, Logan",2026-07-20,66,81,-5.762581577633693,-8.818059100235452,NARROWER
681393R2026,681393,R,2026,"Norby, Connor",2026-08-11,64,100,-6.495823393990232,-7.8917552405075035,NARROWER
681460L2025,681460,L,2025,"Baldwin, Brooks",2025-06-15,39,93,7.7653601913733254,10.391971664887432,WIDER
681715R2025,681715,R,2025,"Hernández, Heriberto",2025-09-07,64,83,7.772045468111642,7.906213074372758,WIDER
681715R2026,681715,R,2026,"Hernández, Heriberto",2026-04-24,19,125,-5.501173239891237,-5.846896437439277,NARROWER
681807R2025,681807,R,2025,"Fry, David",2025-08-20,47,63,4.208318996663838,3.7914970863661495,WIDER
681807R2026,681807,R,2026,"Fry, David",2026-08-01,63,78,-5.132351566045092,-5.552477985552713,NARROWER
682622R2024,682622,R,2024,"Marte, Noelvi",2024-08-05,29,65,-7.043769164385463,-5.634309426603096,NARROWER
682663R2026,682663,R,2026,"Ramírez, Agustín",2026-08-12,36,64,-4.4962548758878995,-4.482726355311769,NARROWER
682829L2025,682829,L,2025,"De La Cruz, Elly",2025-04-25,21,151,-5.2082026752589385,-6.19057608697134,NARROWER
682829L2026,682829,L,2026,"De La Cruz, Elly",2026-04-15,15,125,-4.2282366812199825,-5.052692559210584,NARROWER
682829R2025,682829,R,2025,"De La Cruz, Elly",2025-04-27,16,105,-6.64165397521019,-4.622194705787798,NARROWER
682928L2026,682928,L,2026,"Abrams, CJ",2026-07-05,86,148,-5.5188988502099185,-6.8538922138844,NARROWER
682998L2024,682998,L,2024,"Carroll, Corbin",2024-07-29,95,149,-4.494472873916013,-4.82938077646741,NARROWER
683011R2026,683011,R,2026,"Volpe, Anthony",2026-07-28,49,65,4.522170282030864,5.917844660553243,WIDER
683146L2025,683146,L,2025,"Baty, Brett",2025-08-12,86,123,5.303505746169776,3.7548532388040243,WIDER
683146L2026,683146,L,2026,"Baty, Brett",2026-04-15,15,132,6.453525538829258,6.281562050963441,WIDER
686527L2025,686527,L,2025,"Canzone, Dominic",2025-07-06,24,80,-4.286564929457736,-3.9623929726324008,NARROWER
686527L2026,686527,L,2026,"Canzone, Dominic",2026-07-25,87,139,4.0092409636121715,3.25982586172303,WIDER
686780R2025,686780,R,2025,"Pagés, Pedro",2025-08-06,77,105,8.258252293560922,12.348203300319291,WIDER
686780R2026,686780,R,2026,"Pagés, Pedro",2026-07-18,48,65,-6.9932499831937385,-10.038933101518722,NARROWER
686797R2025,686797,R,2025,"Lee, Brooks",2025-05-17,18,87,4.779574612025346,4.1822517513578745,WIDER
686797R2026,686797,R,2026,"Lee, Brooks",2026-07-05,45,91,-4.019554357998921,-3.4589626877887554,NARROWER
687363L2025,687363,L,2025,"Scott II, Victor",2025-09-02,105,124,10.806317068876766,11.3361843682487,WIDER
687363L2026,687363,L,2026,"Scott II, Victor",2026-05-02,28,62,7.545157502008713,9.148790403501597,WIDER
687401R2025,687401,R,2025,"Ortiz, Joey",2025-07-12,87,143,-6.563216117908414,-5.864295659225558,NARROWER
687462L2026,687462,L,2026,"Horwitz, Spencer",2026-08-18,84,109,4.209715759552381,3.8342986594265085,WIDER
687859L2026,687859,L,2026,"Johnston, Troy",2026-06-15,62,120,-5.588339541990161,-3.652253680985627,NARROWER
690987L2025,690987,L,2025,"Hassell III, Robert",2025-08-01,21,64,-4.2569455416506266,-4.402945714397511,NARROWER
690993L2024,690993,L,2024,"Keith, Colt",2024-09-04,117,138,-5.0028755649493455,-5.77235127780061,NARROWER
691023R2025,691023,R,2025,"Walker, Jordan",2025-09-05,86,103,-5.625561634455934,-5.3565157050649645,NARROWER
691023R2026,691023,R,2026,"Walker, Jordan",2026-05-01,30,150,4.0196688185822005,3.514152341260832,WIDER
691026R2024,691026,R,2024,"Winn, Masyn",2024-07-02,65,137,-6.450217946999905,-6.6254766346399645,NARROWER
691406R2025,691406,R,2025,"Caminero, Junior",2025-07-10,87,153,-5.586282090236235,-5.091957738902167,NARROWER
691718L2024,691718,L,2024,"Crow-Armstrong, Pete",2024-07-29,59,114,6.508236080158699,4.3760794424271126,WIDER
691718L2026,691718,L,2026,"Crow-Armstrong, Pete",2026-06-10,66,155,-8.108415962641818,-10.87416817006783,NARROWER
691720R2026,691720,R,2026,"Karros, Kyle",2026-05-30,53,119,7.217789443018269,5.378017288072101,WIDER
694212L2026,694212,L,2026,"Basallo, Samuel",2026-05-05,27,110,7.429566524082606,8.81415561270223,WIDER
694374R2026,694374,R,2026,"Tawa, Tim",2026-06-22,24,88,-4.766384935602186,-6.277594786585361,NARROWER
694378L2026,694378,L,2026,"Gonzalez, Jacob",2026-06-24,18,75,4.990948917493277,5.084928400745632,WIDER
694384L2024,694384,L,2024,"Schanuel, Nolan",2024-09-09,125,140,-4.616643251660555,-3.9390376716453304,NARROWER
694384L2026,694384,L,2026,"Schanuel, Nolan",2026-04-20,20,106,4.09662293774069,6.031656424219705,WIDER
694671R2024,694671,R,2024,"Langford, Wyatt",2024-08-07,83,128,-4.17643991389199,-3.77190737493698,NARROWER
694671R2026,694671,R,2026,"Langford, Wyatt",2026-04-17,16,105,4.456179399364618,4.175173277292885,WIDER
694728R2026,694728,R,2026,"Matthews, Brice",2026-06-07,47,71,6.147096011044766,4.384734107820908,WIDER
695506L2025,695506,L,2025,"Caglianone, Jac",2025-09-03,40,60,-5.800242202693113,-7.305006409943665,NARROWER
695731L2026,695731,L,2026,"Montgomery, Braden",2026-06-28,15,83,-4.27576452841712,-5.274323676183862,NARROWER
696100R2024,696100,R,2024,"Goodman, Hunter",2024-06-10,19,68,4.769732069311154,3.690444914010527,WIDER
701358R2025,701358,R,2025,"Smith, Cam",2025-08-24,110,133,-8.31415514067266,-6.684670515499963,NARROWER
701358R2026,701358,R,2026,"Smith, Cam",2026-05-15,44,144,4.750818905409147,4.881229127403337,WIDER
701675L2026,701675,L,2026,"Church, Nathan",2026-06-19,51,125,-7.828536192470644,-6.188693260347087,NARROWER
701678R2026,701678,R,2026,"Lee, Hao-Yu",2026-08-17,73,103,-7.6397768330378,-10.008926386729598,NARROWER
701762L2026,701762,L,2026,"Kurtz, Nick",2026-06-15,64,93,5.171879660907148,4.774394266057232,WIDER
702222L2026,702222,L,2026,"Crawford, Justin",2026-06-14,62,135,4.617725992707108,3.9831324374439276,WIDER
702616L2024,702616,L,2024,"Holliday, Jackson",2024-08-06,15,60,6.970011459061112,8.581632788932094,WIDER
702616L2025,702616,L,2025,"Holliday, Jackson",2025-04-23,18,144,-4.447628707472468,-5.692720654164383,NARROWER
803011L2026,803011,L,2026,"Antonacci, Sam",2026-06-12,48,134,4.479484309407567,4.865762533269475,WIDER
804606R2026,804606,R,2026,"Griffin, Konnor",2026-05-29,48,74,-6.574291620866386,-6.8969191200811295,NARROWER
805249R2025,805249,R,2025,"Kemp, Otto",2025-09-08,46,62,-5.109569581939198,-4.906310916064804,NARROWER
805367R2026,805367,R,2026,"Meidroth, Chase",2026-07-17,93,151,-4.726663369414371,-8.110606148638023,NARROWER
805808L2026,805808,L,2026,"McGonigle, Kevin",2026-08-22,123,150,-4.827839561225733,-6.236678605066146,NARROWER
807713R2025,807713,R,2025,"Shaw, Matt",2025-06-20,43,121,6.4789984514940855,3.8785305372033427,WIDER
810938R2026,810938,R,2026,"Williamson, Ben",2026-07-07,60,81,6.870745503454042,5.285819261542326,WIDER
